<?xml version="1.0" encoding="UTF-8"?>
<nfeProc xmlns="http://www.portalfiscal.inf.br/nfe" versao="4.00">
    <NFe xmlns="http://www.portalfiscal.inf.br/nfe">
        <infNFe Id="NFe26533264665825015397648432144924868798180938" versao="4.00">
            <ide>
                <cUF>35</cUF>
                <cNF>21886489</cNF>
                <natOp>Venda de Mercadoria</natOp>
                <mod>55</mod>
                <serie>1</serie>
                <nNF>000479</nNF>
                <dhEmi>2025-10-31T13:11:06-03:00</dhEmi>
                <tpNF>1</tpNF>
                <idDest>1</idDest>
                <cMunFG>3550308</cMunFG>
                <tpImp>1</tpImp>
                <tpEmis>1</tpEmis>
                <cDV>3</cDV>
                <tpAmb>1</tpAmb>
                <finNFe>1</finNFe>
                <indFinal>1</indFinal>
                <indPres>1</indPres>
                <procEmi>0</procEmi>
                <verProc>NF-E SIMULADA</verProc>
            </ide>
            <emit>
                <CNPJ>84.721.639/0001-56</CNPJ>
                <xNome>AZEVEDO COSTA S/A</xNome>
            </emit>
            <dest>
                <CNPJ>80.749.652/0001-62</CNPJ>
                <xNome>VALENTIM PIRES</xNome>
            </dest>
            
    <det nItem="1">
        <prod>
            <cProd>1011155286500062</cProd>
            <xProd>PERFERENDIS</xProd>
            <NCM>01012100</NCM>
            <CFOP>5101</CFOP>
            <uCom>UN</uCom>
            <qCom>36.928</qCom>
            <vUnCom>902.71</vUnCom>
            <vProd>33335.27</vProd>
            <rastro>
                <nLote>8752215</nLote>
                <qLote>36.928</qLote>
                <dFab>2025-08-14</dFab>
                <dVal>2026-02-07</dVal>
            </rastro>
        </prod>
        <imposto>
            <ICMS>
                <ICMS00>
                    <orig>0</orig>
                    <CST>00</CST>
                    <pICMS>18.00</pICMS>
                    <vICMS>6000.35</vICMS>
                </ICMS00>
            </ICMS>
        </imposto>
    </det>
    
    <det nItem="2">
        <prod>
            <cProd>5310289091908327</cProd>
            <xProd>SOLUTA</xProd>
            <NCM>01012100</NCM>
            <CFOP>5101</CFOP>
            <uCom>UN</uCom>
            <qCom>6.97</qCom>
            <vUnCom>384.94</vUnCom>
            <vProd>2683.03</vProd>
            <rastro>
                <nLote>7202712</nLote>
                <qLote>6.97</qLote>
                <dFab>2025-10-07</dFab>
                <dVal>2026-09-11</dVal>
            </rastro>
        </prod>
        <imposto>
            <ICMS>
                <ICMS00>
                    <orig>0</orig>
                    <CST>00</CST>
                    <pICMS>18.00</pICMS>
                    <vICMS>482.95</vICMS>
                </ICMS00>
            </ICMS>
        </imposto>
    </det>
    
    <det nItem="3">
        <prod>
            <cProd>7333304646250911</cProd>
            <xProd>VITAE</xProd>
            <NCM>01012100</NCM>
            <CFOP>5101</CFOP>
            <uCom>UN</uCom>
            <qCom>10.253</qCom>
            <vUnCom>753.59</vUnCom>
            <vProd>7726.56</vProd>
            <rastro>
                <nLote>2293398</nLote>
                <qLote>10.253</qLote>
                <dFab>2025-08-06</dFab>
                <dVal>2026-07-12</dVal>
            </rastro>
        </prod>
        <imposto>
            <ICMS>
                <ICMS00>
                    <orig>0</orig>
                    <CST>00</CST>
                    <pICMS>18.00</pICMS>
                    <vICMS>1390.78</vICMS>
                </ICMS00>
            </ICMS>
        </imposto>
    </det>
    
    <det nItem="4">
        <prod>
            <cProd>7463956538414217</cProd>
            <xProd>EST</xProd>
            <NCM>01012100</NCM>
            <CFOP>5101</CFOP>
            <uCom>UN</uCom>
            <qCom>80.934</qCom>
            <vUnCom>147.65</vUnCom>
            <vProd>11949.91</vProd>
            <rastro>
                <nLote>7456918</nLote>
                <qLote>80.934</qLote>
                <dFab>2025-08-19</dFab>
                <dVal>2026-10-24</dVal>
            </rastro>
        </prod>
        <imposto>
            <ICMS>
                <ICMS00>
                    <orig>0</orig>
                    <CST>00</CST>
                    <pICMS>18.00</pICMS>
                    <vICMS>2150.98</vICMS>
                </ICMS00>
            </ICMS>
        </imposto>
    </det>
    
            <total>
                <ICMSTot>
                    <vProd>55694.77</vProd>
                    <vICMS>10025.06</vICMS>
                    <vNF>55694.77</vNF>
                </ICMSTot>
            </total>
        </infNFe>
    </NFe>
</nfeProc>
