<?xml version="1.0" encoding="UTF-8"?>
<nfeProc xmlns="http://www.portalfiscal.inf.br/nfe" versao="4.00">
    <NFe xmlns="http://www.portalfiscal.inf.br/nfe">
        <infNFe Id="NFe36995919968860095972970305118989395117097509" versao="4.00">
            <ide>
                <cUF>35</cUF>
                <cNF>18963266</cNF>
                <natOp>Compra de Mercadoria</natOp>
                <mod>55</mod>
                <serie>1</serie>
                <nNF>000167</nNF>
                <dhEmi>2025-10-31T13:11:06-03:00</dhEmi>
                <tpNF>0</tpNF>
                <idDest>1</idDest>
                <cMunFG>3550308</cMunFG>
                <tpImp>1</tpImp>
                <tpEmis>1</tpEmis>
                <cDV>0</cDV>
                <tpAmb>1</tpAmb>
                <finNFe>1</finNFe>
                <indFinal>1</indFinal>
                <indPres>1</indPres>
                <procEmi>0</procEmi>
                <verProc>NF-E SIMULADA</verProc>
            </ide>
            <emit>
                <CNPJ>37.541.286/0001-22</CNPJ>
                <xNome>PEREIRA</xNome>
            </emit>
            <dest>
                <CNPJ>07.983.215/0001-19</CNPJ>
                <xNome>CAMILA RIOS</xNome>
            </dest>
            
    <det nItem="1">
        <prod>
            <cProd>8028767006512860</cProd>
            <xProd>ILLUM</xProd>
            <NCM>01012100</NCM>
            <CFOP>5101</CFOP>
            <uCom>UN</uCom>
            <qCom>74.347</qCom>
            <vUnCom>780.67</vUnCom>
            <vProd>58040.47</vProd>
            <rastro>
                <nLote>9318833</nLote>
                <qLote>74.347</qLote>
                <dFab>2025-10-30</dFab>
                <dVal>2026-10-17</dVal>
            </rastro>
        </prod>
        <imposto>
            <ICMS>
                <ICMS00>
                    <orig>0</orig>
                    <CST>00</CST>
                    <pICMS>18.00</pICMS>
                    <vICMS>10447.28</vICMS>
                </ICMS00>
            </ICMS>
        </imposto>
    </det>
    
    <det nItem="2">
        <prod>
            <cProd>4631067217858926</cProd>
            <xProd>AMET</xProd>
            <NCM>01012100</NCM>
            <CFOP>5101</CFOP>
            <uCom>UN</uCom>
            <qCom>93.73</qCom>
            <vUnCom>256.1</vUnCom>
            <vProd>24004.25</vProd>
            <rastro>
                <nLote>4656992</nLote>
                <qLote>93.73</qLote>
                <dFab>2025-10-01</dFab>
                <dVal>2026-09-17</dVal>
            </rastro>
        </prod>
        <imposto>
            <ICMS>
                <ICMS00>
                    <orig>0</orig>
                    <CST>00</CST>
                    <pICMS>18.00</pICMS>
                    <vICMS>4320.76</vICMS>
                </ICMS00>
            </ICMS>
        </imposto>
    </det>
    
    <det nItem="3">
        <prod>
            <cProd>7499158968755736</cProd>
            <xProd>EAQUE</xProd>
            <NCM>01012100</NCM>
            <CFOP>5101</CFOP>
            <uCom>UN</uCom>
            <qCom>44.933</qCom>
            <vUnCom>708.02</vUnCom>
            <vProd>31813.46</vProd>
            <rastro>
                <nLote>1476343</nLote>
                <qLote>44.933</qLote>
                <dFab>2025-08-09</dFab>
                <dVal>2026-07-16</dVal>
            </rastro>
        </prod>
        <imposto>
            <ICMS>
                <ICMS00>
                    <orig>0</orig>
                    <CST>00</CST>
                    <pICMS>18.00</pICMS>
                    <vICMS>5726.42</vICMS>
                </ICMS00>
            </ICMS>
        </imposto>
    </det>
    
            <total>
                <ICMSTot>
                    <vProd>113858.18</vProd>
                    <vICMS>20494.47</vICMS>
                    <vNF>113858.18</vNF>
                </ICMSTot>
            </total>
        </infNFe>
    </NFe>
</nfeProc>
