<?xml version="1.0" encoding="UTF-8"?>
<nfeProc xmlns="http://www.portalfiscal.inf.br/nfe" versao="4.00">
    <NFe xmlns="http://www.portalfiscal.inf.br/nfe">
        <infNFe Id="NFe66538778739603077161090658677643783892108395" versao="4.00">
            <ide>
                <cUF>35</cUF>
                <cNF>25617386</cNF>
                <natOp>Compra de Mercadoria</natOp>
                <mod>55</mod>
                <serie>1</serie>
                <nNF>000440</nNF>
                <dhEmi>2025-10-31T13:11:06-03:00</dhEmi>
                <tpNF>0</tpNF>
                <idDest>1</idDest>
                <cMunFG>3550308</cMunFG>
                <tpImp>1</tpImp>
                <tpEmis>1</tpEmis>
                <cDV>9</cDV>
                <tpAmb>1</tpAmb>
                <finNFe>1</finNFe>
                <indFinal>1</indFinal>
                <indPres>1</indPres>
                <procEmi>0</procEmi>
                <verProc>NF-E SIMULADA</verProc>
            </ide>
            <emit>
                <CNPJ>70.128.645/0001-90</CNPJ>
                <xNome>CIRINO S.A.</xNome>
            </emit>
            <dest>
                <CNPJ>78.390.651/0001-22</CNPJ>
                <xNome>ZOE LIMA</xNome>
            </dest>
            
    <det nItem="1">
        <prod>
            <cProd>3366319580901950</cProd>
            <xProd>DELENITI</xProd>
            <NCM>01012100</NCM>
            <CFOP>5101</CFOP>
            <uCom>UN</uCom>
            <qCom>13.97</qCom>
            <vUnCom>347.16</vUnCom>
            <vProd>4849.83</vProd>
            <rastro>
                <nLote>9195678</nLote>
                <qLote>13.97</qLote>
                <dFab>2025-08-09</dFab>
                <dVal>2026-07-14</dVal>
            </rastro>
        </prod>
        <imposto>
            <ICMS>
                <ICMS00>
                    <orig>0</orig>
                    <CST>00</CST>
                    <pICMS>18.00</pICMS>
                    <vICMS>872.97</vICMS>
                </ICMS00>
            </ICMS>
        </imposto>
    </det>
    
            <total>
                <ICMSTot>
                    <vProd>4849.83</vProd>
                    <vICMS>872.97</vICMS>
                    <vNF>4849.83</vNF>
                </ICMSTot>
            </total>
        </infNFe>
    </NFe>
</nfeProc>
