<?xml version="1.0" encoding="UTF-8"?>
<nfeProc xmlns="http://www.portalfiscal.inf.br/nfe" versao="4.00">
    <NFe xmlns="http://www.portalfiscal.inf.br/nfe">
        <infNFe Id="NFe11349509142978467438432266736601775885396862" versao="4.00">
            <ide>
                <cUF>35</cUF>
                <cNF>17990113</cNF>
                <natOp>Compra de Mercadoria</natOp>
                <mod>55</mod>
                <serie>1</serie>
                <nNF>000046</nNF>
                <dhEmi>2025-10-31T13:11:06-03:00</dhEmi>
                <tpNF>0</tpNF>
                <idDest>1</idDest>
                <cMunFG>3550308</cMunFG>
                <tpImp>1</tpImp>
                <tpEmis>1</tpEmis>
                <cDV>8</cDV>
                <tpAmb>1</tpAmb>
                <finNFe>1</finNFe>
                <indFinal>1</indFinal>
                <indPres>1</indPres>
                <procEmi>0</procEmi>
                <verProc>NF-E SIMULADA</verProc>
            </ide>
            <emit>
                <CNPJ>79.683.210/0001-81</CNPJ>
                <xNome>CARDOSO</xNome>
            </emit>
            <dest>
                <CNPJ>70.913.654/0001-91</CNPJ>
                <xNome>THIAGO SANTOS</xNome>
            </dest>
            
    <det nItem="1">
        <prod>
            <cProd>1324811219956894</cProd>
            <xProd>PERFERENDIS</xProd>
            <NCM>01012100</NCM>
            <CFOP>5101</CFOP>
            <uCom>UN</uCom>
            <qCom>17.116</qCom>
            <vUnCom>483.89</vUnCom>
            <vProd>8282.26</vProd>
            <rastro>
                <nLote>6291886</nLote>
                <qLote>17.116</qLote>
                <dFab>2025-07-25</dFab>
                <dVal>2026-06-01</dVal>
            </rastro>
        </prod>
        <imposto>
            <ICMS>
                <ICMS00>
                    <orig>0</orig>
                    <CST>00</CST>
                    <pICMS>18.00</pICMS>
                    <vICMS>1490.81</vICMS>
                </ICMS00>
            </ICMS>
        </imposto>
    </det>
    
    <det nItem="2">
        <prod>
            <cProd>1769258340992539</cProd>
            <xProd>VERO</xProd>
            <NCM>01012100</NCM>
            <CFOP>5101</CFOP>
            <uCom>UN</uCom>
            <qCom>85.749</qCom>
            <vUnCom>295.51</vUnCom>
            <vProd>25339.69</vProd>
            <rastro>
                <nLote>3060467</nLote>
                <qLote>85.749</qLote>
                <dFab>2025-07-27</dFab>
                <dVal>2025-12-15</dVal>
            </rastro>
        </prod>
        <imposto>
            <ICMS>
                <ICMS00>
                    <orig>0</orig>
                    <CST>00</CST>
                    <pICMS>18.00</pICMS>
                    <vICMS>4561.14</vICMS>
                </ICMS00>
            </ICMS>
        </imposto>
    </det>
    
            <total>
                <ICMSTot>
                    <vProd>33621.95</vProd>
                    <vICMS>6051.95</vICMS>
                    <vNF>33621.95</vNF>
                </ICMSTot>
            </total>
        </infNFe>
    </NFe>
</nfeProc>
