<?xml version="1.0" encoding="UTF-8"?>
<nfeProc xmlns="http://www.portalfiscal.inf.br/nfe" versao="4.00">
    <NFe xmlns="http://www.portalfiscal.inf.br/nfe">
        <infNFe Id="NFe16852271228834883055145285537430510348005459" versao="4.00">
            <ide>
                <cUF>35</cUF>
                <cNF>57330360</cNF>
                <natOp>Compra de Mercadoria</natOp>
                <mod>55</mod>
                <serie>1</serie>
                <nNF>000198</nNF>
                <dhEmi>2025-10-31T13:11:06-03:00</dhEmi>
                <tpNF>0</tpNF>
                <idDest>1</idDest>
                <cMunFG>3550308</cMunFG>
                <tpImp>1</tpImp>
                <tpEmis>1</tpEmis>
                <cDV>7</cDV>
                <tpAmb>1</tpAmb>
                <finNFe>1</finNFe>
                <indFinal>1</indFinal>
                <indPres>1</indPres>
                <procEmi>0</procEmi>
                <verProc>NF-E SIMULADA</verProc>
            </ide>
            <emit>
                <CNPJ>80.265.374/0001-78</CNPJ>
                <xNome>CUNHA</xNome>
            </emit>
            <dest>
                <CNPJ>29.456.138/0001-81</CNPJ>
                <xNome>ENZO GABRIEL COSTELA</xNome>
            </dest>
            
    <det nItem="1">
        <prod>
            <cProd>1633726455468189</cProd>
            <xProd>IURE</xProd>
            <NCM>01012100</NCM>
            <CFOP>5101</CFOP>
            <uCom>UN</uCom>
            <qCom>74.038</qCom>
            <vUnCom>375.0</vUnCom>
            <vProd>27764.25</vProd>
            <rastro>
                <nLote>2893120</nLote>
                <qLote>74.038</qLote>
                <dFab>2025-10-18</dFab>
                <dVal>2026-06-22</dVal>
            </rastro>
        </prod>
        <imposto>
            <ICMS>
                <ICMS00>
                    <orig>0</orig>
                    <CST>00</CST>
                    <pICMS>18.00</pICMS>
                    <vICMS>4997.56</vICMS>
                </ICMS00>
            </ICMS>
        </imposto>
    </det>
    
            <total>
                <ICMSTot>
                    <vProd>27764.25</vProd>
                    <vICMS>4997.56</vICMS>
                    <vNF>27764.25</vNF>
                </ICMSTot>
            </total>
        </infNFe>
    </NFe>
</nfeProc>
