<?xml version="1.0" encoding="UTF-8"?>
<nfeProc xmlns="http://www.portalfiscal.inf.br/nfe" versao="4.00">
    <NFe xmlns="http://www.portalfiscal.inf.br/nfe">
        <infNFe Id="NFe58953735256579979944628871399577751947428792" versao="4.00">
            <ide>
                <cUF>35</cUF>
                <cNF>32097434</cNF>
                <natOp>Venda de Mercadoria</natOp>
                <mod>55</mod>
                <serie>1</serie>
                <nNF>000241</nNF>
                <dhEmi>2025-10-31T13:11:06-03:00</dhEmi>
                <tpNF>1</tpNF>
                <idDest>1</idDest>
                <cMunFG>3550308</cMunFG>
                <tpImp>1</tpImp>
                <tpEmis>1</tpEmis>
                <cDV>9</cDV>
                <tpAmb>1</tpAmb>
                <finNFe>1</finNFe>
                <indFinal>1</indFinal>
                <indPres>1</indPres>
                <procEmi>0</procEmi>
                <verProc>NF-E SIMULADA</verProc>
            </ide>
            <emit>
                <CNPJ>93.728.645/0001-26</CNPJ>
                <xNome>CAMARGO</xNome>
            </emit>
            <dest>
                <CNPJ>07.216.953/0001-30</CNPJ>
                <xNome>MARIA LUIZA PASTOR</xNome>
            </dest>
            
    <det nItem="1">
        <prod>
            <cProd>5289999178299245</cProd>
            <xProd>SOLUTA</xProd>
            <NCM>01012100</NCM>
            <CFOP>5101</CFOP>
            <uCom>UN</uCom>
            <qCom>50.139</qCom>
            <vUnCom>660.65</vUnCom>
            <vProd>33124.33</vProd>
            <rastro>
                <nLote>5199343</nLote>
                <qLote>50.139</qLote>
                <dFab>2025-10-22</dFab>
                <dVal>2026-10-21</dVal>
            </rastro>
        </prod>
        <imposto>
            <ICMS>
                <ICMS00>
                    <orig>0</orig>
                    <CST>00</CST>
                    <pICMS>18.00</pICMS>
                    <vICMS>5962.38</vICMS>
                </ICMS00>
            </ICMS>
        </imposto>
    </det>
    
    <det nItem="2">
        <prod>
            <cProd>8484226859510789</cProd>
            <xProd>MINUS</xProd>
            <NCM>01012100</NCM>
            <CFOP>5101</CFOP>
            <uCom>UN</uCom>
            <qCom>6.163</qCom>
            <vUnCom>89.08</vUnCom>
            <vProd>549.0</vProd>
            <rastro>
                <nLote>9888519</nLote>
                <qLote>6.163</qLote>
                <dFab>2025-09-02</dFab>
                <dVal>2025-12-24</dVal>
            </rastro>
        </prod>
        <imposto>
            <ICMS>
                <ICMS00>
                    <orig>0</orig>
                    <CST>00</CST>
                    <pICMS>18.00</pICMS>
                    <vICMS>98.82</vICMS>
                </ICMS00>
            </ICMS>
        </imposto>
    </det>
    
    <det nItem="3">
        <prod>
            <cProd>4290483572192485</cProd>
            <xProd>HARUM</xProd>
            <NCM>01012100</NCM>
            <CFOP>5101</CFOP>
            <uCom>UN</uCom>
            <qCom>22.808</qCom>
            <vUnCom>29.25</vUnCom>
            <vProd>667.13</vProd>
            <rastro>
                <nLote>7955061</nLote>
                <qLote>22.808</qLote>
                <dFab>2025-09-09</dFab>
                <dVal>2026-08-17</dVal>
            </rastro>
        </prod>
        <imposto>
            <ICMS>
                <ICMS00>
                    <orig>0</orig>
                    <CST>00</CST>
                    <pICMS>18.00</pICMS>
                    <vICMS>120.08</vICMS>
                </ICMS00>
            </ICMS>
        </imposto>
    </det>
    
            <total>
                <ICMSTot>
                    <vProd>34340.46</vProd>
                    <vICMS>6181.28</vICMS>
                    <vNF>34340.46</vNF>
                </ICMSTot>
            </total>
        </infNFe>
    </NFe>
</nfeProc>
