<?xml version="1.0" encoding="UTF-8"?>
<nfeProc xmlns="http://www.portalfiscal.inf.br/nfe" versao="4.00">
    <NFe xmlns="http://www.portalfiscal.inf.br/nfe">
        <infNFe Id="NFe92084108439295306580676666817013331567510158" versao="4.00">
            <ide>
                <cUF>35</cUF>
                <cNF>69901044</cNF>
                <natOp>Venda de Mercadoria</natOp>
                <mod>55</mod>
                <serie>1</serie>
                <nNF>000397</nNF>
                <dhEmi>2025-10-31T13:11:06-03:00</dhEmi>
                <tpNF>1</tpNF>
                <idDest>1</idDest>
                <cMunFG>3550308</cMunFG>
                <tpImp>1</tpImp>
                <tpEmis>1</tpEmis>
                <cDV>8</cDV>
                <tpAmb>1</tpAmb>
                <finNFe>1</finNFe>
                <indFinal>1</indFinal>
                <indPres>1</indPres>
                <procEmi>0</procEmi>
                <verProc>NF-E SIMULADA</verProc>
            </ide>
            <emit>
                <CNPJ>84.725.961/0001-53</CNPJ>
                <xNome>DA CONCEIÇÃO</xNome>
            </emit>
            <dest>
                <CNPJ>57.238.140/0001-10</CNPJ>
                <xNome>LEANDRO COSTELA</xNome>
            </dest>
            
    <det nItem="1">
        <prod>
            <cProd>9924132500736143</cProd>
            <xProd>MINIMA</xProd>
            <NCM>01012100</NCM>
            <CFOP>5101</CFOP>
            <uCom>UN</uCom>
            <qCom>10.063</qCom>
            <vUnCom>303.98</vUnCom>
            <vProd>3058.95</vProd>
            <rastro>
                <nLote>9334674</nLote>
                <qLote>10.063</qLote>
                <dFab>2025-10-29</dFab>
                <dVal>2026-08-09</dVal>
            </rastro>
        </prod>
        <imposto>
            <ICMS>
                <ICMS00>
                    <orig>0</orig>
                    <CST>00</CST>
                    <pICMS>18.00</pICMS>
                    <vICMS>550.61</vICMS>
                </ICMS00>
            </ICMS>
        </imposto>
    </det>
    
            <total>
                <ICMSTot>
                    <vProd>3058.95</vProd>
                    <vICMS>550.61</vICMS>
                    <vNF>3058.95</vNF>
                </ICMSTot>
            </total>
        </infNFe>
    </NFe>
</nfeProc>
