<?xml version="1.0" encoding="UTF-8"?>
<nfeProc xmlns="http://www.portalfiscal.inf.br/nfe" versao="4.00">
    <NFe xmlns="http://www.portalfiscal.inf.br/nfe">
        <infNFe Id="NFe82176321657922948285706093007521018544033805" versao="4.00">
            <ide>
                <cUF>35</cUF>
                <cNF>71284447</cNF>
                <natOp>Venda de Mercadoria</natOp>
                <mod>55</mod>
                <serie>1</serie>
                <nNF>000308</nNF>
                <dhEmi>2025-10-31T13:11:06-03:00</dhEmi>
                <tpNF>1</tpNF>
                <idDest>1</idDest>
                <cMunFG>3550308</cMunFG>
                <tpImp>1</tpImp>
                <tpEmis>1</tpEmis>
                <cDV>2</cDV>
                <tpAmb>1</tpAmb>
                <finNFe>1</finNFe>
                <indFinal>1</indFinal>
                <indPres>1</indPres>
                <procEmi>0</procEmi>
                <verProc>NF-E SIMULADA</verProc>
            </ide>
            <emit>
                <CNPJ>76.420.581/0001-82</CNPJ>
                <xNome>MONTEIRO</xNome>
            </emit>
            <dest>
                <CNPJ>73.104.698/0001-69</CNPJ>
                <xNome>DR. SAMUEL NOGUEIRA</xNome>
            </dest>
            
    <det nItem="1">
        <prod>
            <cProd>7221993395564535</cProd>
            <xProd>SUNT</xProd>
            <NCM>01012100</NCM>
            <CFOP>5101</CFOP>
            <uCom>UN</uCom>
            <qCom>60.459</qCom>
            <vUnCom>859.09</vUnCom>
            <vProd>51939.72</vProd>
            <rastro>
                <nLote>3300310</nLote>
                <qLote>60.459</qLote>
                <dFab>2025-10-01</dFab>
                <dVal>2026-04-20</dVal>
            </rastro>
        </prod>
        <imposto>
            <ICMS>
                <ICMS00>
                    <orig>0</orig>
                    <CST>00</CST>
                    <pICMS>18.00</pICMS>
                    <vICMS>9349.15</vICMS>
                </ICMS00>
            </ICMS>
        </imposto>
    </det>
    
    <det nItem="2">
        <prod>
            <cProd>4577152941659142</cProd>
            <xProd>TOTAM</xProd>
            <NCM>01012100</NCM>
            <CFOP>5101</CFOP>
            <uCom>UN</uCom>
            <qCom>56.527</qCom>
            <vUnCom>198.94</vUnCom>
            <vProd>11245.48</vProd>
            <rastro>
                <nLote>2600487</nLote>
                <qLote>56.527</qLote>
                <dFab>2025-10-01</dFab>
                <dVal>2026-07-23</dVal>
            </rastro>
        </prod>
        <imposto>
            <ICMS>
                <ICMS00>
                    <orig>0</orig>
                    <CST>00</CST>
                    <pICMS>18.00</pICMS>
                    <vICMS>2024.19</vICMS>
                </ICMS00>
            </ICMS>
        </imposto>
    </det>
    
    <det nItem="3">
        <prod>
            <cProd>4479118565441356</cProd>
            <xProd>FACILIS</xProd>
            <NCM>01012100</NCM>
            <CFOP>5101</CFOP>
            <uCom>UN</uCom>
            <qCom>34.633</qCom>
            <vUnCom>316.98</vUnCom>
            <vProd>10977.97</vProd>
            <rastro>
                <nLote>1681248</nLote>
                <qLote>34.633</qLote>
                <dFab>2025-08-18</dFab>
                <dVal>2026-08-09</dVal>
            </rastro>
        </prod>
        <imposto>
            <ICMS>
                <ICMS00>
                    <orig>0</orig>
                    <CST>00</CST>
                    <pICMS>18.00</pICMS>
                    <vICMS>1976.03</vICMS>
                </ICMS00>
            </ICMS>
        </imposto>
    </det>
    
    <det nItem="4">
        <prod>
            <cProd>6700028356887510</cProd>
            <xProd>DEBITIS</xProd>
            <NCM>01012100</NCM>
            <CFOP>5101</CFOP>
            <uCom>UN</uCom>
            <qCom>94.613</qCom>
            <vUnCom>816.96</vUnCom>
            <vProd>77295.04</vProd>
            <rastro>
                <nLote>4291096</nLote>
                <qLote>94.613</qLote>
                <dFab>2025-10-04</dFab>
                <dVal>2026-09-10</dVal>
            </rastro>
        </prod>
        <imposto>
            <ICMS>
                <ICMS00>
                    <orig>0</orig>
                    <CST>00</CST>
                    <pICMS>18.00</pICMS>
                    <vICMS>13913.11</vICMS>
                </ICMS00>
            </ICMS>
        </imposto>
    </det>
    
            <total>
                <ICMSTot>
                    <vProd>151458.21</vProd>
                    <vICMS>27262.48</vICMS>
                    <vNF>151458.21</vNF>
                </ICMSTot>
            </total>
        </infNFe>
    </NFe>
</nfeProc>
