<?xml version="1.0" encoding="UTF-8"?>
<nfeProc xmlns="http://www.portalfiscal.inf.br/nfe" versao="4.00">
    <NFe xmlns="http://www.portalfiscal.inf.br/nfe">
        <infNFe Id="NFe23510932075172296769920789092166141091418202" versao="4.00">
            <ide>
                <cUF>35</cUF>
                <cNF>79486681</cNF>
                <natOp>Compra de Mercadoria</natOp>
                <mod>55</mod>
                <serie>1</serie>
                <nNF>000292</nNF>
                <dhEmi>2025-10-31T13:11:06-03:00</dhEmi>
                <tpNF>0</tpNF>
                <idDest>1</idDest>
                <cMunFG>3550308</cMunFG>
                <tpImp>1</tpImp>
                <tpEmis>1</tpEmis>
                <cDV>2</cDV>
                <tpAmb>1</tpAmb>
                <finNFe>1</finNFe>
                <indFinal>1</indFinal>
                <indPres>1</indPres>
                <procEmi>0</procEmi>
                <verProc>NF-E SIMULADA</verProc>
            </ide>
            <emit>
                <CNPJ>95.870.413/0001-33</CNPJ>
                <xNome>MACHADO</xNome>
            </emit>
            <dest>
                <CNPJ>12.496.753/0001-19</CNPJ>
                <xNome>ISABEL SOUSA</xNome>
            </dest>
            
    <det nItem="1">
        <prod>
            <cProd>7598035466659048</cProd>
            <xProd>QUISQUAM</xProd>
            <NCM>01012100</NCM>
            <CFOP>5101</CFOP>
            <uCom>UN</uCom>
            <qCom>60.608</qCom>
            <vUnCom>320.72</vUnCom>
            <vProd>19438.2</vProd>
            <rastro>
                <nLote>9451311</nLote>
                <qLote>60.608</qLote>
                <dFab>2025-07-29</dFab>
                <dVal>2026-07-06</dVal>
            </rastro>
        </prod>
        <imposto>
            <ICMS>
                <ICMS00>
                    <orig>0</orig>
                    <CST>00</CST>
                    <pICMS>18.00</pICMS>
                    <vICMS>3498.88</vICMS>
                </ICMS00>
            </ICMS>
        </imposto>
    </det>
    
            <total>
                <ICMSTot>
                    <vProd>19438.2</vProd>
                    <vICMS>3498.88</vICMS>
                    <vNF>19438.2</vNF>
                </ICMSTot>
            </total>
        </infNFe>
    </NFe>
</nfeProc>
