<?xml version="1.0" encoding="UTF-8"?>
<nfeProc xmlns="http://www.portalfiscal.inf.br/nfe" versao="4.00">
    <NFe xmlns="http://www.portalfiscal.inf.br/nfe">
        <infNFe Id="NFe88198233762058271506763169015991393861391321" versao="4.00">
            <ide>
                <cUF>35</cUF>
                <cNF>58492236</cNF>
                <natOp>Compra de Mercadoria</natOp>
                <mod>55</mod>
                <serie>1</serie>
                <nNF>000310</nNF>
                <dhEmi>2025-10-31T13:11:06-03:00</dhEmi>
                <tpNF>0</tpNF>
                <idDest>1</idDest>
                <cMunFG>3550308</cMunFG>
                <tpImp>1</tpImp>
                <tpEmis>1</tpEmis>
                <cDV>9</cDV>
                <tpAmb>1</tpAmb>
                <finNFe>1</finNFe>
                <indFinal>1</indFinal>
                <indPres>1</indPres>
                <procEmi>0</procEmi>
                <verProc>NF-E SIMULADA</verProc>
            </ide>
            <emit>
                <CNPJ>49.287.150/0001-17</CNPJ>
                <xNome>CARDOSO</xNome>
            </emit>
            <dest>
                <CNPJ>51.879.426/0001-06</CNPJ>
                <xNome>MARIAH DA CONCEIÇÃO</xNome>
            </dest>
            
    <det nItem="1">
        <prod>
            <cProd>7165382828790117</cProd>
            <xProd>QUOS</xProd>
            <NCM>01012100</NCM>
            <CFOP>5101</CFOP>
            <uCom>UN</uCom>
            <qCom>65.154</qCom>
            <vUnCom>864.59</vUnCom>
            <vProd>56331.5</vProd>
            <rastro>
                <nLote>3746809</nLote>
                <qLote>65.154</qLote>
                <dFab>2025-08-03</dFab>
                <dVal>2026-07-22</dVal>
            </rastro>
        </prod>
        <imposto>
            <ICMS>
                <ICMS00>
                    <orig>0</orig>
                    <CST>00</CST>
                    <pICMS>18.00</pICMS>
                    <vICMS>10139.67</vICMS>
                </ICMS00>
            </ICMS>
        </imposto>
    </det>
    
    <det nItem="2">
        <prod>
            <cProd>7297819842712297</cProd>
            <xProd>NOBIS</xProd>
            <NCM>01012100</NCM>
            <CFOP>5101</CFOP>
            <uCom>UN</uCom>
            <qCom>44.365</qCom>
            <vUnCom>859.69</vUnCom>
            <vProd>38140.15</vProd>
            <rastro>
                <nLote>1245356</nLote>
                <qLote>44.365</qLote>
                <dFab>2025-10-28</dFab>
                <dVal>2026-05-28</dVal>
            </rastro>
        </prod>
        <imposto>
            <ICMS>
                <ICMS00>
                    <orig>0</orig>
                    <CST>00</CST>
                    <pICMS>18.00</pICMS>
                    <vICMS>6865.23</vICMS>
                </ICMS00>
            </ICMS>
        </imposto>
    </det>
    
            <total>
                <ICMSTot>
                    <vProd>94471.65</vProd>
                    <vICMS>17004.9</vICMS>
                    <vNF>94471.65</vNF>
                </ICMSTot>
            </total>
        </infNFe>
    </NFe>
</nfeProc>
