<?xml version="1.0" encoding="UTF-8"?>
<nfeProc xmlns="http://www.portalfiscal.inf.br/nfe" versao="4.00">
    <NFe xmlns="http://www.portalfiscal.inf.br/nfe">
        <infNFe Id="NFe63537315477429954534080350947778636805917399" versao="4.00">
            <ide>
                <cUF>35</cUF>
                <cNF>45603315</cNF>
                <natOp>Venda de Mercadoria</natOp>
                <mod>55</mod>
                <serie>1</serie>
                <nNF>000389</nNF>
                <dhEmi>2025-10-31T13:11:06-03:00</dhEmi>
                <tpNF>1</tpNF>
                <idDest>1</idDest>
                <cMunFG>3550308</cMunFG>
                <tpImp>1</tpImp>
                <tpEmis>1</tpEmis>
                <cDV>8</cDV>
                <tpAmb>1</tpAmb>
                <finNFe>1</finNFe>
                <indFinal>1</indFinal>
                <indPres>1</indPres>
                <procEmi>0</procEmi>
                <verProc>NF-E SIMULADA</verProc>
            </ide>
            <emit>
                <CNPJ>56.917.430/0001-27</CNPJ>
                <xNome>BARBOSA E FILHOS</xNome>
            </emit>
            <dest>
                <CNPJ>59.361.870/0001-39</CNPJ>
                <xNome>MARIA FLOR LOPES</xNome>
            </dest>
            
    <det nItem="1">
        <prod>
            <cProd>4249099996495672</cProd>
            <xProd>FUGA</xProd>
            <NCM>01012100</NCM>
            <CFOP>5101</CFOP>
            <uCom>UN</uCom>
            <qCom>95.097</qCom>
            <vUnCom>56.33</vUnCom>
            <vProd>5356.81</vProd>
            <rastro>
                <nLote>3620321</nLote>
                <qLote>95.097</qLote>
                <dFab>2025-08-20</dFab>
                <dVal>2026-10-25</dVal>
            </rastro>
        </prod>
        <imposto>
            <ICMS>
                <ICMS00>
                    <orig>0</orig>
                    <CST>00</CST>
                    <pICMS>18.00</pICMS>
                    <vICMS>964.23</vICMS>
                </ICMS00>
            </ICMS>
        </imposto>
    </det>
    
            <total>
                <ICMSTot>
                    <vProd>5356.81</vProd>
                    <vICMS>964.23</vICMS>
                    <vNF>5356.81</vNF>
                </ICMSTot>
            </total>
        </infNFe>
    </NFe>
</nfeProc>
