<?xml version="1.0" encoding="UTF-8"?>
<nfeProc xmlns="http://www.portalfiscal.inf.br/nfe" versao="4.00">
    <NFe xmlns="http://www.portalfiscal.inf.br/nfe">
        <infNFe Id="NFe56084121097538142663963363991518036979127800" versao="4.00">
            <ide>
                <cUF>35</cUF>
                <cNF>34743762</cNF>
                <natOp>Compra de Mercadoria</natOp>
                <mod>55</mod>
                <serie>1</serie>
                <nNF>000204</nNF>
                <dhEmi>2025-10-31T13:11:06-03:00</dhEmi>
                <tpNF>0</tpNF>
                <idDest>1</idDest>
                <cMunFG>3550308</cMunFG>
                <tpImp>1</tpImp>
                <tpEmis>1</tpEmis>
                <cDV>2</cDV>
                <tpAmb>1</tpAmb>
                <finNFe>1</finNFe>
                <indFinal>1</indFinal>
                <indPres>1</indPres>
                <procEmi>0</procEmi>
                <verProc>NF-E SIMULADA</verProc>
            </ide>
            <emit>
                <CNPJ>47.189.065/0001-90</CNPJ>
                <xNome>MENDONÇA</xNome>
            </emit>
            <dest>
                <CNPJ>61.487.302/0001-20</CNPJ>
                <xNome>RAEL CORREIA</xNome>
            </dest>
            
    <det nItem="1">
        <prod>
            <cProd>3902837629936502</cProd>
            <xProd>CONSEQUUNTUR</xProd>
            <NCM>01012100</NCM>
            <CFOP>5101</CFOP>
            <uCom>UN</uCom>
            <qCom>43.715</qCom>
            <vUnCom>969.0</vUnCom>
            <vProd>42359.84</vProd>
            <rastro>
                <nLote>3228189</nLote>
                <qLote>43.715</qLote>
                <dFab>2025-10-01</dFab>
                <dVal>2026-06-28</dVal>
            </rastro>
        </prod>
        <imposto>
            <ICMS>
                <ICMS00>
                    <orig>0</orig>
                    <CST>00</CST>
                    <pICMS>18.00</pICMS>
                    <vICMS>7624.77</vICMS>
                </ICMS00>
            </ICMS>
        </imposto>
    </det>
    
            <total>
                <ICMSTot>
                    <vProd>42359.84</vProd>
                    <vICMS>7624.77</vICMS>
                    <vNF>42359.84</vNF>
                </ICMSTot>
            </total>
        </infNFe>
    </NFe>
</nfeProc>
