<?xml version="1.0" encoding="UTF-8"?>
<nfeProc xmlns="http://www.portalfiscal.inf.br/nfe" versao="4.00">
    <NFe xmlns="http://www.portalfiscal.inf.br/nfe">
        <infNFe Id="NFe91788463825216288311169174899953722094462046" versao="4.00">
            <ide>
                <cUF>35</cUF>
                <cNF>33091591</cNF>
                <natOp>Compra de Mercadoria</natOp>
                <mod>55</mod>
                <serie>1</serie>
                <nNF>000335</nNF>
                <dhEmi>2025-10-31T13:11:06-03:00</dhEmi>
                <tpNF>0</tpNF>
                <idDest>1</idDest>
                <cMunFG>3550308</cMunFG>
                <tpImp>1</tpImp>
                <tpEmis>1</tpEmis>
                <cDV>5</cDV>
                <tpAmb>1</tpAmb>
                <finNFe>1</finNFe>
                <indFinal>1</indFinal>
                <indPres>1</indPres>
                <procEmi>0</procEmi>
                <verProc>NF-E SIMULADA</verProc>
            </ide>
            <emit>
                <CNPJ>63.149.705/0001-95</CNPJ>
                <xNome>FERREIRA</xNome>
            </emit>
            <dest>
                <CNPJ>03.258.914/0001-45</CNPJ>
                <xNome>CECILIA DA MOTA</xNome>
            </dest>
            
    <det nItem="1">
        <prod>
            <cProd>3918723775988222</cProd>
            <xProd>NOSTRUM</xProd>
            <NCM>01012100</NCM>
            <CFOP>5101</CFOP>
            <uCom>UN</uCom>
            <qCom>11.159</qCom>
            <vUnCom>704.66</vUnCom>
            <vProd>7863.3</vProd>
            <rastro>
                <nLote>3425453</nLote>
                <qLote>11.159</qLote>
                <dFab>2025-09-02</dFab>
                <dVal>2025-11-30</dVal>
            </rastro>
        </prod>
        <imposto>
            <ICMS>
                <ICMS00>
                    <orig>0</orig>
                    <CST>00</CST>
                    <pICMS>18.00</pICMS>
                    <vICMS>1415.39</vICMS>
                </ICMS00>
            </ICMS>
        </imposto>
    </det>
    
            <total>
                <ICMSTot>
                    <vProd>7863.3</vProd>
                    <vICMS>1415.39</vICMS>
                    <vNF>7863.3</vNF>
                </ICMSTot>
            </total>
        </infNFe>
    </NFe>
</nfeProc>
