<?xml version="1.0" encoding="UTF-8"?>
<nfeProc xmlns="http://www.portalfiscal.inf.br/nfe" versao="4.00">
    <NFe xmlns="http://www.portalfiscal.inf.br/nfe">
        <infNFe Id="NFe85030554441852809638462652823006426967307277" versao="4.00">
            <ide>
                <cUF>35</cUF>
                <cNF>26392397</cNF>
                <natOp>Venda de Mercadoria</natOp>
                <mod>55</mod>
                <serie>1</serie>
                <nNF>000336</nNF>
                <dhEmi>2025-10-31T13:11:06-03:00</dhEmi>
                <tpNF>1</tpNF>
                <idDest>1</idDest>
                <cMunFG>3550308</cMunFG>
                <tpImp>1</tpImp>
                <tpEmis>1</tpEmis>
                <cDV>7</cDV>
                <tpAmb>1</tpAmb>
                <finNFe>1</finNFe>
                <indFinal>1</indFinal>
                <indPres>1</indPres>
                <procEmi>0</procEmi>
                <verProc>NF-E SIMULADA</verProc>
            </ide>
            <emit>
                <CNPJ>75.260.349/0001-61</CNPJ>
                <xNome>MENDES</xNome>
            </emit>
            <dest>
                <CNPJ>47.508.392/0001-68</CNPJ>
                <xNome>EMANUEL PASTOR</xNome>
            </dest>
            
    <det nItem="1">
        <prod>
            <cProd>8687945810964261</cProd>
            <xProd>NUMQUAM</xProd>
            <NCM>01012100</NCM>
            <CFOP>5101</CFOP>
            <uCom>UN</uCom>
            <qCom>72.846</qCom>
            <vUnCom>387.89</vUnCom>
            <vProd>28256.23</vProd>
            <rastro>
                <nLote>3206038</nLote>
                <qLote>72.846</qLote>
                <dFab>2025-09-06</dFab>
                <dVal>2026-09-13</dVal>
            </rastro>
        </prod>
        <imposto>
            <ICMS>
                <ICMS00>
                    <orig>0</orig>
                    <CST>00</CST>
                    <pICMS>18.00</pICMS>
                    <vICMS>5086.12</vICMS>
                </ICMS00>
            </ICMS>
        </imposto>
    </det>
    
    <det nItem="2">
        <prod>
            <cProd>8278721038549866</cProd>
            <xProd>VOLUPTAS</xProd>
            <NCM>01012100</NCM>
            <CFOP>5101</CFOP>
            <uCom>UN</uCom>
            <qCom>52.513</qCom>
            <vUnCom>313.52</vUnCom>
            <vProd>16463.88</vProd>
            <rastro>
                <nLote>5310225</nLote>
                <qLote>52.513</qLote>
                <dFab>2025-08-31</dFab>
                <dVal>2026-02-13</dVal>
            </rastro>
        </prod>
        <imposto>
            <ICMS>
                <ICMS00>
                    <orig>0</orig>
                    <CST>00</CST>
                    <pICMS>18.00</pICMS>
                    <vICMS>2963.5</vICMS>
                </ICMS00>
            </ICMS>
        </imposto>
    </det>
    
            <total>
                <ICMSTot>
                    <vProd>44720.11</vProd>
                    <vICMS>8049.62</vICMS>
                    <vNF>44720.11</vNF>
                </ICMSTot>
            </total>
        </infNFe>
    </NFe>
</nfeProc>
