<?xml version="1.0" encoding="UTF-8"?>
<nfeProc xmlns="http://www.portalfiscal.inf.br/nfe" versao="4.00">
    <NFe xmlns="http://www.portalfiscal.inf.br/nfe">
        <infNFe Id="NFe34141964351608362069107692378376887595841458" versao="4.00">
            <ide>
                <cUF>35</cUF>
                <cNF>26049382</cNF>
                <natOp>Venda de Mercadoria</natOp>
                <mod>55</mod>
                <serie>1</serie>
                <nNF>000015</nNF>
                <dhEmi>2025-10-31T13:11:06-03:00</dhEmi>
                <tpNF>1</tpNF>
                <idDest>1</idDest>
                <cMunFG>3550308</cMunFG>
                <tpImp>1</tpImp>
                <tpEmis>1</tpEmis>
                <cDV>7</cDV>
                <tpAmb>1</tpAmb>
                <finNFe>1</finNFe>
                <indFinal>1</indFinal>
                <indPres>1</indPres>
                <procEmi>0</procEmi>
                <verProc>NF-E SIMULADA</verProc>
            </ide>
            <emit>
                <CNPJ>25.914.670/0001-44</CNPJ>
                <xNome>AZEVEDO</xNome>
            </emit>
            <dest>
                <CNPJ>18.059.643/0001-76</CNPJ>
                <xNome>ISAAC SILVEIRA</xNome>
            </dest>
            
    <det nItem="1">
        <prod>
            <cProd>9567748086043427</cProd>
            <xProd>LAUDANTIUM</xProd>
            <NCM>01012100</NCM>
            <CFOP>5101</CFOP>
            <uCom>UN</uCom>
            <qCom>68.02</qCom>
            <vUnCom>432.7</vUnCom>
            <vProd>29432.25</vProd>
            <rastro>
                <nLote>6990322</nLote>
                <qLote>68.02</qLote>
                <dFab>2025-07-30</dFab>
                <dVal>2026-09-15</dVal>
            </rastro>
        </prod>
        <imposto>
            <ICMS>
                <ICMS00>
                    <orig>0</orig>
                    <CST>00</CST>
                    <pICMS>18.00</pICMS>
                    <vICMS>5297.8</vICMS>
                </ICMS00>
            </ICMS>
        </imposto>
    </det>
    
    <det nItem="2">
        <prod>
            <cProd>1398205678491534</cProd>
            <xProd>EXERCITATIONEM</xProd>
            <NCM>01012100</NCM>
            <CFOP>5101</CFOP>
            <uCom>UN</uCom>
            <qCom>31.393</qCom>
            <vUnCom>752.64</vUnCom>
            <vProd>23627.63</vProd>
            <rastro>
                <nLote>8610479</nLote>
                <qLote>31.393</qLote>
                <dFab>2025-07-31</dFab>
                <dVal>2026-01-16</dVal>
            </rastro>
        </prod>
        <imposto>
            <ICMS>
                <ICMS00>
                    <orig>0</orig>
                    <CST>00</CST>
                    <pICMS>18.00</pICMS>
                    <vICMS>4252.97</vICMS>
                </ICMS00>
            </ICMS>
        </imposto>
    </det>
    
    <det nItem="3">
        <prod>
            <cProd>9468248837422377</cProd>
            <xProd>RERUM</xProd>
            <NCM>01012100</NCM>
            <CFOP>5101</CFOP>
            <uCom>UN</uCom>
            <qCom>67.331</qCom>
            <vUnCom>502.72</vUnCom>
            <vProd>33848.64</vProd>
            <rastro>
                <nLote>4781052</nLote>
                <qLote>67.331</qLote>
                <dFab>2025-09-19</dFab>
                <dVal>2025-12-27</dVal>
            </rastro>
        </prod>
        <imposto>
            <ICMS>
                <ICMS00>
                    <orig>0</orig>
                    <CST>00</CST>
                    <pICMS>18.00</pICMS>
                    <vICMS>6092.76</vICMS>
                </ICMS00>
            </ICMS>
        </imposto>
    </det>
    
            <total>
                <ICMSTot>
                    <vProd>86908.52</vProd>
                    <vICMS>15643.53</vICMS>
                    <vNF>86908.52</vNF>
                </ICMSTot>
            </total>
        </infNFe>
    </NFe>
</nfeProc>
