<?xml version="1.0" encoding="UTF-8"?>
<nfeProc xmlns="http://www.portalfiscal.inf.br/nfe" versao="4.00">
    <NFe xmlns="http://www.portalfiscal.inf.br/nfe">
        <infNFe Id="NFe20184189342778857713594150862456396133518991" versao="4.00">
            <ide>
                <cUF>35</cUF>
                <cNF>54288599</cNF>
                <natOp>Venda de Mercadoria</natOp>
                <mod>55</mod>
                <serie>1</serie>
                <nNF>000358</nNF>
                <dhEmi>2025-10-31T13:11:06-03:00</dhEmi>
                <tpNF>1</tpNF>
                <idDest>1</idDest>
                <cMunFG>3550308</cMunFG>
                <tpImp>1</tpImp>
                <tpEmis>1</tpEmis>
                <cDV>7</cDV>
                <tpAmb>1</tpAmb>
                <finNFe>1</finNFe>
                <indFinal>1</indFinal>
                <indPres>1</indPres>
                <procEmi>0</procEmi>
                <verProc>NF-E SIMULADA</verProc>
            </ide>
            <emit>
                <CNPJ>38.741.206/0001-45</CNPJ>
                <xNome>CAVALCANTI</xNome>
            </emit>
            <dest>
                <CNPJ>27.163.890/0001-09</CNPJ>
                <xNome>SRTA. MAITÊ VIEIRA</xNome>
            </dest>
            
    <det nItem="1">
        <prod>
            <cProd>5881427456356432</cProd>
            <xProd>ALIQUAM</xProd>
            <NCM>01012100</NCM>
            <CFOP>5101</CFOP>
            <uCom>UN</uCom>
            <qCom>6.065</qCom>
            <vUnCom>535.66</vUnCom>
            <vProd>3248.78</vProd>
            <rastro>
                <nLote>4065616</nLote>
                <qLote>6.065</qLote>
                <dFab>2025-10-23</dFab>
                <dVal>2026-07-22</dVal>
            </rastro>
        </prod>
        <imposto>
            <ICMS>
                <ICMS00>
                    <orig>0</orig>
                    <CST>00</CST>
                    <pICMS>18.00</pICMS>
                    <vICMS>584.78</vICMS>
                </ICMS00>
            </ICMS>
        </imposto>
    </det>
    
    <det nItem="2">
        <prod>
            <cProd>9806482085133642</cProd>
            <xProd>EA</xProd>
            <NCM>01012100</NCM>
            <CFOP>5101</CFOP>
            <uCom>UN</uCom>
            <qCom>65.049</qCom>
            <vUnCom>856.13</vUnCom>
            <vProd>55690.4</vProd>
            <rastro>
                <nLote>2078853</nLote>
                <qLote>65.049</qLote>
                <dFab>2025-08-05</dFab>
                <dVal>2026-07-07</dVal>
            </rastro>
        </prod>
        <imposto>
            <ICMS>
                <ICMS00>
                    <orig>0</orig>
                    <CST>00</CST>
                    <pICMS>18.00</pICMS>
                    <vICMS>10024.27</vICMS>
                </ICMS00>
            </ICMS>
        </imposto>
    </det>
    
    <det nItem="3">
        <prod>
            <cProd>9241240780020470</cProd>
            <xProd>ALIQUID</xProd>
            <NCM>01012100</NCM>
            <CFOP>5101</CFOP>
            <uCom>UN</uCom>
            <qCom>57.78</qCom>
            <vUnCom>813.63</vUnCom>
            <vProd>47011.54</vProd>
            <rastro>
                <nLote>3860886</nLote>
                <qLote>57.78</qLote>
                <dFab>2025-10-24</dFab>
                <dVal>2026-05-19</dVal>
            </rastro>
        </prod>
        <imposto>
            <ICMS>
                <ICMS00>
                    <orig>0</orig>
                    <CST>00</CST>
                    <pICMS>18.00</pICMS>
                    <vICMS>8462.08</vICMS>
                </ICMS00>
            </ICMS>
        </imposto>
    </det>
    
            <total>
                <ICMSTot>
                    <vProd>105950.72</vProd>
                    <vICMS>19071.13</vICMS>
                    <vNF>105950.72</vNF>
                </ICMSTot>
            </total>
        </infNFe>
    </NFe>
</nfeProc>
