<?xml version="1.0" encoding="UTF-8"?>
<nfeProc xmlns="http://www.portalfiscal.inf.br/nfe" versao="4.00">
    <NFe xmlns="http://www.portalfiscal.inf.br/nfe">
        <infNFe Id="NFe22048070130399361602999353273517887718098242" versao="4.00">
            <ide>
                <cUF>35</cUF>
                <cNF>92846842</cNF>
                <natOp>Compra de Mercadoria</natOp>
                <mod>55</mod>
                <serie>1</serie>
                <nNF>000045</nNF>
                <dhEmi>2025-10-31T13:11:06-03:00</dhEmi>
                <tpNF>0</tpNF>
                <idDest>1</idDest>
                <cMunFG>3550308</cMunFG>
                <tpImp>1</tpImp>
                <tpEmis>1</tpEmis>
                <cDV>0</cDV>
                <tpAmb>1</tpAmb>
                <finNFe>1</finNFe>
                <indFinal>1</indFinal>
                <indPres>1</indPres>
                <procEmi>0</procEmi>
                <verProc>NF-E SIMULADA</verProc>
            </ide>
            <emit>
                <CNPJ>25.608.497/0001-56</CNPJ>
                <xNome>SILVEIRA S/A</xNome>
            </emit>
            <dest>
                <CNPJ>31.270.894/0001-63</CNPJ>
                <xNome>ANA LIZ GARCIA</xNome>
            </dest>
            
    <det nItem="1">
        <prod>
            <cProd>9362054139283145</cProd>
            <xProd>COMMODI</xProd>
            <NCM>01012100</NCM>
            <CFOP>5101</CFOP>
            <uCom>UN</uCom>
            <qCom>16.692</qCom>
            <vUnCom>11.2</vUnCom>
            <vProd>186.95</vProd>
            <rastro>
                <nLote>7644609</nLote>
                <qLote>16.692</qLote>
                <dFab>2025-09-19</dFab>
                <dVal>2026-10-07</dVal>
            </rastro>
        </prod>
        <imposto>
            <ICMS>
                <ICMS00>
                    <orig>0</orig>
                    <CST>00</CST>
                    <pICMS>18.00</pICMS>
                    <vICMS>33.65</vICMS>
                </ICMS00>
            </ICMS>
        </imposto>
    </det>
    
            <total>
                <ICMSTot>
                    <vProd>186.95</vProd>
                    <vICMS>33.65</vICMS>
                    <vNF>186.95</vNF>
                </ICMSTot>
            </total>
        </infNFe>
    </NFe>
</nfeProc>
