<?xml version="1.0" encoding="UTF-8"?>
<nfeProc xmlns="http://www.portalfiscal.inf.br/nfe" versao="4.00">
    <NFe xmlns="http://www.portalfiscal.inf.br/nfe">
        <infNFe Id="NFe57851155438958593890805862433885177674108724" versao="4.00">
            <ide>
                <cUF>35</cUF>
                <cNF>96002354</cNF>
                <natOp>Venda de Mercadoria</natOp>
                <mod>55</mod>
                <serie>1</serie>
                <nNF>000140</nNF>
                <dhEmi>2025-10-31T13:11:06-03:00</dhEmi>
                <tpNF>1</tpNF>
                <idDest>1</idDest>
                <cMunFG>3550308</cMunFG>
                <tpImp>1</tpImp>
                <tpEmis>1</tpEmis>
                <cDV>1</cDV>
                <tpAmb>1</tpAmb>
                <finNFe>1</finNFe>
                <indFinal>1</indFinal>
                <indPres>1</indPres>
                <procEmi>0</procEmi>
                <verProc>NF-E SIMULADA</verProc>
            </ide>
            <emit>
                <CNPJ>86.954.302/0001-14</CNPJ>
                <xNome>MENDES MARTINS - ME</xNome>
            </emit>
            <dest>
                <CNPJ>36.071.498/0001-20</CNPJ>
                <xNome>ANDRÉ CAVALCANTE</xNome>
            </dest>
            
    <det nItem="1">
        <prod>
            <cProd>7827104468422990</cProd>
            <xProd>ENIM</xProd>
            <NCM>01012100</NCM>
            <CFOP>5101</CFOP>
            <uCom>UN</uCom>
            <qCom>93.714</qCom>
            <vUnCom>320.56</vUnCom>
            <vProd>30040.96</vProd>
            <rastro>
                <nLote>5443565</nLote>
                <qLote>93.714</qLote>
                <dFab>2025-09-03</dFab>
                <dVal>2026-01-11</dVal>
            </rastro>
        </prod>
        <imposto>
            <ICMS>
                <ICMS00>
                    <orig>0</orig>
                    <CST>00</CST>
                    <pICMS>18.00</pICMS>
                    <vICMS>5407.37</vICMS>
                </ICMS00>
            </ICMS>
        </imposto>
    </det>
    
    <det nItem="2">
        <prod>
            <cProd>9087564005405572</cProd>
            <xProd>ADIPISCI</xProd>
            <NCM>01012100</NCM>
            <CFOP>5101</CFOP>
            <uCom>UN</uCom>
            <qCom>90.691</qCom>
            <vUnCom>564.74</vUnCom>
            <vProd>51216.84</vProd>
            <rastro>
                <nLote>1513186</nLote>
                <qLote>90.691</qLote>
                <dFab>2025-09-02</dFab>
                <dVal>2026-01-20</dVal>
            </rastro>
        </prod>
        <imposto>
            <ICMS>
                <ICMS00>
                    <orig>0</orig>
                    <CST>00</CST>
                    <pICMS>18.00</pICMS>
                    <vICMS>9219.03</vICMS>
                </ICMS00>
            </ICMS>
        </imposto>
    </det>
    
    <det nItem="3">
        <prod>
            <cProd>4820517708236213</cProd>
            <xProd>AUTEM</xProd>
            <NCM>01012100</NCM>
            <CFOP>5101</CFOP>
            <uCom>UN</uCom>
            <qCom>49.47</qCom>
            <vUnCom>326.98</vUnCom>
            <vProd>16175.7</vProd>
            <rastro>
                <nLote>8873308</nLote>
                <qLote>49.47</qLote>
                <dFab>2025-08-15</dFab>
                <dVal>2026-08-25</dVal>
            </rastro>
        </prod>
        <imposto>
            <ICMS>
                <ICMS00>
                    <orig>0</orig>
                    <CST>00</CST>
                    <pICMS>18.00</pICMS>
                    <vICMS>2911.63</vICMS>
                </ICMS00>
            </ICMS>
        </imposto>
    </det>
    
            <total>
                <ICMSTot>
                    <vProd>97433.5</vProd>
                    <vICMS>17538.03</vICMS>
                    <vNF>97433.5</vNF>
                </ICMSTot>
            </total>
        </infNFe>
    </NFe>
</nfeProc>
