<?xml version="1.0" encoding="UTF-8"?>
<nfeProc xmlns="http://www.portalfiscal.inf.br/nfe" versao="4.00">
    <NFe xmlns="http://www.portalfiscal.inf.br/nfe">
        <infNFe Id="NFe59992217224120048128239739931368925426187271" versao="4.00">
            <ide>
                <cUF>35</cUF>
                <cNF>94480340</cNF>
                <natOp>Compra de Mercadoria</natOp>
                <mod>55</mod>
                <serie>1</serie>
                <nNF>000420</nNF>
                <dhEmi>2025-10-31T13:11:06-03:00</dhEmi>
                <tpNF>0</tpNF>
                <idDest>1</idDest>
                <cMunFG>3550308</cMunFG>
                <tpImp>1</tpImp>
                <tpEmis>1</tpEmis>
                <cDV>6</cDV>
                <tpAmb>1</tpAmb>
                <finNFe>1</finNFe>
                <indFinal>1</indFinal>
                <indPres>1</indPres>
                <procEmi>0</procEmi>
                <verProc>NF-E SIMULADA</verProc>
            </ide>
            <emit>
                <CNPJ>24.680.791/0001-06</CNPJ>
                <xNome>NUNES RAMOS LTDA.</xNome>
            </emit>
            <dest>
                <CNPJ>06.387.945/0001-94</CNPJ>
                <xNome>CAMILA LOPES</xNome>
            </dest>
            
    <det nItem="1">
        <prod>
            <cProd>5198340188114069</cProd>
            <xProd>OFFICIIS</xProd>
            <NCM>01012100</NCM>
            <CFOP>5101</CFOP>
            <uCom>UN</uCom>
            <qCom>37.9</qCom>
            <vUnCom>265.3</vUnCom>
            <vProd>10054.87</vProd>
            <rastro>
                <nLote>5998835</nLote>
                <qLote>37.9</qLote>
                <dFab>2025-07-25</dFab>
                <dVal>2026-09-06</dVal>
            </rastro>
        </prod>
        <imposto>
            <ICMS>
                <ICMS00>
                    <orig>0</orig>
                    <CST>00</CST>
                    <pICMS>18.00</pICMS>
                    <vICMS>1809.88</vICMS>
                </ICMS00>
            </ICMS>
        </imposto>
    </det>
    
    <det nItem="2">
        <prod>
            <cProd>6170616811067806</cProd>
            <xProd>POSSIMUS</xProd>
            <NCM>01012100</NCM>
            <CFOP>5101</CFOP>
            <uCom>UN</uCom>
            <qCom>82.03</qCom>
            <vUnCom>398.15</vUnCom>
            <vProd>32660.24</vProd>
            <rastro>
                <nLote>6828599</nLote>
                <qLote>82.03</qLote>
                <dFab>2025-09-13</dFab>
                <dVal>2026-04-10</dVal>
            </rastro>
        </prod>
        <imposto>
            <ICMS>
                <ICMS00>
                    <orig>0</orig>
                    <CST>00</CST>
                    <pICMS>18.00</pICMS>
                    <vICMS>5878.84</vICMS>
                </ICMS00>
            </ICMS>
        </imposto>
    </det>
    
            <total>
                <ICMSTot>
                    <vProd>42715.11</vProd>
                    <vICMS>7688.72</vICMS>
                    <vNF>42715.11</vNF>
                </ICMSTot>
            </total>
        </infNFe>
    </NFe>
</nfeProc>
