<?xml version="1.0" encoding="UTF-8"?>
<nfeProc xmlns="http://www.portalfiscal.inf.br/nfe" versao="4.00">
    <NFe xmlns="http://www.portalfiscal.inf.br/nfe">
        <infNFe Id="NFe80416049903464667917951742618253093032623508" versao="4.00">
            <ide>
                <cUF>35</cUF>
                <cNF>40489032</cNF>
                <natOp>Venda de Mercadoria</natOp>
                <mod>55</mod>
                <serie>1</serie>
                <nNF>000426</nNF>
                <dhEmi>2025-10-31T13:11:06-03:00</dhEmi>
                <tpNF>1</tpNF>
                <idDest>1</idDest>
                <cMunFG>3550308</cMunFG>
                <tpImp>1</tpImp>
                <tpEmis>1</tpEmis>
                <cDV>2</cDV>
                <tpAmb>1</tpAmb>
                <finNFe>1</finNFe>
                <indFinal>1</indFinal>
                <indPres>1</indPres>
                <procEmi>0</procEmi>
                <verProc>NF-E SIMULADA</verProc>
            </ide>
            <emit>
                <CNPJ>38.245.701/0001-63</CNPJ>
                <xNome>JESUS</xNome>
            </emit>
            <dest>
                <CNPJ>59.231.086/0001-06</CNPJ>
                <xNome>OTTO ALVES</xNome>
            </dest>
            
    <det nItem="1">
        <prod>
            <cProd>4289098890671144</cProd>
            <xProd>HIC</xProd>
            <NCM>01012100</NCM>
            <CFOP>5101</CFOP>
            <uCom>UN</uCom>
            <qCom>30.503</qCom>
            <vUnCom>423.51</vUnCom>
            <vProd>12918.33</vProd>
            <rastro>
                <nLote>3702322</nLote>
                <qLote>30.503</qLote>
                <dFab>2025-08-31</dFab>
                <dVal>2026-01-15</dVal>
            </rastro>
        </prod>
        <imposto>
            <ICMS>
                <ICMS00>
                    <orig>0</orig>
                    <CST>00</CST>
                    <pICMS>18.00</pICMS>
                    <vICMS>2325.3</vICMS>
                </ICMS00>
            </ICMS>
        </imposto>
    </det>
    
    <det nItem="2">
        <prod>
            <cProd>6449030424402099</cProd>
            <xProd>NOSTRUM</xProd>
            <NCM>01012100</NCM>
            <CFOP>5101</CFOP>
            <uCom>UN</uCom>
            <qCom>15.665</qCom>
            <vUnCom>311.37</vUnCom>
            <vProd>4877.61</vProd>
            <rastro>
                <nLote>1919870</nLote>
                <qLote>15.665</qLote>
                <dFab>2025-10-15</dFab>
                <dVal>2026-09-24</dVal>
            </rastro>
        </prod>
        <imposto>
            <ICMS>
                <ICMS00>
                    <orig>0</orig>
                    <CST>00</CST>
                    <pICMS>18.00</pICMS>
                    <vICMS>877.97</vICMS>
                </ICMS00>
            </ICMS>
        </imposto>
    </det>
    
    <det nItem="3">
        <prod>
            <cProd>2274911470621448</cProd>
            <xProd>SINT</xProd>
            <NCM>01012100</NCM>
            <CFOP>5101</CFOP>
            <uCom>UN</uCom>
            <qCom>38.477</qCom>
            <vUnCom>85.88</vUnCom>
            <vProd>3304.4</vProd>
            <rastro>
                <nLote>4636553</nLote>
                <qLote>38.477</qLote>
                <dFab>2025-10-27</dFab>
                <dVal>2026-03-07</dVal>
            </rastro>
        </prod>
        <imposto>
            <ICMS>
                <ICMS00>
                    <orig>0</orig>
                    <CST>00</CST>
                    <pICMS>18.00</pICMS>
                    <vICMS>594.79</vICMS>
                </ICMS00>
            </ICMS>
        </imposto>
    </det>
    
    <det nItem="4">
        <prod>
            <cProd>1656042859416734</cProd>
            <xProd>NOSTRUM</xProd>
            <NCM>01012100</NCM>
            <CFOP>5101</CFOP>
            <uCom>UN</uCom>
            <qCom>78.482</qCom>
            <vUnCom>421.22</vUnCom>
            <vProd>33058.19</vProd>
            <rastro>
                <nLote>8848362</nLote>
                <qLote>78.482</qLote>
                <dFab>2025-10-07</dFab>
                <dVal>2026-08-30</dVal>
            </rastro>
        </prod>
        <imposto>
            <ICMS>
                <ICMS00>
                    <orig>0</orig>
                    <CST>00</CST>
                    <pICMS>18.00</pICMS>
                    <vICMS>5950.47</vICMS>
                </ICMS00>
            </ICMS>
        </imposto>
    </det>
    
            <total>
                <ICMSTot>
                    <vProd>54158.53</vProd>
                    <vICMS>9748.54</vICMS>
                    <vNF>54158.53</vNF>
                </ICMSTot>
            </total>
        </infNFe>
    </NFe>
</nfeProc>
