<?xml version="1.0" encoding="UTF-8"?>
<nfeProc xmlns="http://www.portalfiscal.inf.br/nfe" versao="4.00">
    <NFe xmlns="http://www.portalfiscal.inf.br/nfe">
        <infNFe Id="NFe33669411393352905065599365680731418968227405" versao="4.00">
            <ide>
                <cUF>35</cUF>
                <cNF>46242904</cNF>
                <natOp>Venda de Mercadoria</natOp>
                <mod>55</mod>
                <serie>1</serie>
                <nNF>000484</nNF>
                <dhEmi>2025-10-31T13:11:06-03:00</dhEmi>
                <tpNF>1</tpNF>
                <idDest>1</idDest>
                <cMunFG>3550308</cMunFG>
                <tpImp>1</tpImp>
                <tpEmis>1</tpEmis>
                <cDV>6</cDV>
                <tpAmb>1</tpAmb>
                <finNFe>1</finNFe>
                <indFinal>1</indFinal>
                <indPres>1</indPres>
                <procEmi>0</procEmi>
                <verProc>NF-E SIMULADA</verProc>
            </ide>
            <emit>
                <CNPJ>37.486.029/0001-35</CNPJ>
                <xNome>RAMOS E FILHOS</xNome>
            </emit>
            <dest>
                <CNPJ>09.421.657/0001-05</CNPJ>
                <xNome>SR. JOÃO MIGUEL FARIAS</xNome>
            </dest>
            
    <det nItem="1">
        <prod>
            <cProd>1802270136995298</cProd>
            <xProd>TEMPORIBUS</xProd>
            <NCM>01012100</NCM>
            <CFOP>5101</CFOP>
            <uCom>UN</uCom>
            <qCom>30.349</qCom>
            <vUnCom>775.46</vUnCom>
            <vProd>23534.44</vProd>
            <rastro>
                <nLote>2881638</nLote>
                <qLote>30.349</qLote>
                <dFab>2025-09-07</dFab>
                <dVal>2026-08-09</dVal>
            </rastro>
        </prod>
        <imposto>
            <ICMS>
                <ICMS00>
                    <orig>0</orig>
                    <CST>00</CST>
                    <pICMS>18.00</pICMS>
                    <vICMS>4236.2</vICMS>
                </ICMS00>
            </ICMS>
        </imposto>
    </det>
    
            <total>
                <ICMSTot>
                    <vProd>23534.44</vProd>
                    <vICMS>4236.2</vICMS>
                    <vNF>23534.44</vNF>
                </ICMSTot>
            </total>
        </infNFe>
    </NFe>
</nfeProc>
