<?xml version="1.0" encoding="UTF-8"?>
<nfeProc xmlns="http://www.portalfiscal.inf.br/nfe" versao="4.00">
    <NFe xmlns="http://www.portalfiscal.inf.br/nfe">
        <infNFe Id="NFe14897598977177984104712656062726681232059208" versao="4.00">
            <ide>
                <cUF>35</cUF>
                <cNF>48094336</cNF>
                <natOp>Venda de Mercadoria</natOp>
                <mod>55</mod>
                <serie>1</serie>
                <nNF>000306</nNF>
                <dhEmi>2025-10-31T13:11:06-03:00</dhEmi>
                <tpNF>1</tpNF>
                <idDest>1</idDest>
                <cMunFG>3550308</cMunFG>
                <tpImp>1</tpImp>
                <tpEmis>1</tpEmis>
                <cDV>2</cDV>
                <tpAmb>1</tpAmb>
                <finNFe>1</finNFe>
                <indFinal>1</indFinal>
                <indPres>1</indPres>
                <procEmi>0</procEmi>
                <verProc>NF-E SIMULADA</verProc>
            </ide>
            <emit>
                <CNPJ>61.230.759/0001-55</CNPJ>
                <xNome>VIANA LEÃO LTDA.</xNome>
            </emit>
            <dest>
                <CNPJ>73.650.849/0001-84</CNPJ>
                <xNome>RAFAELA DIAS</xNome>
            </dest>
            
    <det nItem="1">
        <prod>
            <cProd>7117723568078875</cProd>
            <xProd>EST</xProd>
            <NCM>01012100</NCM>
            <CFOP>5101</CFOP>
            <uCom>UN</uCom>
            <qCom>56.741</qCom>
            <vUnCom>265.09</vUnCom>
            <vProd>15041.47</vProd>
            <rastro>
                <nLote>9372337</nLote>
                <qLote>56.741</qLote>
                <dFab>2025-08-31</dFab>
                <dVal>2026-10-05</dVal>
            </rastro>
        </prod>
        <imposto>
            <ICMS>
                <ICMS00>
                    <orig>0</orig>
                    <CST>00</CST>
                    <pICMS>18.00</pICMS>
                    <vICMS>2707.46</vICMS>
                </ICMS00>
            </ICMS>
        </imposto>
    </det>
    
    <det nItem="2">
        <prod>
            <cProd>2844986520781639</cProd>
            <xProd>PLACEAT</xProd>
            <NCM>01012100</NCM>
            <CFOP>5101</CFOP>
            <uCom>UN</uCom>
            <qCom>72.42</qCom>
            <vUnCom>321.74</vUnCom>
            <vProd>23300.41</vProd>
            <rastro>
                <nLote>7209151</nLote>
                <qLote>72.42</qLote>
                <dFab>2025-08-26</dFab>
                <dVal>2026-05-06</dVal>
            </rastro>
        </prod>
        <imposto>
            <ICMS>
                <ICMS00>
                    <orig>0</orig>
                    <CST>00</CST>
                    <pICMS>18.00</pICMS>
                    <vICMS>4194.07</vICMS>
                </ICMS00>
            </ICMS>
        </imposto>
    </det>
    
    <det nItem="3">
        <prod>
            <cProd>2582628559725395</cProd>
            <xProd>A</xProd>
            <NCM>01012100</NCM>
            <CFOP>5101</CFOP>
            <uCom>UN</uCom>
            <qCom>39.091</qCom>
            <vUnCom>327.88</vUnCom>
            <vProd>12817.16</vProd>
            <rastro>
                <nLote>1505370</nLote>
                <qLote>39.091</qLote>
                <dFab>2025-10-05</dFab>
                <dVal>2026-06-12</dVal>
            </rastro>
        </prod>
        <imposto>
            <ICMS>
                <ICMS00>
                    <orig>0</orig>
                    <CST>00</CST>
                    <pICMS>18.00</pICMS>
                    <vICMS>2307.09</vICMS>
                </ICMS00>
            </ICMS>
        </imposto>
    </det>
    
    <det nItem="4">
        <prod>
            <cProd>2588163289242775</cProd>
            <xProd>DELECTUS</xProd>
            <NCM>01012100</NCM>
            <CFOP>5101</CFOP>
            <uCom>UN</uCom>
            <qCom>69.41</qCom>
            <vUnCom>580.52</vUnCom>
            <vProd>40293.89</vProd>
            <rastro>
                <nLote>7719331</nLote>
                <qLote>69.41</qLote>
                <dFab>2025-10-12</dFab>
                <dVal>2026-08-18</dVal>
            </rastro>
        </prod>
        <imposto>
            <ICMS>
                <ICMS00>
                    <orig>0</orig>
                    <CST>00</CST>
                    <pICMS>18.00</pICMS>
                    <vICMS>7252.9</vICMS>
                </ICMS00>
            </ICMS>
        </imposto>
    </det>
    
    <det nItem="5">
        <prod>
            <cProd>5994443739417096</cProd>
            <xProd>LAUDANTIUM</xProd>
            <NCM>01012100</NCM>
            <CFOP>5101</CFOP>
            <uCom>UN</uCom>
            <qCom>10.019</qCom>
            <vUnCom>816.13</vUnCom>
            <vProd>8176.81</vProd>
            <rastro>
                <nLote>9044272</nLote>
                <qLote>10.019</qLote>
                <dFab>2025-09-25</dFab>
                <dVal>2026-06-26</dVal>
            </rastro>
        </prod>
        <imposto>
            <ICMS>
                <ICMS00>
                    <orig>0</orig>
                    <CST>00</CST>
                    <pICMS>18.00</pICMS>
                    <vICMS>1471.83</vICMS>
                </ICMS00>
            </ICMS>
        </imposto>
    </det>
    
            <total>
                <ICMSTot>
                    <vProd>99629.74</vProd>
                    <vICMS>17933.35</vICMS>
                    <vNF>99629.74</vNF>
                </ICMSTot>
            </total>
        </infNFe>
    </NFe>
</nfeProc>
