<?xml version="1.0" encoding="UTF-8"?>
<nfeProc xmlns="http://www.portalfiscal.inf.br/nfe" versao="4.00">
    <NFe xmlns="http://www.portalfiscal.inf.br/nfe">
        <infNFe Id="NFe67612765691399560588776957107445608495830699" versao="4.00">
            <ide>
                <cUF>35</cUF>
                <cNF>41456400</cNF>
                <natOp>Compra de Mercadoria</natOp>
                <mod>55</mod>
                <serie>1</serie>
                <nNF>000071</nNF>
                <dhEmi>2025-10-31T13:11:06-03:00</dhEmi>
                <tpNF>0</tpNF>
                <idDest>1</idDest>
                <cMunFG>3550308</cMunFG>
                <tpImp>1</tpImp>
                <tpEmis>1</tpEmis>
                <cDV>0</cDV>
                <tpAmb>1</tpAmb>
                <finNFe>1</finNFe>
                <indFinal>1</indFinal>
                <indPres>1</indPres>
                <procEmi>0</procEmi>
                <verProc>NF-E SIMULADA</verProc>
            </ide>
            <emit>
                <CNPJ>40.689.317/0001-00</CNPJ>
                <xNome>BRITO BARROS E FILHOS</xNome>
            </emit>
            <dest>
                <CNPJ>78.305.412/0001-27</CNPJ>
                <xNome>RAFAEL NOGUEIRA</xNome>
            </dest>
            
    <det nItem="1">
        <prod>
            <cProd>7468690415491378</cProd>
            <xProd>COMMODI</xProd>
            <NCM>01012100</NCM>
            <CFOP>5101</CFOP>
            <uCom>UN</uCom>
            <qCom>28.787</qCom>
            <vUnCom>747.77</vUnCom>
            <vProd>21526.05</vProd>
            <rastro>
                <nLote>6116088</nLote>
                <qLote>28.787</qLote>
                <dFab>2025-09-03</dFab>
                <dVal>2026-02-10</dVal>
            </rastro>
        </prod>
        <imposto>
            <ICMS>
                <ICMS00>
                    <orig>0</orig>
                    <CST>00</CST>
                    <pICMS>18.00</pICMS>
                    <vICMS>3874.69</vICMS>
                </ICMS00>
            </ICMS>
        </imposto>
    </det>
    
    <det nItem="2">
        <prod>
            <cProd>2065790443737344</cProd>
            <xProd>QUIA</xProd>
            <NCM>01012100</NCM>
            <CFOP>5101</CFOP>
            <uCom>UN</uCom>
            <qCom>45.278</qCom>
            <vUnCom>488.73</vUnCom>
            <vProd>22128.72</vProd>
            <rastro>
                <nLote>3931281</nLote>
                <qLote>45.278</qLote>
                <dFab>2025-09-14</dFab>
                <dVal>2026-01-12</dVal>
            </rastro>
        </prod>
        <imposto>
            <ICMS>
                <ICMS00>
                    <orig>0</orig>
                    <CST>00</CST>
                    <pICMS>18.00</pICMS>
                    <vICMS>3983.17</vICMS>
                </ICMS00>
            </ICMS>
        </imposto>
    </det>
    
    <det nItem="3">
        <prod>
            <cProd>3275141566186142</cProd>
            <xProd>EIUS</xProd>
            <NCM>01012100</NCM>
            <CFOP>5101</CFOP>
            <uCom>UN</uCom>
            <qCom>30.199</qCom>
            <vUnCom>36.8</vUnCom>
            <vProd>1111.32</vProd>
            <rastro>
                <nLote>4434710</nLote>
                <qLote>30.199</qLote>
                <dFab>2025-08-08</dFab>
                <dVal>2026-04-24</dVal>
            </rastro>
        </prod>
        <imposto>
            <ICMS>
                <ICMS00>
                    <orig>0</orig>
                    <CST>00</CST>
                    <pICMS>18.00</pICMS>
                    <vICMS>200.04</vICMS>
                </ICMS00>
            </ICMS>
        </imposto>
    </det>
    
    <det nItem="4">
        <prod>
            <cProd>2338317198724950</cProd>
            <xProd>ALIQUAM</xProd>
            <NCM>01012100</NCM>
            <CFOP>5101</CFOP>
            <uCom>UN</uCom>
            <qCom>8.139</qCom>
            <vUnCom>509.96</vUnCom>
            <vProd>4150.56</vProd>
            <rastro>
                <nLote>4292587</nLote>
                <qLote>8.139</qLote>
                <dFab>2025-10-10</dFab>
                <dVal>2026-06-04</dVal>
            </rastro>
        </prod>
        <imposto>
            <ICMS>
                <ICMS00>
                    <orig>0</orig>
                    <CST>00</CST>
                    <pICMS>18.00</pICMS>
                    <vICMS>747.1</vICMS>
                </ICMS00>
            </ICMS>
        </imposto>
    </det>
    
    <det nItem="5">
        <prod>
            <cProd>1197271432829200</cProd>
            <xProd>POSSIMUS</xProd>
            <NCM>01012100</NCM>
            <CFOP>5101</CFOP>
            <uCom>UN</uCom>
            <qCom>87.874</qCom>
            <vUnCom>240.59</vUnCom>
            <vProd>21141.61</vProd>
            <rastro>
                <nLote>7324030</nLote>
                <qLote>87.874</qLote>
                <dFab>2025-08-02</dFab>
                <dVal>2026-04-15</dVal>
            </rastro>
        </prod>
        <imposto>
            <ICMS>
                <ICMS00>
                    <orig>0</orig>
                    <CST>00</CST>
                    <pICMS>18.00</pICMS>
                    <vICMS>3805.49</vICMS>
                </ICMS00>
            </ICMS>
        </imposto>
    </det>
    
            <total>
                <ICMSTot>
                    <vProd>70058.26</vProd>
                    <vICMS>12610.49</vICMS>
                    <vNF>70058.26</vNF>
                </ICMSTot>
            </total>
        </infNFe>
    </NFe>
</nfeProc>
