<?xml version="1.0" encoding="UTF-8"?>
<nfeProc xmlns="http://www.portalfiscal.inf.br/nfe" versao="4.00">
    <NFe xmlns="http://www.portalfiscal.inf.br/nfe">
        <infNFe Id="NFe28477912083891736275637013726902160454608278" versao="4.00">
            <ide>
                <cUF>35</cUF>
                <cNF>44571937</cNF>
                <natOp>Compra de Mercadoria</natOp>
                <mod>55</mod>
                <serie>1</serie>
                <nNF>000311</nNF>
                <dhEmi>2025-10-31T13:11:06-03:00</dhEmi>
                <tpNF>0</tpNF>
                <idDest>1</idDest>
                <cMunFG>3550308</cMunFG>
                <tpImp>1</tpImp>
                <tpEmis>1</tpEmis>
                <cDV>5</cDV>
                <tpAmb>1</tpAmb>
                <finNFe>1</finNFe>
                <indFinal>1</indFinal>
                <indPres>1</indPres>
                <procEmi>0</procEmi>
                <verProc>NF-E SIMULADA</verProc>
            </ide>
            <emit>
                <CNPJ>04.681.237/0001-36</CNPJ>
                <xNome>BRITO</xNome>
            </emit>
            <dest>
                <CNPJ>30.215.479/0001-44</CNPJ>
                <xNome>DAVI LUIZ CAVALCANTE</xNome>
            </dest>
            
    <det nItem="1">
        <prod>
            <cProd>9418516805201404</cProd>
            <xProd>SIT</xProd>
            <NCM>01012100</NCM>
            <CFOP>5101</CFOP>
            <uCom>UN</uCom>
            <qCom>87.91</qCom>
            <vUnCom>207.34</vUnCom>
            <vProd>18227.26</vProd>
            <rastro>
                <nLote>4291752</nLote>
                <qLote>87.91</qLote>
                <dFab>2025-08-17</dFab>
                <dVal>2026-07-11</dVal>
            </rastro>
        </prod>
        <imposto>
            <ICMS>
                <ICMS00>
                    <orig>0</orig>
                    <CST>00</CST>
                    <pICMS>18.00</pICMS>
                    <vICMS>3280.91</vICMS>
                </ICMS00>
            </ICMS>
        </imposto>
    </det>
    
    <det nItem="2">
        <prod>
            <cProd>6704863694923330</cProd>
            <xProd>CONSEQUUNTUR</xProd>
            <NCM>01012100</NCM>
            <CFOP>5101</CFOP>
            <uCom>UN</uCom>
            <qCom>44.287</qCom>
            <vUnCom>232.83</vUnCom>
            <vProd>10311.34</vProd>
            <rastro>
                <nLote>7071927</nLote>
                <qLote>44.287</qLote>
                <dFab>2025-09-23</dFab>
                <dVal>2026-04-26</dVal>
            </rastro>
        </prod>
        <imposto>
            <ICMS>
                <ICMS00>
                    <orig>0</orig>
                    <CST>00</CST>
                    <pICMS>18.00</pICMS>
                    <vICMS>1856.04</vICMS>
                </ICMS00>
            </ICMS>
        </imposto>
    </det>
    
            <total>
                <ICMSTot>
                    <vProd>28538.6</vProd>
                    <vICMS>5136.95</vICMS>
                    <vNF>28538.6</vNF>
                </ICMSTot>
            </total>
        </infNFe>
    </NFe>
</nfeProc>
