<?xml version="1.0" encoding="UTF-8"?>
<nfeProc xmlns="http://www.portalfiscal.inf.br/nfe" versao="4.00">
    <NFe xmlns="http://www.portalfiscal.inf.br/nfe">
        <infNFe Id="NFe97703506921031950644779626981518054974004338" versao="4.00">
            <ide>
                <cUF>35</cUF>
                <cNF>22031953</cNF>
                <natOp>Venda de Mercadoria</natOp>
                <mod>55</mod>
                <serie>1</serie>
                <nNF>000190</nNF>
                <dhEmi>2025-10-31T13:11:06-03:00</dhEmi>
                <tpNF>1</tpNF>
                <idDest>1</idDest>
                <cMunFG>3550308</cMunFG>
                <tpImp>1</tpImp>
                <tpEmis>1</tpEmis>
                <cDV>0</cDV>
                <tpAmb>1</tpAmb>
                <finNFe>1</finNFe>
                <indFinal>1</indFinal>
                <indPres>1</indPres>
                <procEmi>0</procEmi>
                <verProc>NF-E SIMULADA</verProc>
            </ide>
            <emit>
                <CNPJ>83.729.061/0001-11</CNPJ>
                <xNome>PINTO - ME</xNome>
            </emit>
            <dest>
                <CNPJ>09.351.867/0001-66</CNPJ>
                <xNome>ALEXIA OLIVEIRA</xNome>
            </dest>
            
    <det nItem="1">
        <prod>
            <cProd>5591897298085309</cProd>
            <xProd>LIBERO</xProd>
            <NCM>01012100</NCM>
            <CFOP>5101</CFOP>
            <uCom>UN</uCom>
            <qCom>15.185</qCom>
            <vUnCom>117.08</vUnCom>
            <vProd>1777.86</vProd>
            <rastro>
                <nLote>5119865</nLote>
                <qLote>15.185</qLote>
                <dFab>2025-07-28</dFab>
                <dVal>2026-07-31</dVal>
            </rastro>
        </prod>
        <imposto>
            <ICMS>
                <ICMS00>
                    <orig>0</orig>
                    <CST>00</CST>
                    <pICMS>18.00</pICMS>
                    <vICMS>320.01</vICMS>
                </ICMS00>
            </ICMS>
        </imposto>
    </det>
    
    <det nItem="2">
        <prod>
            <cProd>6096108925131778</cProd>
            <xProd>EIUS</xProd>
            <NCM>01012100</NCM>
            <CFOP>5101</CFOP>
            <uCom>UN</uCom>
            <qCom>93.097</qCom>
            <vUnCom>320.49</vUnCom>
            <vProd>29836.66</vProd>
            <rastro>
                <nLote>3489480</nLote>
                <qLote>93.097</qLote>
                <dFab>2025-07-26</dFab>
                <dVal>2026-07-15</dVal>
            </rastro>
        </prod>
        <imposto>
            <ICMS>
                <ICMS00>
                    <orig>0</orig>
                    <CST>00</CST>
                    <pICMS>18.00</pICMS>
                    <vICMS>5370.6</vICMS>
                </ICMS00>
            </ICMS>
        </imposto>
    </det>
    
    <det nItem="3">
        <prod>
            <cProd>7721917091438715</cProd>
            <xProd>EAQUE</xProd>
            <NCM>01012100</NCM>
            <CFOP>5101</CFOP>
            <uCom>UN</uCom>
            <qCom>90.894</qCom>
            <vUnCom>457.19</vUnCom>
            <vProd>41555.83</vProd>
            <rastro>
                <nLote>8878486</nLote>
                <qLote>90.894</qLote>
                <dFab>2025-07-25</dFab>
                <dVal>2026-04-11</dVal>
            </rastro>
        </prod>
        <imposto>
            <ICMS>
                <ICMS00>
                    <orig>0</orig>
                    <CST>00</CST>
                    <pICMS>18.00</pICMS>
                    <vICMS>7480.05</vICMS>
                </ICMS00>
            </ICMS>
        </imposto>
    </det>
    
            <total>
                <ICMSTot>
                    <vProd>73170.35</vProd>
                    <vICMS>13170.66</vICMS>
                    <vNF>73170.35</vNF>
                </ICMSTot>
            </total>
        </infNFe>
    </NFe>
</nfeProc>
