<?xml version="1.0" encoding="UTF-8"?>
<nfeProc xmlns="http://www.portalfiscal.inf.br/nfe" versao="4.00">
    <NFe xmlns="http://www.portalfiscal.inf.br/nfe">
        <infNFe Id="NFe89210146795892477399171279933038438221833142" versao="4.00">
            <ide>
                <cUF>35</cUF>
                <cNF>18503703</cNF>
                <natOp>Compra de Mercadoria</natOp>
                <mod>55</mod>
                <serie>1</serie>
                <nNF>000020</nNF>
                <dhEmi>2025-10-31T13:11:06-03:00</dhEmi>
                <tpNF>0</tpNF>
                <idDest>1</idDest>
                <cMunFG>3550308</cMunFG>
                <tpImp>1</tpImp>
                <tpEmis>1</tpEmis>
                <cDV>3</cDV>
                <tpAmb>1</tpAmb>
                <finNFe>1</finNFe>
                <indFinal>1</indFinal>
                <indPres>1</indPres>
                <procEmi>0</procEmi>
                <verProc>NF-E SIMULADA</verProc>
            </ide>
            <emit>
                <CNPJ>72.081.435/0001-19</CNPJ>
                <xNome>DA CUNHA</xNome>
            </emit>
            <dest>
                <CNPJ>31.674.829/0001-01</CNPJ>
                <xNome>DR. ANTONY COSTA</xNome>
            </dest>
            
    <det nItem="1">
        <prod>
            <cProd>9164759187459019</cProd>
            <xProd>DIGNISSIMOS</xProd>
            <NCM>01012100</NCM>
            <CFOP>5101</CFOP>
            <uCom>UN</uCom>
            <qCom>49.775</qCom>
            <vUnCom>374.0</vUnCom>
            <vProd>18615.85</vProd>
            <rastro>
                <nLote>7597312</nLote>
                <qLote>49.775</qLote>
                <dFab>2025-09-22</dFab>
                <dVal>2025-12-30</dVal>
            </rastro>
        </prod>
        <imposto>
            <ICMS>
                <ICMS00>
                    <orig>0</orig>
                    <CST>00</CST>
                    <pICMS>18.00</pICMS>
                    <vICMS>3350.85</vICMS>
                </ICMS00>
            </ICMS>
        </imposto>
    </det>
    
    <det nItem="2">
        <prod>
            <cProd>6396606309872393</cProd>
            <xProd>MINUS</xProd>
            <NCM>01012100</NCM>
            <CFOP>5101</CFOP>
            <uCom>UN</uCom>
            <qCom>33.554</qCom>
            <vUnCom>736.81</vUnCom>
            <vProd>24722.92</vProd>
            <rastro>
                <nLote>6114191</nLote>
                <qLote>33.554</qLote>
                <dFab>2025-07-29</dFab>
                <dVal>2026-08-23</dVal>
            </rastro>
        </prod>
        <imposto>
            <ICMS>
                <ICMS00>
                    <orig>0</orig>
                    <CST>00</CST>
                    <pICMS>18.00</pICMS>
                    <vICMS>4450.13</vICMS>
                </ICMS00>
            </ICMS>
        </imposto>
    </det>
    
    <det nItem="3">
        <prod>
            <cProd>7781174069740204</cProd>
            <xProd>DEBITIS</xProd>
            <NCM>01012100</NCM>
            <CFOP>5101</CFOP>
            <uCom>UN</uCom>
            <qCom>75.267</qCom>
            <vUnCom>827.73</vUnCom>
            <vProd>62300.75</vProd>
            <rastro>
                <nLote>1470740</nLote>
                <qLote>75.267</qLote>
                <dFab>2025-09-21</dFab>
                <dVal>2026-05-01</dVal>
            </rastro>
        </prod>
        <imposto>
            <ICMS>
                <ICMS00>
                    <orig>0</orig>
                    <CST>00</CST>
                    <pICMS>18.00</pICMS>
                    <vICMS>11214.14</vICMS>
                </ICMS00>
            </ICMS>
        </imposto>
    </det>
    
    <det nItem="4">
        <prod>
            <cProd>9431561226472593</cProd>
            <xProd>TOTAM</xProd>
            <NCM>01012100</NCM>
            <CFOP>5101</CFOP>
            <uCom>UN</uCom>
            <qCom>60.22</qCom>
            <vUnCom>968.14</vUnCom>
            <vProd>58301.39</vProd>
            <rastro>
                <nLote>4830869</nLote>
                <qLote>60.22</qLote>
                <dFab>2025-08-28</dFab>
                <dVal>2026-03-07</dVal>
            </rastro>
        </prod>
        <imposto>
            <ICMS>
                <ICMS00>
                    <orig>0</orig>
                    <CST>00</CST>
                    <pICMS>18.00</pICMS>
                    <vICMS>10494.25</vICMS>
                </ICMS00>
            </ICMS>
        </imposto>
    </det>
    
            <total>
                <ICMSTot>
                    <vProd>163940.91</vProd>
                    <vICMS>29509.36</vICMS>
                    <vNF>163940.91</vNF>
                </ICMSTot>
            </total>
        </infNFe>
    </NFe>
</nfeProc>
