<?xml version="1.0" encoding="UTF-8"?>
<nfeProc xmlns="http://www.portalfiscal.inf.br/nfe" versao="4.00">
    <NFe xmlns="http://www.portalfiscal.inf.br/nfe">
        <infNFe Id="NFe20699853753532177541248077954839579105728233" versao="4.00">
            <ide>
                <cUF>35</cUF>
                <cNF>48216212</cNF>
                <natOp>Venda de Mercadoria</natOp>
                <mod>55</mod>
                <serie>1</serie>
                <nNF>000129</nNF>
                <dhEmi>2025-10-31T13:11:06-03:00</dhEmi>
                <tpNF>1</tpNF>
                <idDest>1</idDest>
                <cMunFG>3550308</cMunFG>
                <tpImp>1</tpImp>
                <tpEmis>1</tpEmis>
                <cDV>5</cDV>
                <tpAmb>1</tpAmb>
                <finNFe>1</finNFe>
                <indFinal>1</indFinal>
                <indPres>1</indPres>
                <procEmi>0</procEmi>
                <verProc>NF-E SIMULADA</verProc>
            </ide>
            <emit>
                <CNPJ>02.591.487/0001-50</CNPJ>
                <xNome>AZEVEDO</xNome>
            </emit>
            <dest>
                <CNPJ>75.436.108/0001-20</CNPJ>
                <xNome>MAYA ARAÚJO</xNome>
            </dest>
            
    <det nItem="1">
        <prod>
            <cProd>7191925300515963</cProd>
            <xProd>ASPERIORES</xProd>
            <NCM>01012100</NCM>
            <CFOP>5101</CFOP>
            <uCom>UN</uCom>
            <qCom>63.16</qCom>
            <vUnCom>814.21</vUnCom>
            <vProd>51425.5</vProd>
            <rastro>
                <nLote>9783959</nLote>
                <qLote>63.16</qLote>
                <dFab>2025-08-10</dFab>
                <dVal>2026-02-02</dVal>
            </rastro>
        </prod>
        <imposto>
            <ICMS>
                <ICMS00>
                    <orig>0</orig>
                    <CST>00</CST>
                    <pICMS>18.00</pICMS>
                    <vICMS>9256.59</vICMS>
                </ICMS00>
            </ICMS>
        </imposto>
    </det>
    
    <det nItem="2">
        <prod>
            <cProd>7707582253853463</cProd>
            <xProd>QUI</xProd>
            <NCM>01012100</NCM>
            <CFOP>5101</CFOP>
            <uCom>UN</uCom>
            <qCom>16.156</qCom>
            <vUnCom>147.8</vUnCom>
            <vProd>2387.86</vProd>
            <rastro>
                <nLote>4649000</nLote>
                <qLote>16.156</qLote>
                <dFab>2025-08-16</dFab>
                <dVal>2026-10-22</dVal>
            </rastro>
        </prod>
        <imposto>
            <ICMS>
                <ICMS00>
                    <orig>0</orig>
                    <CST>00</CST>
                    <pICMS>18.00</pICMS>
                    <vICMS>429.81</vICMS>
                </ICMS00>
            </ICMS>
        </imposto>
    </det>
    
            <total>
                <ICMSTot>
                    <vProd>53813.36</vProd>
                    <vICMS>9686.4</vICMS>
                    <vNF>53813.36</vNF>
                </ICMSTot>
            </total>
        </infNFe>
    </NFe>
</nfeProc>
