<?xml version="1.0" encoding="UTF-8"?>
<nfeProc xmlns="http://www.portalfiscal.inf.br/nfe" versao="4.00">
    <NFe xmlns="http://www.portalfiscal.inf.br/nfe">
        <infNFe Id="NFe74491100575043059730028667452229250725380977" versao="4.00">
            <ide>
                <cUF>35</cUF>
                <cNF>14984136</cNF>
                <natOp>Compra de Mercadoria</natOp>
                <mod>55</mod>
                <serie>1</serie>
                <nNF>000035</nNF>
                <dhEmi>2025-10-31T13:11:06-03:00</dhEmi>
                <tpNF>0</tpNF>
                <idDest>1</idDest>
                <cMunFG>3550308</cMunFG>
                <tpImp>1</tpImp>
                <tpEmis>1</tpEmis>
                <cDV>6</cDV>
                <tpAmb>1</tpAmb>
                <finNFe>1</finNFe>
                <indFinal>1</indFinal>
                <indPres>1</indPres>
                <procEmi>0</procEmi>
                <verProc>NF-E SIMULADA</verProc>
            </ide>
            <emit>
                <CNPJ>98.267.513/0001-68</CNPJ>
                <xNome>DA LUZ SILVA - EI</xNome>
            </emit>
            <dest>
                <CNPJ>35.764.021/0001-68</CNPJ>
                <xNome>BENJAMIM BRITO</xNome>
            </dest>
            
    <det nItem="1">
        <prod>
            <cProd>4069715150858680</cProd>
            <xProd>REPREHENDERIT</xProd>
            <NCM>01012100</NCM>
            <CFOP>5101</CFOP>
            <uCom>UN</uCom>
            <qCom>70.145</qCom>
            <vUnCom>286.99</vUnCom>
            <vProd>20130.91</vProd>
            <rastro>
                <nLote>5485066</nLote>
                <qLote>70.145</qLote>
                <dFab>2025-10-27</dFab>
                <dVal>2026-03-06</dVal>
            </rastro>
        </prod>
        <imposto>
            <ICMS>
                <ICMS00>
                    <orig>0</orig>
                    <CST>00</CST>
                    <pICMS>18.00</pICMS>
                    <vICMS>3623.56</vICMS>
                </ICMS00>
            </ICMS>
        </imposto>
    </det>
    
    <det nItem="2">
        <prod>
            <cProd>9341187908312339</cProd>
            <xProd>A</xProd>
            <NCM>01012100</NCM>
            <CFOP>5101</CFOP>
            <uCom>UN</uCom>
            <qCom>26.896</qCom>
            <vUnCom>290.9</vUnCom>
            <vProd>7824.05</vProd>
            <rastro>
                <nLote>7270143</nLote>
                <qLote>26.896</qLote>
                <dFab>2025-07-31</dFab>
                <dVal>2026-02-03</dVal>
            </rastro>
        </prod>
        <imposto>
            <ICMS>
                <ICMS00>
                    <orig>0</orig>
                    <CST>00</CST>
                    <pICMS>18.00</pICMS>
                    <vICMS>1408.33</vICMS>
                </ICMS00>
            </ICMS>
        </imposto>
    </det>
    
    <det nItem="3">
        <prod>
            <cProd>2961996891917407</cProd>
            <xProd>RECUSANDAE</xProd>
            <NCM>01012100</NCM>
            <CFOP>5101</CFOP>
            <uCom>UN</uCom>
            <qCom>12.536</qCom>
            <vUnCom>147.59</vUnCom>
            <vProd>1850.19</vProd>
            <rastro>
                <nLote>7277895</nLote>
                <qLote>12.536</qLote>
                <dFab>2025-08-04</dFab>
                <dVal>2026-09-25</dVal>
            </rastro>
        </prod>
        <imposto>
            <ICMS>
                <ICMS00>
                    <orig>0</orig>
                    <CST>00</CST>
                    <pICMS>18.00</pICMS>
                    <vICMS>333.03</vICMS>
                </ICMS00>
            </ICMS>
        </imposto>
    </det>
    
    <det nItem="4">
        <prod>
            <cProd>9641263118407500</cProd>
            <xProd>TENETUR</xProd>
            <NCM>01012100</NCM>
            <CFOP>5101</CFOP>
            <uCom>UN</uCom>
            <qCom>58.205</qCom>
            <vUnCom>636.55</vUnCom>
            <vProd>37050.39</vProd>
            <rastro>
                <nLote>7234883</nLote>
                <qLote>58.205</qLote>
                <dFab>2025-10-20</dFab>
                <dVal>2025-12-11</dVal>
            </rastro>
        </prod>
        <imposto>
            <ICMS>
                <ICMS00>
                    <orig>0</orig>
                    <CST>00</CST>
                    <pICMS>18.00</pICMS>
                    <vICMS>6669.07</vICMS>
                </ICMS00>
            </ICMS>
        </imposto>
    </det>
    
            <total>
                <ICMSTot>
                    <vProd>66855.54</vProd>
                    <vICMS>12034.0</vICMS>
                    <vNF>66855.54</vNF>
                </ICMSTot>
            </total>
        </infNFe>
    </NFe>
</nfeProc>
