<?xml version="1.0" encoding="UTF-8"?>
<nfeProc xmlns="http://www.portalfiscal.inf.br/nfe" versao="4.00">
    <NFe xmlns="http://www.portalfiscal.inf.br/nfe">
        <infNFe Id="NFe48445472521545395687613764792599753343275601" versao="4.00">
            <ide>
                <cUF>35</cUF>
                <cNF>62281092</cNF>
                <natOp>Compra de Mercadoria</natOp>
                <mod>55</mod>
                <serie>1</serie>
                <nNF>000433</nNF>
                <dhEmi>2025-10-31T13:11:06-03:00</dhEmi>
                <tpNF>0</tpNF>
                <idDest>1</idDest>
                <cMunFG>3550308</cMunFG>
                <tpImp>1</tpImp>
                <tpEmis>1</tpEmis>
                <cDV>1</cDV>
                <tpAmb>1</tpAmb>
                <finNFe>1</finNFe>
                <indFinal>1</indFinal>
                <indPres>1</indPres>
                <procEmi>0</procEmi>
                <verProc>NF-E SIMULADA</verProc>
            </ide>
            <emit>
                <CNPJ>98.234.106/0001-54</CNPJ>
                <xNome>PACHECO</xNome>
            </emit>
            <dest>
                <CNPJ>67.859.021/0001-38</CNPJ>
                <xNome>DR. ANDRÉ GONÇALVES</xNome>
            </dest>
            
    <det nItem="1">
        <prod>
            <cProd>3141873317118730</cProd>
            <xProd>EIUS</xProd>
            <NCM>01012100</NCM>
            <CFOP>5101</CFOP>
            <uCom>UN</uCom>
            <qCom>63.956</qCom>
            <vUnCom>679.4</vUnCom>
            <vProd>43451.71</vProd>
            <rastro>
                <nLote>5376815</nLote>
                <qLote>63.956</qLote>
                <dFab>2025-08-18</dFab>
                <dVal>2026-05-17</dVal>
            </rastro>
        </prod>
        <imposto>
            <ICMS>
                <ICMS00>
                    <orig>0</orig>
                    <CST>00</CST>
                    <pICMS>18.00</pICMS>
                    <vICMS>7821.31</vICMS>
                </ICMS00>
            </ICMS>
        </imposto>
    </det>
    
            <total>
                <ICMSTot>
                    <vProd>43451.71</vProd>
                    <vICMS>7821.31</vICMS>
                    <vNF>43451.71</vNF>
                </ICMSTot>
            </total>
        </infNFe>
    </NFe>
</nfeProc>
