<?xml version="1.0" encoding="UTF-8"?>
<nfeProc xmlns="http://www.portalfiscal.inf.br/nfe" versao="4.00">
    <NFe xmlns="http://www.portalfiscal.inf.br/nfe">
        <infNFe Id="NFe12616142960030272021645224577624274782762943" versao="4.00">
            <ide>
                <cUF>35</cUF>
                <cNF>34932941</cNF>
                <natOp>Compra de Mercadoria</natOp>
                <mod>55</mod>
                <serie>1</serie>
                <nNF>000352</nNF>
                <dhEmi>2025-10-31T13:11:06-03:00</dhEmi>
                <tpNF>0</tpNF>
                <idDest>1</idDest>
                <cMunFG>3550308</cMunFG>
                <tpImp>1</tpImp>
                <tpEmis>1</tpEmis>
                <cDV>3</cDV>
                <tpAmb>1</tpAmb>
                <finNFe>1</finNFe>
                <indFinal>1</indFinal>
                <indPres>1</indPres>
                <procEmi>0</procEmi>
                <verProc>NF-E SIMULADA</verProc>
            </ide>
            <emit>
                <CNPJ>21.598.604/0001-51</CNPJ>
                <xNome>DA COSTA OLIVEIRA - EI</xNome>
            </emit>
            <dest>
                <CNPJ>15.908.643/0001-05</CNPJ>
                <xNome>JOSÉ PEDRO CAVALCANTI</xNome>
            </dest>
            
    <det nItem="1">
        <prod>
            <cProd>7002412747525820</cProd>
            <xProd>VERITATIS</xProd>
            <NCM>01012100</NCM>
            <CFOP>5101</CFOP>
            <uCom>UN</uCom>
            <qCom>34.616</qCom>
            <vUnCom>490.76</vUnCom>
            <vProd>16988.15</vProd>
            <rastro>
                <nLote>9415806</nLote>
                <qLote>34.616</qLote>
                <dFab>2025-08-03</dFab>
                <dVal>2026-02-14</dVal>
            </rastro>
        </prod>
        <imposto>
            <ICMS>
                <ICMS00>
                    <orig>0</orig>
                    <CST>00</CST>
                    <pICMS>18.00</pICMS>
                    <vICMS>3057.87</vICMS>
                </ICMS00>
            </ICMS>
        </imposto>
    </det>
    
    <det nItem="2">
        <prod>
            <cProd>3052223418143205</cProd>
            <xProd>RATIONE</xProd>
            <NCM>01012100</NCM>
            <CFOP>5101</CFOP>
            <uCom>UN</uCom>
            <qCom>88.348</qCom>
            <vUnCom>506.59</vUnCom>
            <vProd>44756.21</vProd>
            <rastro>
                <nLote>4801126</nLote>
                <qLote>88.348</qLote>
                <dFab>2025-10-20</dFab>
                <dVal>2026-03-15</dVal>
            </rastro>
        </prod>
        <imposto>
            <ICMS>
                <ICMS00>
                    <orig>0</orig>
                    <CST>00</CST>
                    <pICMS>18.00</pICMS>
                    <vICMS>8056.12</vICMS>
                </ICMS00>
            </ICMS>
        </imposto>
    </det>
    
    <det nItem="3">
        <prod>
            <cProd>2187058789936455</cProd>
            <xProd>SEQUI</xProd>
            <NCM>01012100</NCM>
            <CFOP>5101</CFOP>
            <uCom>UN</uCom>
            <qCom>19.641</qCom>
            <vUnCom>753.44</vUnCom>
            <vProd>14798.32</vProd>
            <rastro>
                <nLote>6473405</nLote>
                <qLote>19.641</qLote>
                <dFab>2025-09-13</dFab>
                <dVal>2026-03-28</dVal>
            </rastro>
        </prod>
        <imposto>
            <ICMS>
                <ICMS00>
                    <orig>0</orig>
                    <CST>00</CST>
                    <pICMS>18.00</pICMS>
                    <vICMS>2663.7</vICMS>
                </ICMS00>
            </ICMS>
        </imposto>
    </det>
    
    <det nItem="4">
        <prod>
            <cProd>7099961673257657</cProd>
            <xProd>QUAM</xProd>
            <NCM>01012100</NCM>
            <CFOP>5101</CFOP>
            <uCom>UN</uCom>
            <qCom>89.007</qCom>
            <vUnCom>760.89</vUnCom>
            <vProd>67724.54</vProd>
            <rastro>
                <nLote>8057806</nLote>
                <qLote>89.007</qLote>
                <dFab>2025-09-16</dFab>
                <dVal>2026-01-29</dVal>
            </rastro>
        </prod>
        <imposto>
            <ICMS>
                <ICMS00>
                    <orig>0</orig>
                    <CST>00</CST>
                    <pICMS>18.00</pICMS>
                    <vICMS>12190.42</vICMS>
                </ICMS00>
            </ICMS>
        </imposto>
    </det>
    
    <det nItem="5">
        <prod>
            <cProd>1952634757239474</cProd>
            <xProd>IPSAM</xProd>
            <NCM>01012100</NCM>
            <CFOP>5101</CFOP>
            <uCom>UN</uCom>
            <qCom>62.647</qCom>
            <vUnCom>987.36</vUnCom>
            <vProd>61855.14</vProd>
            <rastro>
                <nLote>6161691</nLote>
                <qLote>62.647</qLote>
                <dFab>2025-09-25</dFab>
                <dVal>2026-04-24</dVal>
            </rastro>
        </prod>
        <imposto>
            <ICMS>
                <ICMS00>
                    <orig>0</orig>
                    <CST>00</CST>
                    <pICMS>18.00</pICMS>
                    <vICMS>11133.93</vICMS>
                </ICMS00>
            </ICMS>
        </imposto>
    </det>
    
            <total>
                <ICMSTot>
                    <vProd>206122.36</vProd>
                    <vICMS>37102.02</vICMS>
                    <vNF>206122.36</vNF>
                </ICMSTot>
            </total>
        </infNFe>
    </NFe>
</nfeProc>
