<?xml version="1.0" encoding="UTF-8"?>
<nfeProc xmlns="http://www.portalfiscal.inf.br/nfe" versao="4.00">
    <NFe xmlns="http://www.portalfiscal.inf.br/nfe">
        <infNFe Id="NFe28796813584399719573036683313016162439284564" versao="4.00">
            <ide>
                <cUF>35</cUF>
                <cNF>88849760</cNF>
                <natOp>Venda de Mercadoria</natOp>
                <mod>55</mod>
                <serie>1</serie>
                <nNF>000271</nNF>
                <dhEmi>2025-10-31T13:11:06-03:00</dhEmi>
                <tpNF>1</tpNF>
                <idDest>1</idDest>
                <cMunFG>3550308</cMunFG>
                <tpImp>1</tpImp>
                <tpEmis>1</tpEmis>
                <cDV>7</cDV>
                <tpAmb>1</tpAmb>
                <finNFe>1</finNFe>
                <indFinal>1</indFinal>
                <indPres>1</indPres>
                <procEmi>0</procEmi>
                <verProc>NF-E SIMULADA</verProc>
            </ide>
            <emit>
                <CNPJ>35.789.106/0001-09</CNPJ>
                <xNome>MOURA PIRES - EI</xNome>
            </emit>
            <dest>
                <CNPJ>80.142.659/0001-11</CNPJ>
                <xNome>MIRELLA FERNANDES</xNome>
            </dest>
            
    <det nItem="1">
        <prod>
            <cProd>7066126236622414</cProd>
            <xProd>EXCEPTURI</xProd>
            <NCM>01012100</NCM>
            <CFOP>5101</CFOP>
            <uCom>UN</uCom>
            <qCom>67.353</qCom>
            <vUnCom>985.51</vUnCom>
            <vProd>66377.06</vProd>
            <rastro>
                <nLote>7467031</nLote>
                <qLote>67.353</qLote>
                <dFab>2025-10-11</dFab>
                <dVal>2026-02-02</dVal>
            </rastro>
        </prod>
        <imposto>
            <ICMS>
                <ICMS00>
                    <orig>0</orig>
                    <CST>00</CST>
                    <pICMS>18.00</pICMS>
                    <vICMS>11947.87</vICMS>
                </ICMS00>
            </ICMS>
        </imposto>
    </det>
    
    <det nItem="2">
        <prod>
            <cProd>2523821622311118</cProd>
            <xProd>DELECTUS</xProd>
            <NCM>01012100</NCM>
            <CFOP>5101</CFOP>
            <uCom>UN</uCom>
            <qCom>39.321</qCom>
            <vUnCom>278.62</vUnCom>
            <vProd>10955.62</vProd>
            <rastro>
                <nLote>3378203</nLote>
                <qLote>39.321</qLote>
                <dFab>2025-10-04</dFab>
                <dVal>2026-04-01</dVal>
            </rastro>
        </prod>
        <imposto>
            <ICMS>
                <ICMS00>
                    <orig>0</orig>
                    <CST>00</CST>
                    <pICMS>18.00</pICMS>
                    <vICMS>1972.01</vICMS>
                </ICMS00>
            </ICMS>
        </imposto>
    </det>
    
    <det nItem="3">
        <prod>
            <cProd>5651525202907396</cProd>
            <xProd>IURE</xProd>
            <NCM>01012100</NCM>
            <CFOP>5101</CFOP>
            <uCom>UN</uCom>
            <qCom>70.54</qCom>
            <vUnCom>217.3</vUnCom>
            <vProd>15328.34</vProd>
            <rastro>
                <nLote>3603878</nLote>
                <qLote>70.54</qLote>
                <dFab>2025-08-21</dFab>
                <dVal>2026-08-26</dVal>
            </rastro>
        </prod>
        <imposto>
            <ICMS>
                <ICMS00>
                    <orig>0</orig>
                    <CST>00</CST>
                    <pICMS>18.00</pICMS>
                    <vICMS>2759.1</vICMS>
                </ICMS00>
            </ICMS>
        </imposto>
    </det>
    
    <det nItem="4">
        <prod>
            <cProd>6887702412635811</cProd>
            <xProd>DISTINCTIO</xProd>
            <NCM>01012100</NCM>
            <CFOP>5101</CFOP>
            <uCom>UN</uCom>
            <qCom>91.649</qCom>
            <vUnCom>61.32</vUnCom>
            <vProd>5619.92</vProd>
            <rastro>
                <nLote>7142047</nLote>
                <qLote>91.649</qLote>
                <dFab>2025-09-29</dFab>
                <dVal>2026-01-19</dVal>
            </rastro>
        </prod>
        <imposto>
            <ICMS>
                <ICMS00>
                    <orig>0</orig>
                    <CST>00</CST>
                    <pICMS>18.00</pICMS>
                    <vICMS>1011.59</vICMS>
                </ICMS00>
            </ICMS>
        </imposto>
    </det>
    
    <det nItem="5">
        <prod>
            <cProd>7733666649994535</cProd>
            <xProd>MAGNAM</xProd>
            <NCM>01012100</NCM>
            <CFOP>5101</CFOP>
            <uCom>UN</uCom>
            <qCom>36.466</qCom>
            <vUnCom>817.03</vUnCom>
            <vProd>29793.82</vProd>
            <rastro>
                <nLote>6704337</nLote>
                <qLote>36.466</qLote>
                <dFab>2025-07-31</dFab>
                <dVal>2026-09-06</dVal>
            </rastro>
        </prod>
        <imposto>
            <ICMS>
                <ICMS00>
                    <orig>0</orig>
                    <CST>00</CST>
                    <pICMS>18.00</pICMS>
                    <vICMS>5362.89</vICMS>
                </ICMS00>
            </ICMS>
        </imposto>
    </det>
    
            <total>
                <ICMSTot>
                    <vProd>128074.76</vProd>
                    <vICMS>23053.46</vICMS>
                    <vNF>128074.76</vNF>
                </ICMSTot>
            </total>
        </infNFe>
    </NFe>
</nfeProc>
