<?xml version="1.0" encoding="UTF-8"?>
<nfeProc xmlns="http://www.portalfiscal.inf.br/nfe" versao="4.00">
    <NFe xmlns="http://www.portalfiscal.inf.br/nfe">
        <infNFe Id="NFe65426128349484196952170536326732995160451329" versao="4.00">
            <ide>
                <cUF>35</cUF>
                <cNF>23149272</cNF>
                <natOp>Venda de Mercadoria</natOp>
                <mod>55</mod>
                <serie>1</serie>
                <nNF>000224</nNF>
                <dhEmi>2025-10-31T13:11:06-03:00</dhEmi>
                <tpNF>1</tpNF>
                <idDest>1</idDest>
                <cMunFG>3550308</cMunFG>
                <tpImp>1</tpImp>
                <tpEmis>1</tpEmis>
                <cDV>3</cDV>
                <tpAmb>1</tpAmb>
                <finNFe>1</finNFe>
                <indFinal>1</indFinal>
                <indPres>1</indPres>
                <procEmi>0</procEmi>
                <verProc>NF-E SIMULADA</verProc>
            </ide>
            <emit>
                <CNPJ>65.423.089/0001-44</CNPJ>
                <xNome>CORREIA</xNome>
            </emit>
            <dest>
                <CNPJ>34.685.917/0001-99</CNPJ>
                <xNome>MATHIAS OLIVEIRA</xNome>
            </dest>
            
    <det nItem="1">
        <prod>
            <cProd>4520595124288245</cProd>
            <xProd>EIUS</xProd>
            <NCM>01012100</NCM>
            <CFOP>5101</CFOP>
            <uCom>UN</uCom>
            <qCom>1.137</qCom>
            <vUnCom>339.92</vUnCom>
            <vProd>386.49</vProd>
            <rastro>
                <nLote>7647685</nLote>
                <qLote>1.137</qLote>
                <dFab>2025-09-08</dFab>
                <dVal>2026-01-17</dVal>
            </rastro>
        </prod>
        <imposto>
            <ICMS>
                <ICMS00>
                    <orig>0</orig>
                    <CST>00</CST>
                    <pICMS>18.00</pICMS>
                    <vICMS>69.57</vICMS>
                </ICMS00>
            </ICMS>
        </imposto>
    </det>
    
    <det nItem="2">
        <prod>
            <cProd>6153191415315311</cProd>
            <xProd>PARIATUR</xProd>
            <NCM>01012100</NCM>
            <CFOP>5101</CFOP>
            <uCom>UN</uCom>
            <qCom>12.229</qCom>
            <vUnCom>437.39</vUnCom>
            <vProd>5348.84</vProd>
            <rastro>
                <nLote>6413957</nLote>
                <qLote>12.229</qLote>
                <dFab>2025-08-04</dFab>
                <dVal>2026-04-20</dVal>
            </rastro>
        </prod>
        <imposto>
            <ICMS>
                <ICMS00>
                    <orig>0</orig>
                    <CST>00</CST>
                    <pICMS>18.00</pICMS>
                    <vICMS>962.79</vICMS>
                </ICMS00>
            </ICMS>
        </imposto>
    </det>
    
    <det nItem="3">
        <prod>
            <cProd>2318280253915515</cProd>
            <xProd>CUMQUE</xProd>
            <NCM>01012100</NCM>
            <CFOP>5101</CFOP>
            <uCom>UN</uCom>
            <qCom>60.182</qCom>
            <vUnCom>227.57</vUnCom>
            <vProd>13695.62</vProd>
            <rastro>
                <nLote>4403294</nLote>
                <qLote>60.182</qLote>
                <dFab>2025-09-21</dFab>
                <dVal>2026-09-03</dVal>
            </rastro>
        </prod>
        <imposto>
            <ICMS>
                <ICMS00>
                    <orig>0</orig>
                    <CST>00</CST>
                    <pICMS>18.00</pICMS>
                    <vICMS>2465.21</vICMS>
                </ICMS00>
            </ICMS>
        </imposto>
    </det>
    
            <total>
                <ICMSTot>
                    <vProd>19430.95</vProd>
                    <vICMS>3497.57</vICMS>
                    <vNF>19430.95</vNF>
                </ICMSTot>
            </total>
        </infNFe>
    </NFe>
</nfeProc>
