<?xml version="1.0" encoding="UTF-8"?>
<nfeProc xmlns="http://www.portalfiscal.inf.br/nfe" versao="4.00">
    <NFe xmlns="http://www.portalfiscal.inf.br/nfe">
        <infNFe Id="NFe87548639239016800983549830182567591084702843" versao="4.00">
            <ide>
                <cUF>35</cUF>
                <cNF>77260158</cNF>
                <natOp>Compra de Mercadoria</natOp>
                <mod>55</mod>
                <serie>1</serie>
                <nNF>000434</nNF>
                <dhEmi>2025-10-31T13:11:06-03:00</dhEmi>
                <tpNF>0</tpNF>
                <idDest>1</idDest>
                <cMunFG>3550308</cMunFG>
                <tpImp>1</tpImp>
                <tpEmis>1</tpEmis>
                <cDV>7</cDV>
                <tpAmb>1</tpAmb>
                <finNFe>1</finNFe>
                <indFinal>1</indFinal>
                <indPres>1</indPres>
                <procEmi>0</procEmi>
                <verProc>NF-E SIMULADA</verProc>
            </ide>
            <emit>
                <CNPJ>98.412.056/0001-58</CNPJ>
                <xNome>VIANA</xNome>
            </emit>
            <dest>
                <CNPJ>71.386.245/0001-47</CNPJ>
                <xNome>AYLLA DA CRUZ</xNome>
            </dest>
            
    <det nItem="1">
        <prod>
            <cProd>4007433904677233</cProd>
            <xProd>SAEPE</xProd>
            <NCM>01012100</NCM>
            <CFOP>5101</CFOP>
            <uCom>UN</uCom>
            <qCom>79.212</qCom>
            <vUnCom>529.57</vUnCom>
            <vProd>41948.3</vProd>
            <rastro>
                <nLote>2782033</nLote>
                <qLote>79.212</qLote>
                <dFab>2025-09-28</dFab>
                <dVal>2026-06-21</dVal>
            </rastro>
        </prod>
        <imposto>
            <ICMS>
                <ICMS00>
                    <orig>0</orig>
                    <CST>00</CST>
                    <pICMS>18.00</pICMS>
                    <vICMS>7550.69</vICMS>
                </ICMS00>
            </ICMS>
        </imposto>
    </det>
    
    <det nItem="2">
        <prod>
            <cProd>3238299222613906</cProd>
            <xProd>IURE</xProd>
            <NCM>01012100</NCM>
            <CFOP>5101</CFOP>
            <uCom>UN</uCom>
            <qCom>29.665</qCom>
            <vUnCom>235.51</vUnCom>
            <vProd>6986.4</vProd>
            <rastro>
                <nLote>3995572</nLote>
                <qLote>29.665</qLote>
                <dFab>2025-09-07</dFab>
                <dVal>2026-08-10</dVal>
            </rastro>
        </prod>
        <imposto>
            <ICMS>
                <ICMS00>
                    <orig>0</orig>
                    <CST>00</CST>
                    <pICMS>18.00</pICMS>
                    <vICMS>1257.55</vICMS>
                </ICMS00>
            </ICMS>
        </imposto>
    </det>
    
    <det nItem="3">
        <prod>
            <cProd>6502623672013260</cProd>
            <xProd>AUTEM</xProd>
            <NCM>01012100</NCM>
            <CFOP>5101</CFOP>
            <uCom>UN</uCom>
            <qCom>29.628</qCom>
            <vUnCom>211.85</vUnCom>
            <vProd>6276.69</vProd>
            <rastro>
                <nLote>2904783</nLote>
                <qLote>29.628</qLote>
                <dFab>2025-08-23</dFab>
                <dVal>2026-05-06</dVal>
            </rastro>
        </prod>
        <imposto>
            <ICMS>
                <ICMS00>
                    <orig>0</orig>
                    <CST>00</CST>
                    <pICMS>18.00</pICMS>
                    <vICMS>1129.8</vICMS>
                </ICMS00>
            </ICMS>
        </imposto>
    </det>
    
    <det nItem="4">
        <prod>
            <cProd>3465111222204457</cProd>
            <xProd>SINT</xProd>
            <NCM>01012100</NCM>
            <CFOP>5101</CFOP>
            <uCom>UN</uCom>
            <qCom>83.358</qCom>
            <vUnCom>394.19</vUnCom>
            <vProd>32858.89</vProd>
            <rastro>
                <nLote>8515137</nLote>
                <qLote>83.358</qLote>
                <dFab>2025-10-28</dFab>
                <dVal>2026-02-13</dVal>
            </rastro>
        </prod>
        <imposto>
            <ICMS>
                <ICMS00>
                    <orig>0</orig>
                    <CST>00</CST>
                    <pICMS>18.00</pICMS>
                    <vICMS>5914.6</vICMS>
                </ICMS00>
            </ICMS>
        </imposto>
    </det>
    
            <total>
                <ICMSTot>
                    <vProd>88070.28</vProd>
                    <vICMS>15852.65</vICMS>
                    <vNF>88070.28</vNF>
                </ICMSTot>
            </total>
        </infNFe>
    </NFe>
</nfeProc>
