<?xml version="1.0" encoding="UTF-8"?>
<nfeProc xmlns="http://www.portalfiscal.inf.br/nfe" versao="4.00">
    <NFe xmlns="http://www.portalfiscal.inf.br/nfe">
        <infNFe Id="NFe80656234841358461480732944386729356394352965" versao="4.00">
            <ide>
                <cUF>35</cUF>
                <cNF>21900582</cNF>
                <natOp>Venda de Mercadoria</natOp>
                <mod>55</mod>
                <serie>1</serie>
                <nNF>000169</nNF>
                <dhEmi>2025-10-31T13:11:06-03:00</dhEmi>
                <tpNF>1</tpNF>
                <idDest>1</idDest>
                <cMunFG>3550308</cMunFG>
                <tpImp>1</tpImp>
                <tpEmis>1</tpEmis>
                <cDV>3</cDV>
                <tpAmb>1</tpAmb>
                <finNFe>1</finNFe>
                <indFinal>1</indFinal>
                <indPres>1</indPres>
                <procEmi>0</procEmi>
                <verProc>NF-E SIMULADA</verProc>
            </ide>
            <emit>
                <CNPJ>71.369.428/0001-54</CNPJ>
                <xNome>CARVALHO</xNome>
            </emit>
            <dest>
                <CNPJ>17.863.495/0001-85</CNPJ>
                <xNome>EDUARDO PIMENTA</xNome>
            </dest>
            
    <det nItem="1">
        <prod>
            <cProd>1572771794801340</cProd>
            <xProd>VOLUPTAS</xProd>
            <NCM>01012100</NCM>
            <CFOP>5101</CFOP>
            <uCom>UN</uCom>
            <qCom>53.74</qCom>
            <vUnCom>890.5</vUnCom>
            <vProd>47855.47</vProd>
            <rastro>
                <nLote>6972489</nLote>
                <qLote>53.74</qLote>
                <dFab>2025-08-10</dFab>
                <dVal>2025-12-26</dVal>
            </rastro>
        </prod>
        <imposto>
            <ICMS>
                <ICMS00>
                    <orig>0</orig>
                    <CST>00</CST>
                    <pICMS>18.00</pICMS>
                    <vICMS>8613.98</vICMS>
                </ICMS00>
            </ICMS>
        </imposto>
    </det>
    
    <det nItem="2">
        <prod>
            <cProd>5654600205635353</cProd>
            <xProd>AMET</xProd>
            <NCM>01012100</NCM>
            <CFOP>5101</CFOP>
            <uCom>UN</uCom>
            <qCom>9.174</qCom>
            <vUnCom>368.53</vUnCom>
            <vProd>3380.89</vProd>
            <rastro>
                <nLote>9067176</nLote>
                <qLote>9.174</qLote>
                <dFab>2025-09-23</dFab>
                <dVal>2026-05-12</dVal>
            </rastro>
        </prod>
        <imposto>
            <ICMS>
                <ICMS00>
                    <orig>0</orig>
                    <CST>00</CST>
                    <pICMS>18.00</pICMS>
                    <vICMS>608.56</vICMS>
                </ICMS00>
            </ICMS>
        </imposto>
    </det>
    
    <det nItem="3">
        <prod>
            <cProd>6173401634976111</cProd>
            <xProd>CONSEQUATUR</xProd>
            <NCM>01012100</NCM>
            <CFOP>5101</CFOP>
            <uCom>UN</uCom>
            <qCom>54.34</qCom>
            <vUnCom>866.27</vUnCom>
            <vProd>47073.11</vProd>
            <rastro>
                <nLote>6323408</nLote>
                <qLote>54.34</qLote>
                <dFab>2025-10-17</dFab>
                <dVal>2026-08-10</dVal>
            </rastro>
        </prod>
        <imposto>
            <ICMS>
                <ICMS00>
                    <orig>0</orig>
                    <CST>00</CST>
                    <pICMS>18.00</pICMS>
                    <vICMS>8473.16</vICMS>
                </ICMS00>
            </ICMS>
        </imposto>
    </det>
    
    <det nItem="4">
        <prod>
            <cProd>3766809094603027</cProd>
            <xProd>SINT</xProd>
            <NCM>01012100</NCM>
            <CFOP>5101</CFOP>
            <uCom>UN</uCom>
            <qCom>24.715</qCom>
            <vUnCom>815.72</vUnCom>
            <vProd>20160.52</vProd>
            <rastro>
                <nLote>1133081</nLote>
                <qLote>24.715</qLote>
                <dFab>2025-07-30</dFab>
                <dVal>2026-07-29</dVal>
            </rastro>
        </prod>
        <imposto>
            <ICMS>
                <ICMS00>
                    <orig>0</orig>
                    <CST>00</CST>
                    <pICMS>18.00</pICMS>
                    <vICMS>3628.89</vICMS>
                </ICMS00>
            </ICMS>
        </imposto>
    </det>
    
            <total>
                <ICMSTot>
                    <vProd>118469.99</vProd>
                    <vICMS>21324.6</vICMS>
                    <vNF>118469.99</vNF>
                </ICMSTot>
            </total>
        </infNFe>
    </NFe>
</nfeProc>
