<?xml version="1.0" encoding="UTF-8"?>
<nfeProc xmlns="http://www.portalfiscal.inf.br/nfe" versao="4.00">
    <NFe xmlns="http://www.portalfiscal.inf.br/nfe">
        <infNFe Id="NFe70735904119106741485071635022701356985011795" versao="4.00">
            <ide>
                <cUF>35</cUF>
                <cNF>21681034</cNF>
                <natOp>Venda de Mercadoria</natOp>
                <mod>55</mod>
                <serie>1</serie>
                <nNF>000316</nNF>
                <dhEmi>2025-10-31T13:11:06-03:00</dhEmi>
                <tpNF>1</tpNF>
                <idDest>1</idDest>
                <cMunFG>3550308</cMunFG>
                <tpImp>1</tpImp>
                <tpEmis>1</tpEmis>
                <cDV>2</cDV>
                <tpAmb>1</tpAmb>
                <finNFe>1</finNFe>
                <indFinal>1</indFinal>
                <indPres>1</indPres>
                <procEmi>0</procEmi>
                <verProc>NF-E SIMULADA</verProc>
            </ide>
            <emit>
                <CNPJ>47.952.130/0001-98</CNPJ>
                <xNome>MONTENEGRO</xNome>
            </emit>
            <dest>
                <CNPJ>12.608.549/0001-42</CNPJ>
                <xNome>GABRIEL MORAES</xNome>
            </dest>
            
    <det nItem="1">
        <prod>
            <cProd>6294230571182797</cProd>
            <xProd>ODIO</xProd>
            <NCM>01012100</NCM>
            <CFOP>5101</CFOP>
            <uCom>UN</uCom>
            <qCom>63.42</qCom>
            <vUnCom>974.58</vUnCom>
            <vProd>61807.86</vProd>
            <rastro>
                <nLote>7583988</nLote>
                <qLote>63.42</qLote>
                <dFab>2025-10-27</dFab>
                <dVal>2026-10-08</dVal>
            </rastro>
        </prod>
        <imposto>
            <ICMS>
                <ICMS00>
                    <orig>0</orig>
                    <CST>00</CST>
                    <pICMS>18.00</pICMS>
                    <vICMS>11125.41</vICMS>
                </ICMS00>
            </ICMS>
        </imposto>
    </det>
    
            <total>
                <ICMSTot>
                    <vProd>61807.86</vProd>
                    <vICMS>11125.41</vICMS>
                    <vNF>61807.86</vNF>
                </ICMSTot>
            </total>
        </infNFe>
    </NFe>
</nfeProc>
