<?xml version="1.0" encoding="UTF-8"?>
<nfeProc xmlns="http://www.portalfiscal.inf.br/nfe" versao="4.00">
    <NFe xmlns="http://www.portalfiscal.inf.br/nfe">
        <infNFe Id="NFe93399582594061721827628100483030477508112766" versao="4.00">
            <ide>
                <cUF>35</cUF>
                <cNF>74594386</cNF>
                <natOp>Venda de Mercadoria</natOp>
                <mod>55</mod>
                <serie>1</serie>
                <nNF>000412</nNF>
                <dhEmi>2025-10-31T13:11:06-03:00</dhEmi>
                <tpNF>1</tpNF>
                <idDest>1</idDest>
                <cMunFG>3550308</cMunFG>
                <tpImp>1</tpImp>
                <tpEmis>1</tpEmis>
                <cDV>0</cDV>
                <tpAmb>1</tpAmb>
                <finNFe>1</finNFe>
                <indFinal>1</indFinal>
                <indPres>1</indPres>
                <procEmi>0</procEmi>
                <verProc>NF-E SIMULADA</verProc>
            </ide>
            <emit>
                <CNPJ>05.321.798/0001-97</CNPJ>
                <xNome>RIBEIRO</xNome>
            </emit>
            <dest>
                <CNPJ>57.092.183/0001-30</CNPJ>
                <xNome>CATARINA MONTEIRO</xNome>
            </dest>
            
    <det nItem="1">
        <prod>
            <cProd>9154534729950256</cProd>
            <xProd>DELECTUS</xProd>
            <NCM>01012100</NCM>
            <CFOP>5101</CFOP>
            <uCom>UN</uCom>
            <qCom>29.479</qCom>
            <vUnCom>565.57</vUnCom>
            <vProd>16672.44</vProd>
            <rastro>
                <nLote>8559912</nLote>
                <qLote>29.479</qLote>
                <dFab>2025-08-15</dFab>
                <dVal>2026-07-10</dVal>
            </rastro>
        </prod>
        <imposto>
            <ICMS>
                <ICMS00>
                    <orig>0</orig>
                    <CST>00</CST>
                    <pICMS>18.00</pICMS>
                    <vICMS>3001.04</vICMS>
                </ICMS00>
            </ICMS>
        </imposto>
    </det>
    
    <det nItem="2">
        <prod>
            <cProd>8586132692647124</cProd>
            <xProd>OPTIO</xProd>
            <NCM>01012100</NCM>
            <CFOP>5101</CFOP>
            <uCom>UN</uCom>
            <qCom>63.454</qCom>
            <vUnCom>944.98</vUnCom>
            <vProd>59962.76</vProd>
            <rastro>
                <nLote>2500088</nLote>
                <qLote>63.454</qLote>
                <dFab>2025-07-26</dFab>
                <dVal>2026-03-28</dVal>
            </rastro>
        </prod>
        <imposto>
            <ICMS>
                <ICMS00>
                    <orig>0</orig>
                    <CST>00</CST>
                    <pICMS>18.00</pICMS>
                    <vICMS>10793.3</vICMS>
                </ICMS00>
            </ICMS>
        </imposto>
    </det>
    
    <det nItem="3">
        <prod>
            <cProd>8182305152569384</cProd>
            <xProd>IPSAM</xProd>
            <NCM>01012100</NCM>
            <CFOP>5101</CFOP>
            <uCom>UN</uCom>
            <qCom>34.152</qCom>
            <vUnCom>809.77</vUnCom>
            <vProd>27655.27</vProd>
            <rastro>
                <nLote>8082844</nLote>
                <qLote>34.152</qLote>
                <dFab>2025-08-20</dFab>
                <dVal>2026-09-16</dVal>
            </rastro>
        </prod>
        <imposto>
            <ICMS>
                <ICMS00>
                    <orig>0</orig>
                    <CST>00</CST>
                    <pICMS>18.00</pICMS>
                    <vICMS>4977.95</vICMS>
                </ICMS00>
            </ICMS>
        </imposto>
    </det>
    
            <total>
                <ICMSTot>
                    <vProd>104290.47</vProd>
                    <vICMS>18772.28</vICMS>
                    <vNF>104290.47</vNF>
                </ICMSTot>
            </total>
        </infNFe>
    </NFe>
</nfeProc>
