<?xml version="1.0" encoding="UTF-8"?>
<nfeProc xmlns="http://www.portalfiscal.inf.br/nfe" versao="4.00">
    <NFe xmlns="http://www.portalfiscal.inf.br/nfe">
        <infNFe Id="NFe20224290226453971213633652912856683505135133" versao="4.00">
            <ide>
                <cUF>35</cUF>
                <cNF>42975865</cNF>
                <natOp>Venda de Mercadoria</natOp>
                <mod>55</mod>
                <serie>1</serie>
                <nNF>000445</nNF>
                <dhEmi>2025-10-31T13:11:06-03:00</dhEmi>
                <tpNF>1</tpNF>
                <idDest>1</idDest>
                <cMunFG>3550308</cMunFG>
                <tpImp>1</tpImp>
                <tpEmis>1</tpEmis>
                <cDV>3</cDV>
                <tpAmb>1</tpAmb>
                <finNFe>1</finNFe>
                <indFinal>1</indFinal>
                <indPres>1</indPres>
                <procEmi>0</procEmi>
                <verProc>NF-E SIMULADA</verProc>
            </ide>
            <emit>
                <CNPJ>41.730.628/0001-20</CNPJ>
                <xNome>VARGAS PACHECO E FILHOS</xNome>
            </emit>
            <dest>
                <CNPJ>42.089.163/0001-32</CNPJ>
                <xNome>LUIZ OTÁVIO SILVEIRA</xNome>
            </dest>
            
    <det nItem="1">
        <prod>
            <cProd>1441286798004497</cProd>
            <xProd>DESERUNT</xProd>
            <NCM>01012100</NCM>
            <CFOP>5101</CFOP>
            <uCom>UN</uCom>
            <qCom>18.022</qCom>
            <vUnCom>574.27</vUnCom>
            <vProd>10349.49</vProd>
            <rastro>
                <nLote>1680295</nLote>
                <qLote>18.022</qLote>
                <dFab>2025-10-22</dFab>
                <dVal>2026-09-25</dVal>
            </rastro>
        </prod>
        <imposto>
            <ICMS>
                <ICMS00>
                    <orig>0</orig>
                    <CST>00</CST>
                    <pICMS>18.00</pICMS>
                    <vICMS>1862.91</vICMS>
                </ICMS00>
            </ICMS>
        </imposto>
    </det>
    
    <det nItem="2">
        <prod>
            <cProd>5029721903683338</cProd>
            <xProd>FACERE</xProd>
            <NCM>01012100</NCM>
            <CFOP>5101</CFOP>
            <uCom>UN</uCom>
            <qCom>63.997</qCom>
            <vUnCom>28.71</vUnCom>
            <vProd>1837.35</vProd>
            <rastro>
                <nLote>8421358</nLote>
                <qLote>63.997</qLote>
                <dFab>2025-10-11</dFab>
                <dVal>2026-09-10</dVal>
            </rastro>
        </prod>
        <imposto>
            <ICMS>
                <ICMS00>
                    <orig>0</orig>
                    <CST>00</CST>
                    <pICMS>18.00</pICMS>
                    <vICMS>330.72</vICMS>
                </ICMS00>
            </ICMS>
        </imposto>
    </det>
    
    <det nItem="3">
        <prod>
            <cProd>5691115681356068</cProd>
            <xProd>REICIENDIS</xProd>
            <NCM>01012100</NCM>
            <CFOP>5101</CFOP>
            <uCom>UN</uCom>
            <qCom>83.97</qCom>
            <vUnCom>394.41</vUnCom>
            <vProd>33118.61</vProd>
            <rastro>
                <nLote>6658606</nLote>
                <qLote>83.97</qLote>
                <dFab>2025-08-29</dFab>
                <dVal>2026-05-27</dVal>
            </rastro>
        </prod>
        <imposto>
            <ICMS>
                <ICMS00>
                    <orig>0</orig>
                    <CST>00</CST>
                    <pICMS>18.00</pICMS>
                    <vICMS>5961.35</vICMS>
                </ICMS00>
            </ICMS>
        </imposto>
    </det>
    
            <total>
                <ICMSTot>
                    <vProd>45305.45</vProd>
                    <vICMS>8154.98</vICMS>
                    <vNF>45305.45</vNF>
                </ICMSTot>
            </total>
        </infNFe>
    </NFe>
</nfeProc>
