<?xml version="1.0" encoding="UTF-8"?>
<nfeProc xmlns="http://www.portalfiscal.inf.br/nfe" versao="4.00">
    <NFe xmlns="http://www.portalfiscal.inf.br/nfe">
        <infNFe Id="NFe16709804669828360997313347214398661658383560" versao="4.00">
            <ide>
                <cUF>35</cUF>
                <cNF>61853788</cNF>
                <natOp>Venda de Mercadoria</natOp>
                <mod>55</mod>
                <serie>1</serie>
                <nNF>000400</nNF>
                <dhEmi>2025-10-31T13:11:06-03:00</dhEmi>
                <tpNF>1</tpNF>
                <idDest>1</idDest>
                <cMunFG>3550308</cMunFG>
                <tpImp>1</tpImp>
                <tpEmis>1</tpEmis>
                <cDV>2</cDV>
                <tpAmb>1</tpAmb>
                <finNFe>1</finNFe>
                <indFinal>1</indFinal>
                <indPres>1</indPres>
                <procEmi>0</procEmi>
                <verProc>NF-E SIMULADA</verProc>
            </ide>
            <emit>
                <CNPJ>25.914.376/0001-32</CNPJ>
                <xNome>NOVAIS S.A.</xNome>
            </emit>
            <dest>
                <CNPJ>06.382.419/0001-31</CNPJ>
                <xNome>LUAN MOURA</xNome>
            </dest>
            
    <det nItem="1">
        <prod>
            <cProd>9945747470576128</cProd>
            <xProd>TENETUR</xProd>
            <NCM>01012100</NCM>
            <CFOP>5101</CFOP>
            <uCom>UN</uCom>
            <qCom>46.229</qCom>
            <vUnCom>669.0</vUnCom>
            <vProd>30927.2</vProd>
            <rastro>
                <nLote>6198926</nLote>
                <qLote>46.229</qLote>
                <dFab>2025-09-30</dFab>
                <dVal>2026-05-21</dVal>
            </rastro>
        </prod>
        <imposto>
            <ICMS>
                <ICMS00>
                    <orig>0</orig>
                    <CST>00</CST>
                    <pICMS>18.00</pICMS>
                    <vICMS>5566.9</vICMS>
                </ICMS00>
            </ICMS>
        </imposto>
    </det>
    
    <det nItem="2">
        <prod>
            <cProd>5692524218548514</cProd>
            <xProd>FACILIS</xProd>
            <NCM>01012100</NCM>
            <CFOP>5101</CFOP>
            <uCom>UN</uCom>
            <qCom>94.037</qCom>
            <vUnCom>883.11</vUnCom>
            <vProd>83045.02</vProd>
            <rastro>
                <nLote>1622293</nLote>
                <qLote>94.037</qLote>
                <dFab>2025-10-13</dFab>
                <dVal>2026-09-19</dVal>
            </rastro>
        </prod>
        <imposto>
            <ICMS>
                <ICMS00>
                    <orig>0</orig>
                    <CST>00</CST>
                    <pICMS>18.00</pICMS>
                    <vICMS>14948.1</vICMS>
                </ICMS00>
            </ICMS>
        </imposto>
    </det>
    
            <total>
                <ICMSTot>
                    <vProd>113972.22</vProd>
                    <vICMS>20515.0</vICMS>
                    <vNF>113972.22</vNF>
                </ICMSTot>
            </total>
        </infNFe>
    </NFe>
</nfeProc>
