<?xml version="1.0" encoding="UTF-8"?>
<nfeProc xmlns="http://www.portalfiscal.inf.br/nfe" versao="4.00">
    <NFe xmlns="http://www.portalfiscal.inf.br/nfe">
        <infNFe Id="NFe51674263070218774813262194953117212795055218" versao="4.00">
            <ide>
                <cUF>35</cUF>
                <cNF>93645464</cNF>
                <natOp>Compra de Mercadoria</natOp>
                <mod>55</mod>
                <serie>1</serie>
                <nNF>000324</nNF>
                <dhEmi>2025-10-31T13:11:06-03:00</dhEmi>
                <tpNF>0</tpNF>
                <idDest>1</idDest>
                <cMunFG>3550308</cMunFG>
                <tpImp>1</tpImp>
                <tpEmis>1</tpEmis>
                <cDV>3</cDV>
                <tpAmb>1</tpAmb>
                <finNFe>1</finNFe>
                <indFinal>1</indFinal>
                <indPres>1</indPres>
                <procEmi>0</procEmi>
                <verProc>NF-E SIMULADA</verProc>
            </ide>
            <emit>
                <CNPJ>54.891.063/0001-04</CNPJ>
                <xNome>PIMENTA ABREU E FILHOS</xNome>
            </emit>
            <dest>
                <CNPJ>02.986.735/0001-61</CNPJ>
                <xNome>RAQUEL PORTO</xNome>
            </dest>
            
    <det nItem="1">
        <prod>
            <cProd>5260542591958154</cProd>
            <xProd>MOLESTIAE</xProd>
            <NCM>01012100</NCM>
            <CFOP>5101</CFOP>
            <uCom>UN</uCom>
            <qCom>18.391</qCom>
            <vUnCom>269.44</vUnCom>
            <vProd>4955.27</vProd>
            <rastro>
                <nLote>3354989</nLote>
                <qLote>18.391</qLote>
                <dFab>2025-07-28</dFab>
                <dVal>2026-05-12</dVal>
            </rastro>
        </prod>
        <imposto>
            <ICMS>
                <ICMS00>
                    <orig>0</orig>
                    <CST>00</CST>
                    <pICMS>18.00</pICMS>
                    <vICMS>891.95</vICMS>
                </ICMS00>
            </ICMS>
        </imposto>
    </det>
    
    <det nItem="2">
        <prod>
            <cProd>8403125934935829</cProd>
            <xProd>ISTE</xProd>
            <NCM>01012100</NCM>
            <CFOP>5101</CFOP>
            <uCom>UN</uCom>
            <qCom>85.196</qCom>
            <vUnCom>982.9</vUnCom>
            <vProd>83739.15</vProd>
            <rastro>
                <nLote>8071570</nLote>
                <qLote>85.196</qLote>
                <dFab>2025-09-27</dFab>
                <dVal>2026-01-21</dVal>
            </rastro>
        </prod>
        <imposto>
            <ICMS>
                <ICMS00>
                    <orig>0</orig>
                    <CST>00</CST>
                    <pICMS>18.00</pICMS>
                    <vICMS>15073.05</vICMS>
                </ICMS00>
            </ICMS>
        </imposto>
    </det>
    
    <det nItem="3">
        <prod>
            <cProd>6497499670321730</cProd>
            <xProd>ACCUSAMUS</xProd>
            <NCM>01012100</NCM>
            <CFOP>5101</CFOP>
            <uCom>UN</uCom>
            <qCom>78.227</qCom>
            <vUnCom>920.96</vUnCom>
            <vProd>72043.94</vProd>
            <rastro>
                <nLote>2252674</nLote>
                <qLote>78.227</qLote>
                <dFab>2025-09-17</dFab>
                <dVal>2026-02-06</dVal>
            </rastro>
        </prod>
        <imposto>
            <ICMS>
                <ICMS00>
                    <orig>0</orig>
                    <CST>00</CST>
                    <pICMS>18.00</pICMS>
                    <vICMS>12967.91</vICMS>
                </ICMS00>
            </ICMS>
        </imposto>
    </det>
    
    <det nItem="4">
        <prod>
            <cProd>1387367035307038</cProd>
            <xProd>CUMQUE</xProd>
            <NCM>01012100</NCM>
            <CFOP>5101</CFOP>
            <uCom>UN</uCom>
            <qCom>15.873</qCom>
            <vUnCom>404.49</vUnCom>
            <vProd>6420.47</vProd>
            <rastro>
                <nLote>8647246</nLote>
                <qLote>15.873</qLote>
                <dFab>2025-08-18</dFab>
                <dVal>2026-08-13</dVal>
            </rastro>
        </prod>
        <imposto>
            <ICMS>
                <ICMS00>
                    <orig>0</orig>
                    <CST>00</CST>
                    <pICMS>18.00</pICMS>
                    <vICMS>1155.68</vICMS>
                </ICMS00>
            </ICMS>
        </imposto>
    </det>
    
            <total>
                <ICMSTot>
                    <vProd>167158.83</vProd>
                    <vICMS>30088.59</vICMS>
                    <vNF>167158.83</vNF>
                </ICMSTot>
            </total>
        </infNFe>
    </NFe>
</nfeProc>
