<?xml version="1.0" encoding="UTF-8"?>
<nfeProc xmlns="http://www.portalfiscal.inf.br/nfe" versao="4.00">
    <NFe xmlns="http://www.portalfiscal.inf.br/nfe">
        <infNFe Id="NFe97787215494122018924190190505498546237755628" versao="4.00">
            <ide>
                <cUF>35</cUF>
                <cNF>68098524</cNF>
                <natOp>Venda de Mercadoria</natOp>
                <mod>55</mod>
                <serie>1</serie>
                <nNF>000268</nNF>
                <dhEmi>2025-10-31T13:11:06-03:00</dhEmi>
                <tpNF>1</tpNF>
                <idDest>1</idDest>
                <cMunFG>3550308</cMunFG>
                <tpImp>1</tpImp>
                <tpEmis>1</tpEmis>
                <cDV>8</cDV>
                <tpAmb>1</tpAmb>
                <finNFe>1</finNFe>
                <indFinal>1</indFinal>
                <indPres>1</indPres>
                <procEmi>0</procEmi>
                <verProc>NF-E SIMULADA</verProc>
            </ide>
            <emit>
                <CNPJ>94.716.038/0001-09</CNPJ>
                <xNome>GOMES</xNome>
            </emit>
            <dest>
                <CNPJ>20.738.695/0001-10</CNPJ>
                <xNome>BRENO CIRINO</xNome>
            </dest>
            
    <det nItem="1">
        <prod>
            <cProd>2327720581862185</cProd>
            <xProd>VOLUPTATUM</xProd>
            <NCM>01012100</NCM>
            <CFOP>5101</CFOP>
            <uCom>UN</uCom>
            <qCom>84.338</qCom>
            <vUnCom>162.35</vUnCom>
            <vProd>13692.27</vProd>
            <rastro>
                <nLote>7433796</nLote>
                <qLote>84.338</qLote>
                <dFab>2025-09-25</dFab>
                <dVal>2026-04-10</dVal>
            </rastro>
        </prod>
        <imposto>
            <ICMS>
                <ICMS00>
                    <orig>0</orig>
                    <CST>00</CST>
                    <pICMS>18.00</pICMS>
                    <vICMS>2464.61</vICMS>
                </ICMS00>
            </ICMS>
        </imposto>
    </det>
    
            <total>
                <ICMSTot>
                    <vProd>13692.27</vProd>
                    <vICMS>2464.61</vICMS>
                    <vNF>13692.27</vNF>
                </ICMSTot>
            </total>
        </infNFe>
    </NFe>
</nfeProc>
