<?xml version="1.0" encoding="UTF-8"?>
<nfeProc xmlns="http://www.portalfiscal.inf.br/nfe" versao="4.00">
    <NFe xmlns="http://www.portalfiscal.inf.br/nfe">
        <infNFe Id="NFe64370058748038720937060269770402465494414796" versao="4.00">
            <ide>
                <cUF>35</cUF>
                <cNF>12448306</cNF>
                <natOp>Compra de Mercadoria</natOp>
                <mod>55</mod>
                <serie>1</serie>
                <nNF>000032</nNF>
                <dhEmi>2025-10-31T13:11:06-03:00</dhEmi>
                <tpNF>0</tpNF>
                <idDest>1</idDest>
                <cMunFG>3550308</cMunFG>
                <tpImp>1</tpImp>
                <tpEmis>1</tpEmis>
                <cDV>9</cDV>
                <tpAmb>1</tpAmb>
                <finNFe>1</finNFe>
                <indFinal>1</indFinal>
                <indPres>1</indPres>
                <procEmi>0</procEmi>
                <verProc>NF-E SIMULADA</verProc>
            </ide>
            <emit>
                <CNPJ>32.691.580/0001-05</CNPJ>
                <xNome>CAMPOS PORTO LTDA.</xNome>
            </emit>
            <dest>
                <CNPJ>60.457.823/0001-72</CNPJ>
                <xNome>SR. RODRIGO FREITAS</xNome>
            </dest>
            
    <det nItem="1">
        <prod>
            <cProd>3869230114206420</cProd>
            <xProd>INVENTORE</xProd>
            <NCM>01012100</NCM>
            <CFOP>5101</CFOP>
            <uCom>UN</uCom>
            <qCom>37.906</qCom>
            <vUnCom>157.81</vUnCom>
            <vProd>5981.95</vProd>
            <rastro>
                <nLote>8035452</nLote>
                <qLote>37.906</qLote>
                <dFab>2025-08-11</dFab>
                <dVal>2026-05-14</dVal>
            </rastro>
        </prod>
        <imposto>
            <ICMS>
                <ICMS00>
                    <orig>0</orig>
                    <CST>00</CST>
                    <pICMS>18.00</pICMS>
                    <vICMS>1076.75</vICMS>
                </ICMS00>
            </ICMS>
        </imposto>
    </det>
    
            <total>
                <ICMSTot>
                    <vProd>5981.95</vProd>
                    <vICMS>1076.75</vICMS>
                    <vNF>5981.95</vNF>
                </ICMSTot>
            </total>
        </infNFe>
    </NFe>
</nfeProc>
