<?xml version="1.0" encoding="UTF-8"?>
<nfeProc xmlns="http://www.portalfiscal.inf.br/nfe" versao="4.00">
    <NFe xmlns="http://www.portalfiscal.inf.br/nfe">
        <infNFe Id="NFe79912922514337190611089508056294700211884630" versao="4.00">
            <ide>
                <cUF>35</cUF>
                <cNF>10966886</cNF>
                <natOp>Venda de Mercadoria</natOp>
                <mod>55</mod>
                <serie>1</serie>
                <nNF>000022</nNF>
                <dhEmi>2025-10-31T13:11:06-03:00</dhEmi>
                <tpNF>1</tpNF>
                <idDest>1</idDest>
                <cMunFG>3550308</cMunFG>
                <tpImp>1</tpImp>
                <tpEmis>1</tpEmis>
                <cDV>0</cDV>
                <tpAmb>1</tpAmb>
                <finNFe>1</finNFe>
                <indFinal>1</indFinal>
                <indPres>1</indPres>
                <procEmi>0</procEmi>
                <verProc>NF-E SIMULADA</verProc>
            </ide>
            <emit>
                <CNPJ>23.190.764/0001-92</CNPJ>
                <xNome>FONSECA</xNome>
            </emit>
            <dest>
                <CNPJ>71.254.308/0001-01</CNPJ>
                <xNome>DANIEL NOGUEIRA</xNome>
            </dest>
            
    <det nItem="1">
        <prod>
            <cProd>3918507642993427</cProd>
            <xProd>ALIQUAM</xProd>
            <NCM>01012100</NCM>
            <CFOP>5101</CFOP>
            <uCom>UN</uCom>
            <qCom>6.932</qCom>
            <vUnCom>843.76</vUnCom>
            <vProd>5848.94</vProd>
            <rastro>
                <nLote>1174702</nLote>
                <qLote>6.932</qLote>
                <dFab>2025-08-30</dFab>
                <dVal>2026-01-26</dVal>
            </rastro>
        </prod>
        <imposto>
            <ICMS>
                <ICMS00>
                    <orig>0</orig>
                    <CST>00</CST>
                    <pICMS>18.00</pICMS>
                    <vICMS>1052.81</vICMS>
                </ICMS00>
            </ICMS>
        </imposto>
    </det>
    
            <total>
                <ICMSTot>
                    <vProd>5848.94</vProd>
                    <vICMS>1052.81</vICMS>
                    <vNF>5848.94</vNF>
                </ICMSTot>
            </total>
        </infNFe>
    </NFe>
</nfeProc>
