<?xml version="1.0" encoding="UTF-8"?>
<nfeProc xmlns="http://www.portalfiscal.inf.br/nfe" versao="4.00">
    <NFe xmlns="http://www.portalfiscal.inf.br/nfe">
        <infNFe Id="NFe59671612939427713919483955172333473293866458" versao="4.00">
            <ide>
                <cUF>35</cUF>
                <cNF>58295732</cNF>
                <natOp>Venda de Mercadoria</natOp>
                <mod>55</mod>
                <serie>1</serie>
                <nNF>000151</nNF>
                <dhEmi>2025-10-31T13:11:06-03:00</dhEmi>
                <tpNF>1</tpNF>
                <idDest>1</idDest>
                <cMunFG>3550308</cMunFG>
                <tpImp>1</tpImp>
                <tpEmis>1</tpEmis>
                <cDV>7</cDV>
                <tpAmb>1</tpAmb>
                <finNFe>1</finNFe>
                <indFinal>1</indFinal>
                <indPres>1</indPres>
                <procEmi>0</procEmi>
                <verProc>NF-E SIMULADA</verProc>
            </ide>
            <emit>
                <CNPJ>51.709.263/0001-05</CNPJ>
                <xNome>DA LUZ PIMENTA - ME</xNome>
            </emit>
            <dest>
                <CNPJ>71.652.804/0001-13</CNPJ>
                <xNome>ISABELLA CAVALCANTE</xNome>
            </dest>
            
    <det nItem="1">
        <prod>
            <cProd>3534540593239382</cProd>
            <xProd>VERITATIS</xProd>
            <NCM>01012100</NCM>
            <CFOP>5101</CFOP>
            <uCom>UN</uCom>
            <qCom>6.715</qCom>
            <vUnCom>815.27</vUnCom>
            <vProd>5474.54</vProd>
            <rastro>
                <nLote>5584579</nLote>
                <qLote>6.715</qLote>
                <dFab>2025-09-05</dFab>
                <dVal>2026-10-15</dVal>
            </rastro>
        </prod>
        <imposto>
            <ICMS>
                <ICMS00>
                    <orig>0</orig>
                    <CST>00</CST>
                    <pICMS>18.00</pICMS>
                    <vICMS>985.42</vICMS>
                </ICMS00>
            </ICMS>
        </imposto>
    </det>
    
            <total>
                <ICMSTot>
                    <vProd>5474.54</vProd>
                    <vICMS>985.42</vICMS>
                    <vNF>5474.54</vNF>
                </ICMSTot>
            </total>
        </infNFe>
    </NFe>
</nfeProc>
