<?xml version="1.0" encoding="UTF-8"?>
<nfeProc xmlns="http://www.portalfiscal.inf.br/nfe" versao="4.00">
    <NFe xmlns="http://www.portalfiscal.inf.br/nfe">
        <infNFe Id="NFe61248601779525458678803396517144562763578553" versao="4.00">
            <ide>
                <cUF>35</cUF>
                <cNF>40344766</cNF>
                <natOp>Compra de Mercadoria</natOp>
                <mod>55</mod>
                <serie>1</serie>
                <nNF>000242</nNF>
                <dhEmi>2025-10-31T13:11:06-03:00</dhEmi>
                <tpNF>0</tpNF>
                <idDest>1</idDest>
                <cMunFG>3550308</cMunFG>
                <tpImp>1</tpImp>
                <tpEmis>1</tpEmis>
                <cDV>5</cDV>
                <tpAmb>1</tpAmb>
                <finNFe>1</finNFe>
                <indFinal>1</indFinal>
                <indPres>1</indPres>
                <procEmi>0</procEmi>
                <verProc>NF-E SIMULADA</verProc>
            </ide>
            <emit>
                <CNPJ>07.326.491/0001-04</CNPJ>
                <xNome>SANTOS</xNome>
            </emit>
            <dest>
                <CNPJ>50.847.129/0001-08</CNPJ>
                <xNome>MARIANE CAVALCANTI</xNome>
            </dest>
            
    <det nItem="1">
        <prod>
            <cProd>7570131715284119</cProd>
            <xProd>DISTINCTIO</xProd>
            <NCM>01012100</NCM>
            <CFOP>5101</CFOP>
            <uCom>UN</uCom>
            <qCom>76.324</qCom>
            <vUnCom>898.98</vUnCom>
            <vProd>68613.75</vProd>
            <rastro>
                <nLote>5130175</nLote>
                <qLote>76.324</qLote>
                <dFab>2025-09-14</dFab>
                <dVal>2026-06-13</dVal>
            </rastro>
        </prod>
        <imposto>
            <ICMS>
                <ICMS00>
                    <orig>0</orig>
                    <CST>00</CST>
                    <pICMS>18.00</pICMS>
                    <vICMS>12350.48</vICMS>
                </ICMS00>
            </ICMS>
        </imposto>
    </det>
    
            <total>
                <ICMSTot>
                    <vProd>68613.75</vProd>
                    <vICMS>12350.48</vICMS>
                    <vNF>68613.75</vNF>
                </ICMSTot>
            </total>
        </infNFe>
    </NFe>
</nfeProc>
