<?xml version="1.0" encoding="UTF-8"?>
<nfeProc xmlns="http://www.portalfiscal.inf.br/nfe" versao="4.00">
    <NFe xmlns="http://www.portalfiscal.inf.br/nfe">
        <infNFe Id="NFe94138190302871139237620606573351187050657912" versao="4.00">
            <ide>
                <cUF>35</cUF>
                <cNF>65112462</cNF>
                <natOp>Compra de Mercadoria</natOp>
                <mod>55</mod>
                <serie>1</serie>
                <nNF>000040</nNF>
                <dhEmi>2025-10-31T13:11:06-03:00</dhEmi>
                <tpNF>0</tpNF>
                <idDest>1</idDest>
                <cMunFG>3550308</cMunFG>
                <tpImp>1</tpImp>
                <tpEmis>1</tpEmis>
                <cDV>3</cDV>
                <tpAmb>1</tpAmb>
                <finNFe>1</finNFe>
                <indFinal>1</indFinal>
                <indPres>1</indPres>
                <procEmi>0</procEmi>
                <verProc>NF-E SIMULADA</verProc>
            </ide>
            <emit>
                <CNPJ>10.965.328/0001-04</CNPJ>
                <xNome>MOURA CAVALCANTI - ME</xNome>
            </emit>
            <dest>
                <CNPJ>85.019.236/0001-22</CNPJ>
                <xNome>LARA CÂMARA</xNome>
            </dest>
            
    <det nItem="1">
        <prod>
            <cProd>8728232875425628</cProd>
            <xProd>ACCUSAMUS</xProd>
            <NCM>01012100</NCM>
            <CFOP>5101</CFOP>
            <uCom>UN</uCom>
            <qCom>81.553</qCom>
            <vUnCom>777.02</vUnCom>
            <vProd>63368.31</vProd>
            <rastro>
                <nLote>7010511</nLote>
                <qLote>81.553</qLote>
                <dFab>2025-09-20</dFab>
                <dVal>2026-05-28</dVal>
            </rastro>
        </prod>
        <imposto>
            <ICMS>
                <ICMS00>
                    <orig>0</orig>
                    <CST>00</CST>
                    <pICMS>18.00</pICMS>
                    <vICMS>11406.3</vICMS>
                </ICMS00>
            </ICMS>
        </imposto>
    </det>
    
            <total>
                <ICMSTot>
                    <vProd>63368.31</vProd>
                    <vICMS>11406.3</vICMS>
                    <vNF>63368.31</vNF>
                </ICMSTot>
            </total>
        </infNFe>
    </NFe>
</nfeProc>
