<?xml version="1.0" encoding="UTF-8"?>
<nfeProc xmlns="http://www.portalfiscal.inf.br/nfe" versao="4.00">
    <NFe xmlns="http://www.portalfiscal.inf.br/nfe">
        <infNFe Id="NFe43109165653797905111883474912536201856094820" versao="4.00">
            <ide>
                <cUF>35</cUF>
                <cNF>79567516</cNF>
                <natOp>Compra de Mercadoria</natOp>
                <mod>55</mod>
                <serie>1</serie>
                <nNF>000057</nNF>
                <dhEmi>2025-10-31T13:11:06-03:00</dhEmi>
                <tpNF>0</tpNF>
                <idDest>1</idDest>
                <cMunFG>3550308</cMunFG>
                <tpImp>1</tpImp>
                <tpEmis>1</tpEmis>
                <cDV>8</cDV>
                <tpAmb>1</tpAmb>
                <finNFe>1</finNFe>
                <indFinal>1</indFinal>
                <indPres>1</indPres>
                <procEmi>0</procEmi>
                <verProc>NF-E SIMULADA</verProc>
            </ide>
            <emit>
                <CNPJ>48.350.691/0001-80</CNPJ>
                <xNome>SILVA E FILHOS</xNome>
            </emit>
            <dest>
                <CNPJ>35.861.970/0001-66</CNPJ>
                <xNome>MIRELLA CAMPOS</xNome>
            </dest>
            
    <det nItem="1">
        <prod>
            <cProd>3352341865701656</cProd>
            <xProd>ALIAS</xProd>
            <NCM>01012100</NCM>
            <CFOP>5101</CFOP>
            <uCom>UN</uCom>
            <qCom>2.18</qCom>
            <vUnCom>280.35</vUnCom>
            <vProd>611.16</vProd>
            <rastro>
                <nLote>5945985</nLote>
                <qLote>2.18</qLote>
                <dFab>2025-09-15</dFab>
                <dVal>2025-12-16</dVal>
            </rastro>
        </prod>
        <imposto>
            <ICMS>
                <ICMS00>
                    <orig>0</orig>
                    <CST>00</CST>
                    <pICMS>18.00</pICMS>
                    <vICMS>110.01</vICMS>
                </ICMS00>
            </ICMS>
        </imposto>
    </det>
    
            <total>
                <ICMSTot>
                    <vProd>611.16</vProd>
                    <vICMS>110.01</vICMS>
                    <vNF>611.16</vNF>
                </ICMSTot>
            </total>
        </infNFe>
    </NFe>
</nfeProc>
