<?xml version="1.0" encoding="UTF-8"?>
<nfeProc xmlns="http://www.portalfiscal.inf.br/nfe" versao="4.00">
    <NFe xmlns="http://www.portalfiscal.inf.br/nfe">
        <infNFe Id="NFe87911083199130775500906680253257027308460750" versao="4.00">
            <ide>
                <cUF>35</cUF>
                <cNF>75951984</cNF>
                <natOp>Compra de Mercadoria</natOp>
                <mod>55</mod>
                <serie>1</serie>
                <nNF>000391</nNF>
                <dhEmi>2025-10-31T13:11:06-03:00</dhEmi>
                <tpNF>0</tpNF>
                <idDest>1</idDest>
                <cMunFG>3550308</cMunFG>
                <tpImp>1</tpImp>
                <tpEmis>1</tpEmis>
                <cDV>3</cDV>
                <tpAmb>1</tpAmb>
                <finNFe>1</finNFe>
                <indFinal>1</indFinal>
                <indPres>1</indPres>
                <procEmi>0</procEmi>
                <verProc>NF-E SIMULADA</verProc>
            </ide>
            <emit>
                <CNPJ>82.091.674/0001-03</CNPJ>
                <xNome>RIBEIRO</xNome>
            </emit>
            <dest>
                <CNPJ>62.593.081/0001-38</CNPJ>
                <xNome>JOAQUIM ROCHA</xNome>
            </dest>
            
    <det nItem="1">
        <prod>
            <cProd>5968616458160931</cProd>
            <xProd>OCCAECATI</xProd>
            <NCM>01012100</NCM>
            <CFOP>5101</CFOP>
            <uCom>UN</uCom>
            <qCom>61.414</qCom>
            <vUnCom>25.5</vUnCom>
            <vProd>1566.06</vProd>
            <rastro>
                <nLote>9752865</nLote>
                <qLote>61.414</qLote>
                <dFab>2025-10-17</dFab>
                <dVal>2026-05-04</dVal>
            </rastro>
        </prod>
        <imposto>
            <ICMS>
                <ICMS00>
                    <orig>0</orig>
                    <CST>00</CST>
                    <pICMS>18.00</pICMS>
                    <vICMS>281.89</vICMS>
                </ICMS00>
            </ICMS>
        </imposto>
    </det>
    
    <det nItem="2">
        <prod>
            <cProd>7133640981760824</cProd>
            <xProd>NEQUE</xProd>
            <NCM>01012100</NCM>
            <CFOP>5101</CFOP>
            <uCom>UN</uCom>
            <qCom>5.105</qCom>
            <vUnCom>378.54</vUnCom>
            <vProd>1932.45</vProd>
            <rastro>
                <nLote>4784762</nLote>
                <qLote>5.105</qLote>
                <dFab>2025-10-11</dFab>
                <dVal>2026-03-05</dVal>
            </rastro>
        </prod>
        <imposto>
            <ICMS>
                <ICMS00>
                    <orig>0</orig>
                    <CST>00</CST>
                    <pICMS>18.00</pICMS>
                    <vICMS>347.84</vICMS>
                </ICMS00>
            </ICMS>
        </imposto>
    </det>
    
            <total>
                <ICMSTot>
                    <vProd>3498.51</vProd>
                    <vICMS>629.73</vICMS>
                    <vNF>3498.51</vNF>
                </ICMSTot>
            </total>
        </infNFe>
    </NFe>
</nfeProc>
