<?xml version="1.0" encoding="UTF-8"?>
<nfeProc xmlns="http://www.portalfiscal.inf.br/nfe" versao="4.00">
    <NFe xmlns="http://www.portalfiscal.inf.br/nfe">
        <infNFe Id="NFe21886541287007978395886676106759228737441979" versao="4.00">
            <ide>
                <cUF>35</cUF>
                <cNF>51939853</cNF>
                <natOp>Venda de Mercadoria</natOp>
                <mod>55</mod>
                <serie>1</serie>
                <nNF>000398</nNF>
                <dhEmi>2025-10-31T13:11:06-03:00</dhEmi>
                <tpNF>1</tpNF>
                <idDest>1</idDest>
                <cMunFG>3550308</cMunFG>
                <tpImp>1</tpImp>
                <tpEmis>1</tpEmis>
                <cDV>2</cDV>
                <tpAmb>1</tpAmb>
                <finNFe>1</finNFe>
                <indFinal>1</indFinal>
                <indPres>1</indPres>
                <procEmi>0</procEmi>
                <verProc>NF-E SIMULADA</verProc>
            </ide>
            <emit>
                <CNPJ>64.813.209/0001-57</CNPJ>
                <xNome>GOMES VARGAS - ME</xNome>
            </emit>
            <dest>
                <CNPJ>81.430.672/0001-39</CNPJ>
                <xNome>EMANUELLA ARAÚJO</xNome>
            </dest>
            
    <det nItem="1">
        <prod>
            <cProd>2522405290332972</cProd>
            <xProd>RATIONE</xProd>
            <NCM>01012100</NCM>
            <CFOP>5101</CFOP>
            <uCom>UN</uCom>
            <qCom>43.529</qCom>
            <vUnCom>469.18</vUnCom>
            <vProd>20422.94</vProd>
            <rastro>
                <nLote>2699765</nLote>
                <qLote>43.529</qLote>
                <dFab>2025-10-30</dFab>
                <dVal>2026-02-02</dVal>
            </rastro>
        </prod>
        <imposto>
            <ICMS>
                <ICMS00>
                    <orig>0</orig>
                    <CST>00</CST>
                    <pICMS>18.00</pICMS>
                    <vICMS>3676.13</vICMS>
                </ICMS00>
            </ICMS>
        </imposto>
    </det>
    
    <det nItem="2">
        <prod>
            <cProd>9767591709439365</cProd>
            <xProd>RERUM</xProd>
            <NCM>01012100</NCM>
            <CFOP>5101</CFOP>
            <uCom>UN</uCom>
            <qCom>90.587</qCom>
            <vUnCom>250.81</vUnCom>
            <vProd>22720.13</vProd>
            <rastro>
                <nLote>3474377</nLote>
                <qLote>90.587</qLote>
                <dFab>2025-07-31</dFab>
                <dVal>2026-02-21</dVal>
            </rastro>
        </prod>
        <imposto>
            <ICMS>
                <ICMS00>
                    <orig>0</orig>
                    <CST>00</CST>
                    <pICMS>18.00</pICMS>
                    <vICMS>4089.62</vICMS>
                </ICMS00>
            </ICMS>
        </imposto>
    </det>
    
            <total>
                <ICMSTot>
                    <vProd>43143.07</vProd>
                    <vICMS>7765.75</vICMS>
                    <vNF>43143.07</vNF>
                </ICMSTot>
            </total>
        </infNFe>
    </NFe>
</nfeProc>
