<?xml version="1.0" encoding="UTF-8"?>
<nfeProc xmlns="http://www.portalfiscal.inf.br/nfe" versao="4.00">
    <NFe xmlns="http://www.portalfiscal.inf.br/nfe">
        <infNFe Id="NFe68185388976405435934988779215757462960017940" versao="4.00">
            <ide>
                <cUF>35</cUF>
                <cNF>48369682</cNF>
                <natOp>Compra de Mercadoria</natOp>
                <mod>55</mod>
                <serie>1</serie>
                <nNF>000193</nNF>
                <dhEmi>2025-10-31T13:11:06-03:00</dhEmi>
                <tpNF>0</tpNF>
                <idDest>1</idDest>
                <cMunFG>3550308</cMunFG>
                <tpImp>1</tpImp>
                <tpEmis>1</tpEmis>
                <cDV>7</cDV>
                <tpAmb>1</tpAmb>
                <finNFe>1</finNFe>
                <indFinal>1</indFinal>
                <indPres>1</indPres>
                <procEmi>0</procEmi>
                <verProc>NF-E SIMULADA</verProc>
            </ide>
            <emit>
                <CNPJ>82.910.537/0001-53</CNPJ>
                <xNome>CAMARGO S/A</xNome>
            </emit>
            <dest>
                <CNPJ>21.768.539/0001-65</CNPJ>
                <xNome>SRA. ELOAH VARGAS</xNome>
            </dest>
            
    <det nItem="1">
        <prod>
            <cProd>9430263199347194</cProd>
            <xProd>NUMQUAM</xProd>
            <NCM>01012100</NCM>
            <CFOP>5101</CFOP>
            <uCom>UN</uCom>
            <qCom>66.214</qCom>
            <vUnCom>600.16</vUnCom>
            <vProd>39738.99</vProd>
            <rastro>
                <nLote>8904046</nLote>
                <qLote>66.214</qLote>
                <dFab>2025-09-05</dFab>
                <dVal>2025-12-18</dVal>
            </rastro>
        </prod>
        <imposto>
            <ICMS>
                <ICMS00>
                    <orig>0</orig>
                    <CST>00</CST>
                    <pICMS>18.00</pICMS>
                    <vICMS>7153.02</vICMS>
                </ICMS00>
            </ICMS>
        </imposto>
    </det>
    
    <det nItem="2">
        <prod>
            <cProd>3766425537024187</cProd>
            <xProd>ILLUM</xProd>
            <NCM>01012100</NCM>
            <CFOP>5101</CFOP>
            <uCom>UN</uCom>
            <qCom>68.683</qCom>
            <vUnCom>440.71</vUnCom>
            <vProd>30269.28</vProd>
            <rastro>
                <nLote>5507846</nLote>
                <qLote>68.683</qLote>
                <dFab>2025-10-04</dFab>
                <dVal>2025-12-13</dVal>
            </rastro>
        </prod>
        <imposto>
            <ICMS>
                <ICMS00>
                    <orig>0</orig>
                    <CST>00</CST>
                    <pICMS>18.00</pICMS>
                    <vICMS>5448.47</vICMS>
                </ICMS00>
            </ICMS>
        </imposto>
    </det>
    
    <det nItem="3">
        <prod>
            <cProd>5116022207849664</cProd>
            <xProd>ODIO</xProd>
            <NCM>01012100</NCM>
            <CFOP>5101</CFOP>
            <uCom>UN</uCom>
            <qCom>87.239</qCom>
            <vUnCom>530.39</vUnCom>
            <vProd>46270.69</vProd>
            <rastro>
                <nLote>5456022</nLote>
                <qLote>87.239</qLote>
                <dFab>2025-10-08</dFab>
                <dVal>2026-02-02</dVal>
            </rastro>
        </prod>
        <imposto>
            <ICMS>
                <ICMS00>
                    <orig>0</orig>
                    <CST>00</CST>
                    <pICMS>18.00</pICMS>
                    <vICMS>8328.72</vICMS>
                </ICMS00>
            </ICMS>
        </imposto>
    </det>
    
    <det nItem="4">
        <prod>
            <cProd>6081131634621114</cProd>
            <xProd>DOLORIBUS</xProd>
            <NCM>01012100</NCM>
            <CFOP>5101</CFOP>
            <uCom>UN</uCom>
            <qCom>97.048</qCom>
            <vUnCom>670.41</vUnCom>
            <vProd>65061.95</vProd>
            <rastro>
                <nLote>1555376</nLote>
                <qLote>97.048</qLote>
                <dFab>2025-10-06</dFab>
                <dVal>2026-09-13</dVal>
            </rastro>
        </prod>
        <imposto>
            <ICMS>
                <ICMS00>
                    <orig>0</orig>
                    <CST>00</CST>
                    <pICMS>18.00</pICMS>
                    <vICMS>11711.15</vICMS>
                </ICMS00>
            </ICMS>
        </imposto>
    </det>
    
    <det nItem="5">
        <prod>
            <cProd>1603134402942778</cProd>
            <xProd>SOLUTA</xProd>
            <NCM>01012100</NCM>
            <CFOP>5101</CFOP>
            <uCom>UN</uCom>
            <qCom>28.545</qCom>
            <vUnCom>669.85</vUnCom>
            <vProd>19120.87</vProd>
            <rastro>
                <nLote>5976662</nLote>
                <qLote>28.545</qLote>
                <dFab>2025-09-01</dFab>
                <dVal>2026-08-14</dVal>
            </rastro>
        </prod>
        <imposto>
            <ICMS>
                <ICMS00>
                    <orig>0</orig>
                    <CST>00</CST>
                    <pICMS>18.00</pICMS>
                    <vICMS>3441.76</vICMS>
                </ICMS00>
            </ICMS>
        </imposto>
    </det>
    
            <total>
                <ICMSTot>
                    <vProd>200461.78</vProd>
                    <vICMS>36083.12</vICMS>
                    <vNF>200461.78</vNF>
                </ICMSTot>
            </total>
        </infNFe>
    </NFe>
</nfeProc>
