<?xml version="1.0" encoding="UTF-8"?>
<nfeProc xmlns="http://www.portalfiscal.inf.br/nfe" versao="4.00">
    <NFe xmlns="http://www.portalfiscal.inf.br/nfe">
        <infNFe Id="NFe42167694185338767861101085180928987209301162" versao="4.00">
            <ide>
                <cUF>35</cUF>
                <cNF>99913057</cNF>
                <natOp>Venda de Mercadoria</natOp>
                <mod>55</mod>
                <serie>1</serie>
                <nNF>000482</nNF>
                <dhEmi>2025-10-31T13:11:06-03:00</dhEmi>
                <tpNF>1</tpNF>
                <idDest>1</idDest>
                <cMunFG>3550308</cMunFG>
                <tpImp>1</tpImp>
                <tpEmis>1</tpEmis>
                <cDV>8</cDV>
                <tpAmb>1</tpAmb>
                <finNFe>1</finNFe>
                <indFinal>1</indFinal>
                <indPres>1</indPres>
                <procEmi>0</procEmi>
                <verProc>NF-E SIMULADA</verProc>
            </ide>
            <emit>
                <CNPJ>94.235.871/0001-38</CNPJ>
                <xNome>CAVALCANTI S/A</xNome>
            </emit>
            <dest>
                <CNPJ>09.452.718/0001-93</CNPJ>
                <xNome>MARIA ALICE GARCIA</xNome>
            </dest>
            
    <det nItem="1">
        <prod>
            <cProd>7211765233825355</cProd>
            <xProd>REPREHENDERIT</xProd>
            <NCM>01012100</NCM>
            <CFOP>5101</CFOP>
            <uCom>UN</uCom>
            <qCom>25.974</qCom>
            <vUnCom>79.71</vUnCom>
            <vProd>2070.39</vProd>
            <rastro>
                <nLote>8870690</nLote>
                <qLote>25.974</qLote>
                <dFab>2025-10-16</dFab>
                <dVal>2025-12-27</dVal>
            </rastro>
        </prod>
        <imposto>
            <ICMS>
                <ICMS00>
                    <orig>0</orig>
                    <CST>00</CST>
                    <pICMS>18.00</pICMS>
                    <vICMS>372.67</vICMS>
                </ICMS00>
            </ICMS>
        </imposto>
    </det>
    
    <det nItem="2">
        <prod>
            <cProd>2888523261408025</cProd>
            <xProd>ELIGENDI</xProd>
            <NCM>01012100</NCM>
            <CFOP>5101</CFOP>
            <uCom>UN</uCom>
            <qCom>87.776</qCom>
            <vUnCom>678.21</vUnCom>
            <vProd>59530.56</vProd>
            <rastro>
                <nLote>3177288</nLote>
                <qLote>87.776</qLote>
                <dFab>2025-09-21</dFab>
                <dVal>2026-05-18</dVal>
            </rastro>
        </prod>
        <imposto>
            <ICMS>
                <ICMS00>
                    <orig>0</orig>
                    <CST>00</CST>
                    <pICMS>18.00</pICMS>
                    <vICMS>10715.5</vICMS>
                </ICMS00>
            </ICMS>
        </imposto>
    </det>
    
            <total>
                <ICMSTot>
                    <vProd>61600.95</vProd>
                    <vICMS>11088.17</vICMS>
                    <vNF>61600.95</vNF>
                </ICMSTot>
            </total>
        </infNFe>
    </NFe>
</nfeProc>
