<?xml version="1.0" encoding="UTF-8"?>
<nfeProc xmlns="http://www.portalfiscal.inf.br/nfe" versao="4.00">
    <NFe xmlns="http://www.portalfiscal.inf.br/nfe">
        <infNFe Id="NFe45991075652973123301409963746501894399286974" versao="4.00">
            <ide>
                <cUF>35</cUF>
                <cNF>53107318</cNF>
                <natOp>Compra de Mercadoria</natOp>
                <mod>55</mod>
                <serie>1</serie>
                <nNF>000106</nNF>
                <dhEmi>2025-10-31T13:11:06-03:00</dhEmi>
                <tpNF>0</tpNF>
                <idDest>1</idDest>
                <cMunFG>3550308</cMunFG>
                <tpImp>1</tpImp>
                <tpEmis>1</tpEmis>
                <cDV>4</cDV>
                <tpAmb>1</tpAmb>
                <finNFe>1</finNFe>
                <indFinal>1</indFinal>
                <indPres>1</indPres>
                <procEmi>0</procEmi>
                <verProc>NF-E SIMULADA</verProc>
            </ide>
            <emit>
                <CNPJ>06.741.528/0001-06</CNPJ>
                <xNome>MACHADO</xNome>
            </emit>
            <dest>
                <CNPJ>60.492.735/0001-01</CNPJ>
                <xNome>ISAQUE FARIAS</xNome>
            </dest>
            
    <det nItem="1">
        <prod>
            <cProd>9926663026534361</cProd>
            <xProd>QUIBUSDAM</xProd>
            <NCM>01012100</NCM>
            <CFOP>5101</CFOP>
            <uCom>UN</uCom>
            <qCom>61.336</qCom>
            <vUnCom>928.29</vUnCom>
            <vProd>56937.6</vProd>
            <rastro>
                <nLote>5843447</nLote>
                <qLote>61.336</qLote>
                <dFab>2025-09-26</dFab>
                <dVal>2026-05-09</dVal>
            </rastro>
        </prod>
        <imposto>
            <ICMS>
                <ICMS00>
                    <orig>0</orig>
                    <CST>00</CST>
                    <pICMS>18.00</pICMS>
                    <vICMS>10248.77</vICMS>
                </ICMS00>
            </ICMS>
        </imposto>
    </det>
    
            <total>
                <ICMSTot>
                    <vProd>56937.6</vProd>
                    <vICMS>10248.77</vICMS>
                    <vNF>56937.6</vNF>
                </ICMSTot>
            </total>
        </infNFe>
    </NFe>
</nfeProc>
