<?xml version="1.0" encoding="UTF-8"?>
<nfeProc xmlns="http://www.portalfiscal.inf.br/nfe" versao="4.00">
    <NFe xmlns="http://www.portalfiscal.inf.br/nfe">
        <infNFe Id="NFe61937729229735411821683358963283276481276893" versao="4.00">
            <ide>
                <cUF>35</cUF>
                <cNF>12698705</cNF>
                <natOp>Compra de Mercadoria</natOp>
                <mod>55</mod>
                <serie>1</serie>
                <nNF>000276</nNF>
                <dhEmi>2025-10-31T13:11:06-03:00</dhEmi>
                <tpNF>0</tpNF>
                <idDest>1</idDest>
                <cMunFG>3550308</cMunFG>
                <tpImp>1</tpImp>
                <tpEmis>1</tpEmis>
                <cDV>1</cDV>
                <tpAmb>1</tpAmb>
                <finNFe>1</finNFe>
                <indFinal>1</indFinal>
                <indPres>1</indPres>
                <procEmi>0</procEmi>
                <verProc>NF-E SIMULADA</verProc>
            </ide>
            <emit>
                <CNPJ>85.924.716/0001-38</CNPJ>
                <xNome>SANTOS</xNome>
            </emit>
            <dest>
                <CNPJ>34.905.612/0001-45</CNPJ>
                <xNome>RAUL MONTENEGRO</xNome>
            </dest>
            
    <det nItem="1">
        <prod>
            <cProd>8884528215939542</cProd>
            <xProd>IUSTO</xProd>
            <NCM>01012100</NCM>
            <CFOP>5101</CFOP>
            <uCom>UN</uCom>
            <qCom>56.202</qCom>
            <vUnCom>765.23</vUnCom>
            <vProd>43007.46</vProd>
            <rastro>
                <nLote>7369060</nLote>
                <qLote>56.202</qLote>
                <dFab>2025-08-26</dFab>
                <dVal>2026-03-15</dVal>
            </rastro>
        </prod>
        <imposto>
            <ICMS>
                <ICMS00>
                    <orig>0</orig>
                    <CST>00</CST>
                    <pICMS>18.00</pICMS>
                    <vICMS>7741.34</vICMS>
                </ICMS00>
            </ICMS>
        </imposto>
    </det>
    
    <det nItem="2">
        <prod>
            <cProd>5725231879347131</cProd>
            <xProd>QUAE</xProd>
            <NCM>01012100</NCM>
            <CFOP>5101</CFOP>
            <uCom>UN</uCom>
            <qCom>55.131</qCom>
            <vUnCom>664.01</vUnCom>
            <vProd>36607.54</vProd>
            <rastro>
                <nLote>8880432</nLote>
                <qLote>55.131</qLote>
                <dFab>2025-08-08</dFab>
                <dVal>2026-02-04</dVal>
            </rastro>
        </prod>
        <imposto>
            <ICMS>
                <ICMS00>
                    <orig>0</orig>
                    <CST>00</CST>
                    <pICMS>18.00</pICMS>
                    <vICMS>6589.36</vICMS>
                </ICMS00>
            </ICMS>
        </imposto>
    </det>
    
            <total>
                <ICMSTot>
                    <vProd>79615.0</vProd>
                    <vICMS>14330.7</vICMS>
                    <vNF>79615.0</vNF>
                </ICMSTot>
            </total>
        </infNFe>
    </NFe>
</nfeProc>
