<?xml version="1.0" encoding="UTF-8"?>
<nfeProc xmlns="http://www.portalfiscal.inf.br/nfe" versao="4.00">
    <NFe xmlns="http://www.portalfiscal.inf.br/nfe">
        <infNFe Id="NFe90330341436978563057332957402655510526675049" versao="4.00">
            <ide>
                <cUF>35</cUF>
                <cNF>78993722</cNF>
                <natOp>Venda de Mercadoria</natOp>
                <mod>55</mod>
                <serie>1</serie>
                <nNF>000431</nNF>
                <dhEmi>2025-10-31T13:11:06-03:00</dhEmi>
                <tpNF>1</tpNF>
                <idDest>1</idDest>
                <cMunFG>3550308</cMunFG>
                <tpImp>1</tpImp>
                <tpEmis>1</tpEmis>
                <cDV>2</cDV>
                <tpAmb>1</tpAmb>
                <finNFe>1</finNFe>
                <indFinal>1</indFinal>
                <indPres>1</indPres>
                <procEmi>0</procEmi>
                <verProc>NF-E SIMULADA</verProc>
            </ide>
            <emit>
                <CNPJ>60.594.312/0001-00</CNPJ>
                <xNome>MENDONÇA</xNome>
            </emit>
            <dest>
                <CNPJ>31.680.927/0001-43</CNPJ>
                <xNome>DRA. CAROLINE PINTO</xNome>
            </dest>
            
    <det nItem="1">
        <prod>
            <cProd>5871544135882154</cProd>
            <xProd>DOLORUM</xProd>
            <NCM>01012100</NCM>
            <CFOP>5101</CFOP>
            <uCom>UN</uCom>
            <qCom>40.038</qCom>
            <vUnCom>247.71</vUnCom>
            <vProd>9917.81</vProd>
            <rastro>
                <nLote>1743431</nLote>
                <qLote>40.038</qLote>
                <dFab>2025-10-08</dFab>
                <dVal>2026-06-12</dVal>
            </rastro>
        </prod>
        <imposto>
            <ICMS>
                <ICMS00>
                    <orig>0</orig>
                    <CST>00</CST>
                    <pICMS>18.00</pICMS>
                    <vICMS>1785.21</vICMS>
                </ICMS00>
            </ICMS>
        </imposto>
    </det>
    
    <det nItem="2">
        <prod>
            <cProd>2952937570056624</cProd>
            <xProd>QUIA</xProd>
            <NCM>01012100</NCM>
            <CFOP>5101</CFOP>
            <uCom>UN</uCom>
            <qCom>37.231</qCom>
            <vUnCom>90.43</vUnCom>
            <vProd>3366.8</vProd>
            <rastro>
                <nLote>2399170</nLote>
                <qLote>37.231</qLote>
                <dFab>2025-09-17</dFab>
                <dVal>2026-08-30</dVal>
            </rastro>
        </prod>
        <imposto>
            <ICMS>
                <ICMS00>
                    <orig>0</orig>
                    <CST>00</CST>
                    <pICMS>18.00</pICMS>
                    <vICMS>606.02</vICMS>
                </ICMS00>
            </ICMS>
        </imposto>
    </det>
    
            <total>
                <ICMSTot>
                    <vProd>13284.61</vProd>
                    <vICMS>2391.23</vICMS>
                    <vNF>13284.61</vNF>
                </ICMSTot>
            </total>
        </infNFe>
    </NFe>
</nfeProc>
