<?xml version="1.0" encoding="UTF-8"?>
<nfeProc xmlns="http://www.portalfiscal.inf.br/nfe" versao="4.00">
    <NFe xmlns="http://www.portalfiscal.inf.br/nfe">
        <infNFe Id="NFe36808678178130211930295596740336138611820870" versao="4.00">
            <ide>
                <cUF>35</cUF>
                <cNF>44285586</cNF>
                <natOp>Compra de Mercadoria</natOp>
                <mod>55</mod>
                <serie>1</serie>
                <nNF>000369</nNF>
                <dhEmi>2025-10-31T13:11:06-03:00</dhEmi>
                <tpNF>0</tpNF>
                <idDest>1</idDest>
                <cMunFG>3550308</cMunFG>
                <tpImp>1</tpImp>
                <tpEmis>1</tpEmis>
                <cDV>1</cDV>
                <tpAmb>1</tpAmb>
                <finNFe>1</finNFe>
                <indFinal>1</indFinal>
                <indPres>1</indPres>
                <procEmi>0</procEmi>
                <verProc>NF-E SIMULADA</verProc>
            </ide>
            <emit>
                <CNPJ>97.438.602/0001-67</CNPJ>
                <xNome>SIQUEIRA LTDA.</xNome>
            </emit>
            <dest>
                <CNPJ>06.498.523/0001-96</CNPJ>
                <xNome>RYAN DIAS</xNome>
            </dest>
            
    <det nItem="1">
        <prod>
            <cProd>6832141120153927</cProd>
            <xProd>RATIONE</xProd>
            <NCM>01012100</NCM>
            <CFOP>5101</CFOP>
            <uCom>UN</uCom>
            <qCom>32.136</qCom>
            <vUnCom>170.48</vUnCom>
            <vProd>5478.55</vProd>
            <rastro>
                <nLote>5527796</nLote>
                <qLote>32.136</qLote>
                <dFab>2025-09-11</dFab>
                <dVal>2026-04-22</dVal>
            </rastro>
        </prod>
        <imposto>
            <ICMS>
                <ICMS00>
                    <orig>0</orig>
                    <CST>00</CST>
                    <pICMS>18.00</pICMS>
                    <vICMS>986.14</vICMS>
                </ICMS00>
            </ICMS>
        </imposto>
    </det>
    
    <det nItem="2">
        <prod>
            <cProd>7369823492550938</cProd>
            <xProd>MAXIME</xProd>
            <NCM>01012100</NCM>
            <CFOP>5101</CFOP>
            <uCom>UN</uCom>
            <qCom>7.241</qCom>
            <vUnCom>755.99</vUnCom>
            <vProd>5474.12</vProd>
            <rastro>
                <nLote>3329843</nLote>
                <qLote>7.241</qLote>
                <dFab>2025-09-05</dFab>
                <dVal>2026-04-18</dVal>
            </rastro>
        </prod>
        <imposto>
            <ICMS>
                <ICMS00>
                    <orig>0</orig>
                    <CST>00</CST>
                    <pICMS>18.00</pICMS>
                    <vICMS>985.34</vICMS>
                </ICMS00>
            </ICMS>
        </imposto>
    </det>
    
            <total>
                <ICMSTot>
                    <vProd>10952.67</vProd>
                    <vICMS>1971.48</vICMS>
                    <vNF>10952.67</vNF>
                </ICMSTot>
            </total>
        </infNFe>
    </NFe>
</nfeProc>
