<?xml version="1.0" encoding="UTF-8"?>
<nfeProc xmlns="http://www.portalfiscal.inf.br/nfe" versao="4.00">
    <NFe xmlns="http://www.portalfiscal.inf.br/nfe">
        <infNFe Id="NFe96793853173356370892387147139654696897796026" versao="4.00">
            <ide>
                <cUF>35</cUF>
                <cNF>16858768</cNF>
                <natOp>Compra de Mercadoria</natOp>
                <mod>55</mod>
                <serie>1</serie>
                <nNF>000485</nNF>
                <dhEmi>2025-10-31T13:11:06-03:00</dhEmi>
                <tpNF>0</tpNF>
                <idDest>1</idDest>
                <cMunFG>3550308</cMunFG>
                <tpImp>1</tpImp>
                <tpEmis>1</tpEmis>
                <cDV>3</cDV>
                <tpAmb>1</tpAmb>
                <finNFe>1</finNFe>
                <indFinal>1</indFinal>
                <indPres>1</indPres>
                <procEmi>0</procEmi>
                <verProc>NF-E SIMULADA</verProc>
            </ide>
            <emit>
                <CNPJ>15.026.938/0001-58</CNPJ>
                <xNome>FERREIRA</xNome>
            </emit>
            <dest>
                <CNPJ>81.625.794/0001-80</CNPJ>
                <xNome>SOPHIA DA PAZ</xNome>
            </dest>
            
    <det nItem="1">
        <prod>
            <cProd>7887986714853557</cProd>
            <xProd>IMPEDIT</xProd>
            <NCM>01012100</NCM>
            <CFOP>5101</CFOP>
            <uCom>UN</uCom>
            <qCom>50.071</qCom>
            <vUnCom>316.11</vUnCom>
            <vProd>15827.94</vProd>
            <rastro>
                <nLote>2216349</nLote>
                <qLote>50.071</qLote>
                <dFab>2025-09-21</dFab>
                <dVal>2026-06-14</dVal>
            </rastro>
        </prod>
        <imposto>
            <ICMS>
                <ICMS00>
                    <orig>0</orig>
                    <CST>00</CST>
                    <pICMS>18.00</pICMS>
                    <vICMS>2849.03</vICMS>
                </ICMS00>
            </ICMS>
        </imposto>
    </det>
    
    <det nItem="2">
        <prod>
            <cProd>1667880565029899</cProd>
            <xProd>VEL</xProd>
            <NCM>01012100</NCM>
            <CFOP>5101</CFOP>
            <uCom>UN</uCom>
            <qCom>24.663</qCom>
            <vUnCom>355.99</vUnCom>
            <vProd>8779.78</vProd>
            <rastro>
                <nLote>1038387</nLote>
                <qLote>24.663</qLote>
                <dFab>2025-10-27</dFab>
                <dVal>2026-07-08</dVal>
            </rastro>
        </prod>
        <imposto>
            <ICMS>
                <ICMS00>
                    <orig>0</orig>
                    <CST>00</CST>
                    <pICMS>18.00</pICMS>
                    <vICMS>1580.36</vICMS>
                </ICMS00>
            </ICMS>
        </imposto>
    </det>
    
            <total>
                <ICMSTot>
                    <vProd>24607.72</vProd>
                    <vICMS>4429.39</vICMS>
                    <vNF>24607.72</vNF>
                </ICMSTot>
            </total>
        </infNFe>
    </NFe>
</nfeProc>
