<?xml version="1.0" encoding="UTF-8"?>
<nfeProc xmlns="http://www.portalfiscal.inf.br/nfe" versao="4.00">
    <NFe xmlns="http://www.portalfiscal.inf.br/nfe">
        <infNFe Id="NFe34022120859916367860415939691193774101139701" versao="4.00">
            <ide>
                <cUF>35</cUF>
                <cNF>67440424</cNF>
                <natOp>Venda de Mercadoria</natOp>
                <mod>55</mod>
                <serie>1</serie>
                <nNF>000199</nNF>
                <dhEmi>2025-10-31T13:11:06-03:00</dhEmi>
                <tpNF>1</tpNF>
                <idDest>1</idDest>
                <cMunFG>3550308</cMunFG>
                <tpImp>1</tpImp>
                <tpEmis>1</tpEmis>
                <cDV>7</cDV>
                <tpAmb>1</tpAmb>
                <finNFe>1</finNFe>
                <indFinal>1</indFinal>
                <indPres>1</indPres>
                <procEmi>0</procEmi>
                <verProc>NF-E SIMULADA</verProc>
            </ide>
            <emit>
                <CNPJ>27.016.394/0001-22</CNPJ>
                <xNome>PIRES CARVALHO S.A.</xNome>
            </emit>
            <dest>
                <CNPJ>96.705.231/0001-70</CNPJ>
                <xNome>ARTHUR NOVAIS</xNome>
            </dest>
            
    <det nItem="1">
        <prod>
            <cProd>3288816168786752</cProd>
            <xProd>ENIM</xProd>
            <NCM>01012100</NCM>
            <CFOP>5101</CFOP>
            <uCom>UN</uCom>
            <qCom>71.159</qCom>
            <vUnCom>194.66</vUnCom>
            <vProd>13851.81</vProd>
            <rastro>
                <nLote>4255180</nLote>
                <qLote>71.159</qLote>
                <dFab>2025-10-08</dFab>
                <dVal>2026-02-28</dVal>
            </rastro>
        </prod>
        <imposto>
            <ICMS>
                <ICMS00>
                    <orig>0</orig>
                    <CST>00</CST>
                    <pICMS>18.00</pICMS>
                    <vICMS>2493.33</vICMS>
                </ICMS00>
            </ICMS>
        </imposto>
    </det>
    
    <det nItem="2">
        <prod>
            <cProd>1903130248983002</cProd>
            <xProd>SUNT</xProd>
            <NCM>01012100</NCM>
            <CFOP>5101</CFOP>
            <uCom>UN</uCom>
            <qCom>71.904</qCom>
            <vUnCom>888.36</vUnCom>
            <vProd>63876.64</vProd>
            <rastro>
                <nLote>4210174</nLote>
                <qLote>71.904</qLote>
                <dFab>2025-09-04</dFab>
                <dVal>2026-07-08</dVal>
            </rastro>
        </prod>
        <imposto>
            <ICMS>
                <ICMS00>
                    <orig>0</orig>
                    <CST>00</CST>
                    <pICMS>18.00</pICMS>
                    <vICMS>11497.8</vICMS>
                </ICMS00>
            </ICMS>
        </imposto>
    </det>
    
    <det nItem="3">
        <prod>
            <cProd>7803382942072478</cProd>
            <xProd>EXPEDITA</xProd>
            <NCM>01012100</NCM>
            <CFOP>5101</CFOP>
            <uCom>UN</uCom>
            <qCom>42.492</qCom>
            <vUnCom>512.41</vUnCom>
            <vProd>21773.33</vProd>
            <rastro>
                <nLote>8352684</nLote>
                <qLote>42.492</qLote>
                <dFab>2025-08-14</dFab>
                <dVal>2026-06-03</dVal>
            </rastro>
        </prod>
        <imposto>
            <ICMS>
                <ICMS00>
                    <orig>0</orig>
                    <CST>00</CST>
                    <pICMS>18.00</pICMS>
                    <vICMS>3919.2</vICMS>
                </ICMS00>
            </ICMS>
        </imposto>
    </det>
    
            <total>
                <ICMSTot>
                    <vProd>99501.78</vProd>
                    <vICMS>17910.32</vICMS>
                    <vNF>99501.78</vNF>
                </ICMSTot>
            </total>
        </infNFe>
    </NFe>
</nfeProc>
