<?xml version="1.0" encoding="UTF-8"?>
<nfeProc xmlns="http://www.portalfiscal.inf.br/nfe" versao="4.00">
    <NFe xmlns="http://www.portalfiscal.inf.br/nfe">
        <infNFe Id="NFe50957997578951060392465545262746144963487393" versao="4.00">
            <ide>
                <cUF>35</cUF>
                <cNF>73669140</cNF>
                <natOp>Compra de Mercadoria</natOp>
                <mod>55</mod>
                <serie>1</serie>
                <nNF>000024</nNF>
                <dhEmi>2025-10-31T13:11:06-03:00</dhEmi>
                <tpNF>0</tpNF>
                <idDest>1</idDest>
                <cMunFG>3550308</cMunFG>
                <tpImp>1</tpImp>
                <tpEmis>1</tpEmis>
                <cDV>6</cDV>
                <tpAmb>1</tpAmb>
                <finNFe>1</finNFe>
                <indFinal>1</indFinal>
                <indPres>1</indPres>
                <procEmi>0</procEmi>
                <verProc>NF-E SIMULADA</verProc>
            </ide>
            <emit>
                <CNPJ>34.956.081/0001-10</CNPJ>
                <xNome>CALDEIRA</xNome>
            </emit>
            <dest>
                <CNPJ>31.820.549/0001-56</CNPJ>
                <xNome>ERICK ALBUQUERQUE</xNome>
            </dest>
            
    <det nItem="1">
        <prod>
            <cProd>1968584788085533</cProd>
            <xProd>FUGIAT</xProd>
            <NCM>01012100</NCM>
            <CFOP>5101</CFOP>
            <uCom>UN</uCom>
            <qCom>34.614</qCom>
            <vUnCom>163.1</vUnCom>
            <vProd>5645.54</vProd>
            <rastro>
                <nLote>5850441</nLote>
                <qLote>34.614</qLote>
                <dFab>2025-08-14</dFab>
                <dVal>2026-03-06</dVal>
            </rastro>
        </prod>
        <imposto>
            <ICMS>
                <ICMS00>
                    <orig>0</orig>
                    <CST>00</CST>
                    <pICMS>18.00</pICMS>
                    <vICMS>1016.2</vICMS>
                </ICMS00>
            </ICMS>
        </imposto>
    </det>
    
            <total>
                <ICMSTot>
                    <vProd>5645.54</vProd>
                    <vICMS>1016.2</vICMS>
                    <vNF>5645.54</vNF>
                </ICMSTot>
            </total>
        </infNFe>
    </NFe>
</nfeProc>
