<?xml version="1.0" encoding="UTF-8"?>
<nfeProc xmlns="http://www.portalfiscal.inf.br/nfe" versao="4.00">
    <NFe xmlns="http://www.portalfiscal.inf.br/nfe">
        <infNFe Id="NFe47776807219610941465243402949169461158779035" versao="4.00">
            <ide>
                <cUF>35</cUF>
                <cNF>45227141</cNF>
                <natOp>Compra de Mercadoria</natOp>
                <mod>55</mod>
                <serie>1</serie>
                <nNF>000402</nNF>
                <dhEmi>2025-10-31T13:11:06-03:00</dhEmi>
                <tpNF>0</tpNF>
                <idDest>1</idDest>
                <cMunFG>3550308</cMunFG>
                <tpImp>1</tpImp>
                <tpEmis>1</tpEmis>
                <cDV>7</cDV>
                <tpAmb>1</tpAmb>
                <finNFe>1</finNFe>
                <indFinal>1</indFinal>
                <indPres>1</indPres>
                <procEmi>0</procEmi>
                <verProc>NF-E SIMULADA</verProc>
            </ide>
            <emit>
                <CNPJ>64.372.158/0001-75</CNPJ>
                <xNome>ANDRADE</xNome>
            </emit>
            <dest>
                <CNPJ>80.149.637/0001-83</CNPJ>
                <xNome>ÁGATHA BORGES</xNome>
            </dest>
            
    <det nItem="1">
        <prod>
            <cProd>1917205224403195</cProd>
            <xProd>ASPERNATUR</xProd>
            <NCM>01012100</NCM>
            <CFOP>5101</CFOP>
            <uCom>UN</uCom>
            <qCom>28.217</qCom>
            <vUnCom>410.82</vUnCom>
            <vProd>11592.11</vProd>
            <rastro>
                <nLote>3075571</nLote>
                <qLote>28.217</qLote>
                <dFab>2025-07-27</dFab>
                <dVal>2026-03-18</dVal>
            </rastro>
        </prod>
        <imposto>
            <ICMS>
                <ICMS00>
                    <orig>0</orig>
                    <CST>00</CST>
                    <pICMS>18.00</pICMS>
                    <vICMS>2086.58</vICMS>
                </ICMS00>
            </ICMS>
        </imposto>
    </det>
    
            <total>
                <ICMSTot>
                    <vProd>11592.11</vProd>
                    <vICMS>2086.58</vICMS>
                    <vNF>11592.11</vNF>
                </ICMSTot>
            </total>
        </infNFe>
    </NFe>
</nfeProc>
