<?xml version="1.0" encoding="UTF-8"?>
<nfeProc xmlns="http://www.portalfiscal.inf.br/nfe" versao="4.00">
    <NFe xmlns="http://www.portalfiscal.inf.br/nfe">
        <infNFe Id="NFe62296572913964539215309868799606411224559848" versao="4.00">
            <ide>
                <cUF>35</cUF>
                <cNF>54190762</cNF>
                <natOp>Compra de Mercadoria</natOp>
                <mod>55</mod>
                <serie>1</serie>
                <nNF>000218</nNF>
                <dhEmi>2025-10-31T13:11:06-03:00</dhEmi>
                <tpNF>0</tpNF>
                <idDest>1</idDest>
                <cMunFG>3550308</cMunFG>
                <tpImp>1</tpImp>
                <tpEmis>1</tpEmis>
                <cDV>7</cDV>
                <tpAmb>1</tpAmb>
                <finNFe>1</finNFe>
                <indFinal>1</indFinal>
                <indPres>1</indPres>
                <procEmi>0</procEmi>
                <verProc>NF-E SIMULADA</verProc>
            </ide>
            <emit>
                <CNPJ>86.210.374/0001-57</CNPJ>
                <xNome>COSTA PINTO LTDA.</xNome>
            </emit>
            <dest>
                <CNPJ>58.976.203/0001-06</CNPJ>
                <xNome>HELENA MENDONÇA</xNome>
            </dest>
            
    <det nItem="1">
        <prod>
            <cProd>6270827427982754</cProd>
            <xProd>QUAE</xProd>
            <NCM>01012100</NCM>
            <CFOP>5101</CFOP>
            <uCom>UN</uCom>
            <qCom>88.71</qCom>
            <vUnCom>506.24</vUnCom>
            <vProd>44908.55</vProd>
            <rastro>
                <nLote>7369441</nLote>
                <qLote>88.71</qLote>
                <dFab>2025-10-10</dFab>
                <dVal>2026-02-03</dVal>
            </rastro>
        </prod>
        <imposto>
            <ICMS>
                <ICMS00>
                    <orig>0</orig>
                    <CST>00</CST>
                    <pICMS>18.00</pICMS>
                    <vICMS>8083.54</vICMS>
                </ICMS00>
            </ICMS>
        </imposto>
    </det>
    
    <det nItem="2">
        <prod>
            <cProd>7764037843402348</cProd>
            <xProd>POSSIMUS</xProd>
            <NCM>01012100</NCM>
            <CFOP>5101</CFOP>
            <uCom>UN</uCom>
            <qCom>90.549</qCom>
            <vUnCom>604.62</vUnCom>
            <vProd>54747.74</vProd>
            <rastro>
                <nLote>2446606</nLote>
                <qLote>90.549</qLote>
                <dFab>2025-08-19</dFab>
                <dVal>2026-10-12</dVal>
            </rastro>
        </prod>
        <imposto>
            <ICMS>
                <ICMS00>
                    <orig>0</orig>
                    <CST>00</CST>
                    <pICMS>18.00</pICMS>
                    <vICMS>9854.59</vICMS>
                </ICMS00>
            </ICMS>
        </imposto>
    </det>
    
    <det nItem="3">
        <prod>
            <cProd>8627232662795203</cProd>
            <xProd>ASSUMENDA</xProd>
            <NCM>01012100</NCM>
            <CFOP>5101</CFOP>
            <uCom>UN</uCom>
            <qCom>23.898</qCom>
            <vUnCom>499.25</vUnCom>
            <vProd>11931.08</vProd>
            <rastro>
                <nLote>2903572</nLote>
                <qLote>23.898</qLote>
                <dFab>2025-10-03</dFab>
                <dVal>2026-06-17</dVal>
            </rastro>
        </prod>
        <imposto>
            <ICMS>
                <ICMS00>
                    <orig>0</orig>
                    <CST>00</CST>
                    <pICMS>18.00</pICMS>
                    <vICMS>2147.59</vICMS>
                </ICMS00>
            </ICMS>
        </imposto>
    </det>
    
            <total>
                <ICMSTot>
                    <vProd>111587.37</vProd>
                    <vICMS>20085.73</vICMS>
                    <vNF>111587.37</vNF>
                </ICMSTot>
            </total>
        </infNFe>
    </NFe>
</nfeProc>
