<?xml version="1.0" encoding="UTF-8"?>
<nfeProc xmlns="http://www.portalfiscal.inf.br/nfe" versao="4.00">
    <NFe xmlns="http://www.portalfiscal.inf.br/nfe">
        <infNFe Id="NFe97857396137450017354488713952141035060349859" versao="4.00">
            <ide>
                <cUF>35</cUF>
                <cNF>91484830</cNF>
                <natOp>Venda de Mercadoria</natOp>
                <mod>55</mod>
                <serie>1</serie>
                <nNF>000425</nNF>
                <dhEmi>2025-10-31T13:11:06-03:00</dhEmi>
                <tpNF>1</tpNF>
                <idDest>1</idDest>
                <cMunFG>3550308</cMunFG>
                <tpImp>1</tpImp>
                <tpEmis>1</tpEmis>
                <cDV>5</cDV>
                <tpAmb>1</tpAmb>
                <finNFe>1</finNFe>
                <indFinal>1</indFinal>
                <indPres>1</indPres>
                <procEmi>0</procEmi>
                <verProc>NF-E SIMULADA</verProc>
            </ide>
            <emit>
                <CNPJ>04.312.759/0001-60</CNPJ>
                <xNome>CÂMARA</xNome>
            </emit>
            <dest>
                <CNPJ>50.234.917/0001-29</CNPJ>
                <xNome>BELLA COSTA</xNome>
            </dest>
            
    <det nItem="1">
        <prod>
            <cProd>2252529399682450</cProd>
            <xProd>MAIORES</xProd>
            <NCM>01012100</NCM>
            <CFOP>5101</CFOP>
            <uCom>UN</uCom>
            <qCom>58.129</qCom>
            <vUnCom>937.89</vUnCom>
            <vProd>54518.61</vProd>
            <rastro>
                <nLote>7522991</nLote>
                <qLote>58.129</qLote>
                <dFab>2025-08-19</dFab>
                <dVal>2026-05-21</dVal>
            </rastro>
        </prod>
        <imposto>
            <ICMS>
                <ICMS00>
                    <orig>0</orig>
                    <CST>00</CST>
                    <pICMS>18.00</pICMS>
                    <vICMS>9813.35</vICMS>
                </ICMS00>
            </ICMS>
        </imposto>
    </det>
    
            <total>
                <ICMSTot>
                    <vProd>54518.61</vProd>
                    <vICMS>9813.35</vICMS>
                    <vNF>54518.61</vNF>
                </ICMSTot>
            </total>
        </infNFe>
    </NFe>
</nfeProc>
