<?xml version="1.0" encoding="UTF-8"?>
<nfeProc xmlns="http://www.portalfiscal.inf.br/nfe" versao="4.00">
    <NFe xmlns="http://www.portalfiscal.inf.br/nfe">
        <infNFe Id="NFe76096876830745195342926527242724877822369328" versao="4.00">
            <ide>
                <cUF>35</cUF>
                <cNF>40052425</cNF>
                <natOp>Venda de Mercadoria</natOp>
                <mod>55</mod>
                <serie>1</serie>
                <nNF>000016</nNF>
                <dhEmi>2025-10-31T13:11:06-03:00</dhEmi>
                <tpNF>1</tpNF>
                <idDest>1</idDest>
                <cMunFG>3550308</cMunFG>
                <tpImp>1</tpImp>
                <tpEmis>1</tpEmis>
                <cDV>3</cDV>
                <tpAmb>1</tpAmb>
                <finNFe>1</finNFe>
                <indFinal>1</indFinal>
                <indPres>1</indPres>
                <procEmi>0</procEmi>
                <verProc>NF-E SIMULADA</verProc>
            </ide>
            <emit>
                <CNPJ>26.587.931/0001-21</CNPJ>
                <xNome>FARIAS</xNome>
            </emit>
            <dest>
                <CNPJ>28.451.309/0001-17</CNPJ>
                <xNome>SRTA. LAURA CARVALHO</xNome>
            </dest>
            
    <det nItem="1">
        <prod>
            <cProd>8617952419903873</cProd>
            <xProd>DOLORIBUS</xProd>
            <NCM>01012100</NCM>
            <CFOP>5101</CFOP>
            <uCom>UN</uCom>
            <qCom>65.172</qCom>
            <vUnCom>16.77</vUnCom>
            <vProd>1092.93</vProd>
            <rastro>
                <nLote>9133060</nLote>
                <qLote>65.172</qLote>
                <dFab>2025-08-02</dFab>
                <dVal>2026-02-15</dVal>
            </rastro>
        </prod>
        <imposto>
            <ICMS>
                <ICMS00>
                    <orig>0</orig>
                    <CST>00</CST>
                    <pICMS>18.00</pICMS>
                    <vICMS>196.73</vICMS>
                </ICMS00>
            </ICMS>
        </imposto>
    </det>
    
            <total>
                <ICMSTot>
                    <vProd>1092.93</vProd>
                    <vICMS>196.73</vICMS>
                    <vNF>1092.93</vNF>
                </ICMSTot>
            </total>
        </infNFe>
    </NFe>
</nfeProc>
