<?xml version="1.0" encoding="UTF-8"?>
<nfeProc xmlns="http://www.portalfiscal.inf.br/nfe" versao="4.00">
    <NFe xmlns="http://www.portalfiscal.inf.br/nfe">
        <infNFe Id="NFe37596514226951878715667326383660949477174515" versao="4.00">
            <ide>
                <cUF>35</cUF>
                <cNF>91789053</cNF>
                <natOp>Venda de Mercadoria</natOp>
                <mod>55</mod>
                <serie>1</serie>
                <nNF>000150</nNF>
                <dhEmi>2025-10-31T13:11:06-03:00</dhEmi>
                <tpNF>1</tpNF>
                <idDest>1</idDest>
                <cMunFG>3550308</cMunFG>
                <tpImp>1</tpImp>
                <tpEmis>1</tpEmis>
                <cDV>7</cDV>
                <tpAmb>1</tpAmb>
                <finNFe>1</finNFe>
                <indFinal>1</indFinal>
                <indPres>1</indPres>
                <procEmi>0</procEmi>
                <verProc>NF-E SIMULADA</verProc>
            </ide>
            <emit>
                <CNPJ>78.243.615/0001-36</CNPJ>
                <xNome>FARIAS</xNome>
            </emit>
            <dest>
                <CNPJ>18.409.526/0001-95</CNPJ>
                <xNome>OLIVIA PINTO</xNome>
            </dest>
            
    <det nItem="1">
        <prod>
            <cProd>3097652693878096</cProd>
            <xProd>CONSEQUUNTUR</xProd>
            <NCM>01012100</NCM>
            <CFOP>5101</CFOP>
            <uCom>UN</uCom>
            <qCom>40.257</qCom>
            <vUnCom>328.74</vUnCom>
            <vProd>13234.09</vProd>
            <rastro>
                <nLote>8276859</nLote>
                <qLote>40.257</qLote>
                <dFab>2025-10-23</dFab>
                <dVal>2026-01-03</dVal>
            </rastro>
        </prod>
        <imposto>
            <ICMS>
                <ICMS00>
                    <orig>0</orig>
                    <CST>00</CST>
                    <pICMS>18.00</pICMS>
                    <vICMS>2382.14</vICMS>
                </ICMS00>
            </ICMS>
        </imposto>
    </det>
    
    <det nItem="2">
        <prod>
            <cProd>8621662057065154</cProd>
            <xProd>SEQUI</xProd>
            <NCM>01012100</NCM>
            <CFOP>5101</CFOP>
            <uCom>UN</uCom>
            <qCom>50.011</qCom>
            <vUnCom>484.28</vUnCom>
            <vProd>24219.33</vProd>
            <rastro>
                <nLote>8823897</nLote>
                <qLote>50.011</qLote>
                <dFab>2025-08-08</dFab>
                <dVal>2026-01-22</dVal>
            </rastro>
        </prod>
        <imposto>
            <ICMS>
                <ICMS00>
                    <orig>0</orig>
                    <CST>00</CST>
                    <pICMS>18.00</pICMS>
                    <vICMS>4359.48</vICMS>
                </ICMS00>
            </ICMS>
        </imposto>
    </det>
    
    <det nItem="3">
        <prod>
            <cProd>6760060926149587</cProd>
            <xProd>ADIPISCI</xProd>
            <NCM>01012100</NCM>
            <CFOP>5101</CFOP>
            <uCom>UN</uCom>
            <qCom>22.447</qCom>
            <vUnCom>682.8</vUnCom>
            <vProd>15326.81</vProd>
            <rastro>
                <nLote>2991779</nLote>
                <qLote>22.447</qLote>
                <dFab>2025-08-21</dFab>
                <dVal>2025-12-08</dVal>
            </rastro>
        </prod>
        <imposto>
            <ICMS>
                <ICMS00>
                    <orig>0</orig>
                    <CST>00</CST>
                    <pICMS>18.00</pICMS>
                    <vICMS>2758.83</vICMS>
                </ICMS00>
            </ICMS>
        </imposto>
    </det>
    
            <total>
                <ICMSTot>
                    <vProd>52780.23</vProd>
                    <vICMS>9500.44</vICMS>
                    <vNF>52780.23</vNF>
                </ICMSTot>
            </total>
        </infNFe>
    </NFe>
</nfeProc>
