<?xml version="1.0" encoding="UTF-8"?>
<nfeProc xmlns="http://www.portalfiscal.inf.br/nfe" versao="4.00">
    <NFe xmlns="http://www.portalfiscal.inf.br/nfe">
        <infNFe Id="NFe12067700226658490958803272761938880513327358" versao="4.00">
            <ide>
                <cUF>35</cUF>
                <cNF>15888197</cNF>
                <natOp>Compra de Mercadoria</natOp>
                <mod>55</mod>
                <serie>1</serie>
                <nNF>000143</nNF>
                <dhEmi>2025-10-31T13:11:06-03:00</dhEmi>
                <tpNF>0</tpNF>
                <idDest>1</idDest>
                <cMunFG>3550308</cMunFG>
                <tpImp>1</tpImp>
                <tpEmis>1</tpEmis>
                <cDV>2</cDV>
                <tpAmb>1</tpAmb>
                <finNFe>1</finNFe>
                <indFinal>1</indFinal>
                <indPres>1</indPres>
                <procEmi>0</procEmi>
                <verProc>NF-E SIMULADA</verProc>
            </ide>
            <emit>
                <CNPJ>96.572.834/0001-40</CNPJ>
                <xNome>CUNHA</xNome>
            </emit>
            <dest>
                <CNPJ>63.184.972/0001-01</CNPJ>
                <xNome>DR. LIAM MONTENEGRO</xNome>
            </dest>
            
    <det nItem="1">
        <prod>
            <cProd>3225272792054105</cProd>
            <xProd>DICTA</xProd>
            <NCM>01012100</NCM>
            <CFOP>5101</CFOP>
            <uCom>UN</uCom>
            <qCom>61.998</qCom>
            <vUnCom>368.81</vUnCom>
            <vProd>22865.48</vProd>
            <rastro>
                <nLote>6295151</nLote>
                <qLote>61.998</qLote>
                <dFab>2025-09-18</dFab>
                <dVal>2026-03-16</dVal>
            </rastro>
        </prod>
        <imposto>
            <ICMS>
                <ICMS00>
                    <orig>0</orig>
                    <CST>00</CST>
                    <pICMS>18.00</pICMS>
                    <vICMS>4115.79</vICMS>
                </ICMS00>
            </ICMS>
        </imposto>
    </det>
    
            <total>
                <ICMSTot>
                    <vProd>22865.48</vProd>
                    <vICMS>4115.79</vICMS>
                    <vNF>22865.48</vNF>
                </ICMSTot>
            </total>
        </infNFe>
    </NFe>
</nfeProc>
