<?xml version="1.0" encoding="UTF-8"?>
<nfeProc xmlns="http://www.portalfiscal.inf.br/nfe" versao="4.00">
    <NFe xmlns="http://www.portalfiscal.inf.br/nfe">
        <infNFe Id="NFe23917709690749384651232913671477484003056875" versao="4.00">
            <ide>
                <cUF>35</cUF>
                <cNF>28342583</cNF>
                <natOp>Compra de Mercadoria</natOp>
                <mod>55</mod>
                <serie>1</serie>
                <nNF>000136</nNF>
                <dhEmi>2025-10-31T13:11:06-03:00</dhEmi>
                <tpNF>0</tpNF>
                <idDest>1</idDest>
                <cMunFG>3550308</cMunFG>
                <tpImp>1</tpImp>
                <tpEmis>1</tpEmis>
                <cDV>4</cDV>
                <tpAmb>1</tpAmb>
                <finNFe>1</finNFe>
                <indFinal>1</indFinal>
                <indPres>1</indPres>
                <procEmi>0</procEmi>
                <verProc>NF-E SIMULADA</verProc>
            </ide>
            <emit>
                <CNPJ>30.578.924/0001-30</CNPJ>
                <xNome>SANTOS</xNome>
            </emit>
            <dest>
                <CNPJ>18.924.037/0001-71</CNPJ>
                <xNome>JOÃO FELIPE MENDONÇA</xNome>
            </dest>
            
    <det nItem="1">
        <prod>
            <cProd>2362226915819508</cProd>
            <xProd>IN</xProd>
            <NCM>01012100</NCM>
            <CFOP>5101</CFOP>
            <uCom>UN</uCom>
            <qCom>88.462</qCom>
            <vUnCom>502.69</vUnCom>
            <vProd>44468.96</vProd>
            <rastro>
                <nLote>6570634</nLote>
                <qLote>88.462</qLote>
                <dFab>2025-09-01</dFab>
                <dVal>2025-12-23</dVal>
            </rastro>
        </prod>
        <imposto>
            <ICMS>
                <ICMS00>
                    <orig>0</orig>
                    <CST>00</CST>
                    <pICMS>18.00</pICMS>
                    <vICMS>8004.41</vICMS>
                </ICMS00>
            </ICMS>
        </imposto>
    </det>
    
    <det nItem="2">
        <prod>
            <cProd>9193815910552343</cProd>
            <xProd>TEMPORA</xProd>
            <NCM>01012100</NCM>
            <CFOP>5101</CFOP>
            <uCom>UN</uCom>
            <qCom>93.825</qCom>
            <vUnCom>811.24</vUnCom>
            <vProd>76114.59</vProd>
            <rastro>
                <nLote>1187346</nLote>
                <qLote>93.825</qLote>
                <dFab>2025-09-10</dFab>
                <dVal>2026-02-21</dVal>
            </rastro>
        </prod>
        <imposto>
            <ICMS>
                <ICMS00>
                    <orig>0</orig>
                    <CST>00</CST>
                    <pICMS>18.00</pICMS>
                    <vICMS>13700.63</vICMS>
                </ICMS00>
            </ICMS>
        </imposto>
    </det>
    
            <total>
                <ICMSTot>
                    <vProd>120583.55</vProd>
                    <vICMS>21705.04</vICMS>
                    <vNF>120583.55</vNF>
                </ICMSTot>
            </total>
        </infNFe>
    </NFe>
</nfeProc>
