<?xml version="1.0" encoding="UTF-8"?>
<nfeProc xmlns="http://www.portalfiscal.inf.br/nfe" versao="4.00">
    <NFe xmlns="http://www.portalfiscal.inf.br/nfe">
        <infNFe Id="NFe15804221423395662817075844575159906102544014" versao="4.00">
            <ide>
                <cUF>35</cUF>
                <cNF>82164846</cNF>
                <natOp>Venda de Mercadoria</natOp>
                <mod>55</mod>
                <serie>1</serie>
                <nNF>000086</nNF>
                <dhEmi>2025-10-31T13:11:06-03:00</dhEmi>
                <tpNF>1</tpNF>
                <idDest>1</idDest>
                <cMunFG>3550308</cMunFG>
                <tpImp>1</tpImp>
                <tpEmis>1</tpEmis>
                <cDV>1</cDV>
                <tpAmb>1</tpAmb>
                <finNFe>1</finNFe>
                <indFinal>1</indFinal>
                <indPres>1</indPres>
                <procEmi>0</procEmi>
                <verProc>NF-E SIMULADA</verProc>
            </ide>
            <emit>
                <CNPJ>84.569.127/0001-16</CNPJ>
                <xNome>DA CUNHA SAMPAIO - ME</xNome>
            </emit>
            <dest>
                <CNPJ>04.756.892/0001-06</CNPJ>
                <xNome>ESTHER MACHADO</xNome>
            </dest>
            
    <det nItem="1">
        <prod>
            <cProd>2388085518953375</cProd>
            <xProd>RERUM</xProd>
            <NCM>01012100</NCM>
            <CFOP>5101</CFOP>
            <uCom>UN</uCom>
            <qCom>25.758</qCom>
            <vUnCom>832.78</vUnCom>
            <vProd>21450.75</vProd>
            <rastro>
                <nLote>4724540</nLote>
                <qLote>25.758</qLote>
                <dFab>2025-07-27</dFab>
                <dVal>2026-07-01</dVal>
            </rastro>
        </prod>
        <imposto>
            <ICMS>
                <ICMS00>
                    <orig>0</orig>
                    <CST>00</CST>
                    <pICMS>18.00</pICMS>
                    <vICMS>3861.13</vICMS>
                </ICMS00>
            </ICMS>
        </imposto>
    </det>
    
    <det nItem="2">
        <prod>
            <cProd>6083444516272531</cProd>
            <xProd>PORRO</xProd>
            <NCM>01012100</NCM>
            <CFOP>5101</CFOP>
            <uCom>UN</uCom>
            <qCom>29.808</qCom>
            <vUnCom>58.23</vUnCom>
            <vProd>1735.72</vProd>
            <rastro>
                <nLote>2405599</nLote>
                <qLote>29.808</qLote>
                <dFab>2025-09-17</dFab>
                <dVal>2026-06-04</dVal>
            </rastro>
        </prod>
        <imposto>
            <ICMS>
                <ICMS00>
                    <orig>0</orig>
                    <CST>00</CST>
                    <pICMS>18.00</pICMS>
                    <vICMS>312.43</vICMS>
                </ICMS00>
            </ICMS>
        </imposto>
    </det>
    
    <det nItem="3">
        <prod>
            <cProd>3180239557772535</cProd>
            <xProd>TEMPORE</xProd>
            <NCM>01012100</NCM>
            <CFOP>5101</CFOP>
            <uCom>UN</uCom>
            <qCom>13.997</qCom>
            <vUnCom>240.61</vUnCom>
            <vProd>3367.82</vProd>
            <rastro>
                <nLote>5334576</nLote>
                <qLote>13.997</qLote>
                <dFab>2025-09-30</dFab>
                <dVal>2026-06-24</dVal>
            </rastro>
        </prod>
        <imposto>
            <ICMS>
                <ICMS00>
                    <orig>0</orig>
                    <CST>00</CST>
                    <pICMS>18.00</pICMS>
                    <vICMS>606.21</vICMS>
                </ICMS00>
            </ICMS>
        </imposto>
    </det>
    
    <det nItem="4">
        <prod>
            <cProd>7303325312128127</cProd>
            <xProd>ARCHITECTO</xProd>
            <NCM>01012100</NCM>
            <CFOP>5101</CFOP>
            <uCom>UN</uCom>
            <qCom>66.797</qCom>
            <vUnCom>735.05</vUnCom>
            <vProd>49099.13</vProd>
            <rastro>
                <nLote>3898880</nLote>
                <qLote>66.797</qLote>
                <dFab>2025-09-23</dFab>
                <dVal>2026-09-08</dVal>
            </rastro>
        </prod>
        <imposto>
            <ICMS>
                <ICMS00>
                    <orig>0</orig>
                    <CST>00</CST>
                    <pICMS>18.00</pICMS>
                    <vICMS>8837.84</vICMS>
                </ICMS00>
            </ICMS>
        </imposto>
    </det>
    
    <det nItem="5">
        <prod>
            <cProd>2314504596564838</cProd>
            <xProd>MODI</xProd>
            <NCM>01012100</NCM>
            <CFOP>5101</CFOP>
            <uCom>UN</uCom>
            <qCom>53.548</qCom>
            <vUnCom>979.66</vUnCom>
            <vProd>52458.83</vProd>
            <rastro>
                <nLote>8290260</nLote>
                <qLote>53.548</qLote>
                <dFab>2025-09-02</dFab>
                <dVal>2026-10-04</dVal>
            </rastro>
        </prod>
        <imposto>
            <ICMS>
                <ICMS00>
                    <orig>0</orig>
                    <CST>00</CST>
                    <pICMS>18.00</pICMS>
                    <vICMS>9442.59</vICMS>
                </ICMS00>
            </ICMS>
        </imposto>
    </det>
    
            <total>
                <ICMSTot>
                    <vProd>128112.25</vProd>
                    <vICMS>23060.2</vICMS>
                    <vNF>128112.25</vNF>
                </ICMSTot>
            </total>
        </infNFe>
    </NFe>
</nfeProc>
