<?xml version="1.0" encoding="UTF-8"?>
<nfeProc xmlns="http://www.portalfiscal.inf.br/nfe" versao="4.00">
    <NFe xmlns="http://www.portalfiscal.inf.br/nfe">
        <infNFe Id="NFe78819778984077642646048013093743794946294863" versao="4.00">
            <ide>
                <cUF>35</cUF>
                <cNF>70955278</cNF>
                <natOp>Compra de Mercadoria</natOp>
                <mod>55</mod>
                <serie>1</serie>
                <nNF>000200</nNF>
                <dhEmi>2025-10-31T13:11:06-03:00</dhEmi>
                <tpNF>0</tpNF>
                <idDest>1</idDest>
                <cMunFG>3550308</cMunFG>
                <tpImp>1</tpImp>
                <tpEmis>1</tpEmis>
                <cDV>3</cDV>
                <tpAmb>1</tpAmb>
                <finNFe>1</finNFe>
                <indFinal>1</indFinal>
                <indPres>1</indPres>
                <procEmi>0</procEmi>
                <verProc>NF-E SIMULADA</verProc>
            </ide>
            <emit>
                <CNPJ>64.972.850/0001-34</CNPJ>
                <xNome>VIANA - ME</xNome>
            </emit>
            <dest>
                <CNPJ>90.524.183/0001-37</CNPJ>
                <xNome>ARTHUR LIMA</xNome>
            </dest>
            
    <det nItem="1">
        <prod>
            <cProd>4827705918521108</cProd>
            <xProd>ODIT</xProd>
            <NCM>01012100</NCM>
            <CFOP>5101</CFOP>
            <uCom>UN</uCom>
            <qCom>13.953</qCom>
            <vUnCom>708.53</vUnCom>
            <vProd>9886.12</vProd>
            <rastro>
                <nLote>6715206</nLote>
                <qLote>13.953</qLote>
                <dFab>2025-08-30</dFab>
                <dVal>2026-08-30</dVal>
            </rastro>
        </prod>
        <imposto>
            <ICMS>
                <ICMS00>
                    <orig>0</orig>
                    <CST>00</CST>
                    <pICMS>18.00</pICMS>
                    <vICMS>1779.5</vICMS>
                </ICMS00>
            </ICMS>
        </imposto>
    </det>
    
    <det nItem="2">
        <prod>
            <cProd>2282391826796204</cProd>
            <xProd>FUGA</xProd>
            <NCM>01012100</NCM>
            <CFOP>5101</CFOP>
            <uCom>UN</uCom>
            <qCom>99.113</qCom>
            <vUnCom>82.36</vUnCom>
            <vProd>8162.95</vProd>
            <rastro>
                <nLote>1584493</nLote>
                <qLote>99.113</qLote>
                <dFab>2025-09-02</dFab>
                <dVal>2026-08-26</dVal>
            </rastro>
        </prod>
        <imposto>
            <ICMS>
                <ICMS00>
                    <orig>0</orig>
                    <CST>00</CST>
                    <pICMS>18.00</pICMS>
                    <vICMS>1469.33</vICMS>
                </ICMS00>
            </ICMS>
        </imposto>
    </det>
    
            <total>
                <ICMSTot>
                    <vProd>18049.07</vProd>
                    <vICMS>3248.83</vICMS>
                    <vNF>18049.07</vNF>
                </ICMSTot>
            </total>
        </infNFe>
    </NFe>
</nfeProc>
