<?xml version="1.0" encoding="UTF-8"?>
<nfeProc xmlns="http://www.portalfiscal.inf.br/nfe" versao="4.00">
    <NFe xmlns="http://www.portalfiscal.inf.br/nfe">
        <infNFe Id="NFe70966857663863404375999349525988962880004125" versao="4.00">
            <ide>
                <cUF>35</cUF>
                <cNF>62733059</cNF>
                <natOp>Compra de Mercadoria</natOp>
                <mod>55</mod>
                <serie>1</serie>
                <nNF>000411</nNF>
                <dhEmi>2025-10-31T13:11:06-03:00</dhEmi>
                <tpNF>0</tpNF>
                <idDest>1</idDest>
                <cMunFG>3550308</cMunFG>
                <tpImp>1</tpImp>
                <tpEmis>1</tpEmis>
                <cDV>5</cDV>
                <tpAmb>1</tpAmb>
                <finNFe>1</finNFe>
                <indFinal>1</indFinal>
                <indPres>1</indPres>
                <procEmi>0</procEmi>
                <verProc>NF-E SIMULADA</verProc>
            </ide>
            <emit>
                <CNPJ>20.359.164/0001-17</CNPJ>
                <xNome>SILVA S.A.</xNome>
            </emit>
            <dest>
                <CNPJ>64.925.807/0001-18</CNPJ>
                <xNome>STELLA ANDRADE</xNome>
            </dest>
            
    <det nItem="1">
        <prod>
            <cProd>4039053515374068</cProd>
            <xProd>INCIDUNT</xProd>
            <NCM>01012100</NCM>
            <CFOP>5101</CFOP>
            <uCom>UN</uCom>
            <qCom>8.692</qCom>
            <vUnCom>782.73</vUnCom>
            <vProd>6803.49</vProd>
            <rastro>
                <nLote>7643281</nLote>
                <qLote>8.692</qLote>
                <dFab>2025-10-28</dFab>
                <dVal>2026-04-28</dVal>
            </rastro>
        </prod>
        <imposto>
            <ICMS>
                <ICMS00>
                    <orig>0</orig>
                    <CST>00</CST>
                    <pICMS>18.00</pICMS>
                    <vICMS>1224.63</vICMS>
                </ICMS00>
            </ICMS>
        </imposto>
    </det>
    
    <det nItem="2">
        <prod>
            <cProd>5848941222734986</cProd>
            <xProd>COMMODI</xProd>
            <NCM>01012100</NCM>
            <CFOP>5101</CFOP>
            <uCom>UN</uCom>
            <qCom>42.015</qCom>
            <vUnCom>314.95</vUnCom>
            <vProd>13232.62</vProd>
            <rastro>
                <nLote>7857417</nLote>
                <qLote>42.015</qLote>
                <dFab>2025-08-16</dFab>
                <dVal>2026-06-01</dVal>
            </rastro>
        </prod>
        <imposto>
            <ICMS>
                <ICMS00>
                    <orig>0</orig>
                    <CST>00</CST>
                    <pICMS>18.00</pICMS>
                    <vICMS>2381.87</vICMS>
                </ICMS00>
            </ICMS>
        </imposto>
    </det>
    
    <det nItem="3">
        <prod>
            <cProd>9997410463749814</cProd>
            <xProd>EIUS</xProd>
            <NCM>01012100</NCM>
            <CFOP>5101</CFOP>
            <uCom>UN</uCom>
            <qCom>38.002</qCom>
            <vUnCom>475.45</vUnCom>
            <vProd>18068.05</vProd>
            <rastro>
                <nLote>1577474</nLote>
                <qLote>38.002</qLote>
                <dFab>2025-10-21</dFab>
                <dVal>2026-03-27</dVal>
            </rastro>
        </prod>
        <imposto>
            <ICMS>
                <ICMS00>
                    <orig>0</orig>
                    <CST>00</CST>
                    <pICMS>18.00</pICMS>
                    <vICMS>3252.25</vICMS>
                </ICMS00>
            </ICMS>
        </imposto>
    </det>
    
    <det nItem="4">
        <prod>
            <cProd>4057537798633743</cProd>
            <xProd>NEMO</xProd>
            <NCM>01012100</NCM>
            <CFOP>5101</CFOP>
            <uCom>UN</uCom>
            <qCom>86.741</qCom>
            <vUnCom>988.14</vUnCom>
            <vProd>85712.25</vProd>
            <rastro>
                <nLote>4954796</nLote>
                <qLote>86.741</qLote>
                <dFab>2025-10-08</dFab>
                <dVal>2026-09-18</dVal>
            </rastro>
        </prod>
        <imposto>
            <ICMS>
                <ICMS00>
                    <orig>0</orig>
                    <CST>00</CST>
                    <pICMS>18.00</pICMS>
                    <vICMS>15428.2</vICMS>
                </ICMS00>
            </ICMS>
        </imposto>
    </det>
    
    <det nItem="5">
        <prod>
            <cProd>5275974004380075</cProd>
            <xProd>DESERUNT</xProd>
            <NCM>01012100</NCM>
            <CFOP>5101</CFOP>
            <uCom>UN</uCom>
            <qCom>64.982</qCom>
            <vUnCom>940.78</vUnCom>
            <vProd>61133.77</vProd>
            <rastro>
                <nLote>7036873</nLote>
                <qLote>64.982</qLote>
                <dFab>2025-08-02</dFab>
                <dVal>2026-08-23</dVal>
            </rastro>
        </prod>
        <imposto>
            <ICMS>
                <ICMS00>
                    <orig>0</orig>
                    <CST>00</CST>
                    <pICMS>18.00</pICMS>
                    <vICMS>11004.08</vICMS>
                </ICMS00>
            </ICMS>
        </imposto>
    </det>
    
            <total>
                <ICMSTot>
                    <vProd>184950.18</vProd>
                    <vICMS>33291.03</vICMS>
                    <vNF>184950.18</vNF>
                </ICMSTot>
            </total>
        </infNFe>
    </NFe>
</nfeProc>
