<?xml version="1.0" encoding="UTF-8"?>
<nfeProc xmlns="http://www.portalfiscal.inf.br/nfe" versao="4.00">
    <NFe xmlns="http://www.portalfiscal.inf.br/nfe">
        <infNFe Id="NFe59400170787239660825242611113829245255358247" versao="4.00">
            <ide>
                <cUF>35</cUF>
                <cNF>65870462</cNF>
                <natOp>Venda de Mercadoria</natOp>
                <mod>55</mod>
                <serie>1</serie>
                <nNF>000444</nNF>
                <dhEmi>2025-10-31T13:11:06-03:00</dhEmi>
                <tpNF>1</tpNF>
                <idDest>1</idDest>
                <cMunFG>3550308</cMunFG>
                <tpImp>1</tpImp>
                <tpEmis>1</tpEmis>
                <cDV>8</cDV>
                <tpAmb>1</tpAmb>
                <finNFe>1</finNFe>
                <indFinal>1</indFinal>
                <indPres>1</indPres>
                <procEmi>0</procEmi>
                <verProc>NF-E SIMULADA</verProc>
            </ide>
            <emit>
                <CNPJ>29.071.368/0001-22</CNPJ>
                <xNome>GONÇALVES</xNome>
            </emit>
            <dest>
                <CNPJ>82.951.703/0001-60</CNPJ>
                <xNome>ANTHONY GABRIEL PIMENTA</xNome>
            </dest>
            
    <det nItem="1">
        <prod>
            <cProd>2799700451595209</cProd>
            <xProd>CUMQUE</xProd>
            <NCM>01012100</NCM>
            <CFOP>5101</CFOP>
            <uCom>UN</uCom>
            <qCom>47.042</qCom>
            <vUnCom>641.11</vUnCom>
            <vProd>30159.1</vProd>
            <rastro>
                <nLote>7854630</nLote>
                <qLote>47.042</qLote>
                <dFab>2025-10-12</dFab>
                <dVal>2026-08-17</dVal>
            </rastro>
        </prod>
        <imposto>
            <ICMS>
                <ICMS00>
                    <orig>0</orig>
                    <CST>00</CST>
                    <pICMS>18.00</pICMS>
                    <vICMS>5428.64</vICMS>
                </ICMS00>
            </ICMS>
        </imposto>
    </det>
    
            <total>
                <ICMSTot>
                    <vProd>30159.1</vProd>
                    <vICMS>5428.64</vICMS>
                    <vNF>30159.1</vNF>
                </ICMSTot>
            </total>
        </infNFe>
    </NFe>
</nfeProc>
