<?xml version="1.0" encoding="UTF-8"?>
<nfeProc xmlns="http://www.portalfiscal.inf.br/nfe" versao="4.00">
    <NFe xmlns="http://www.portalfiscal.inf.br/nfe">
        <infNFe Id="NFe73134591150523285507890890715072995224332799" versao="4.00">
            <ide>
                <cUF>35</cUF>
                <cNF>69964773</cNF>
                <natOp>Venda de Mercadoria</natOp>
                <mod>55</mod>
                <serie>1</serie>
                <nNF>000156</nNF>
                <dhEmi>2025-10-31T13:11:06-03:00</dhEmi>
                <tpNF>1</tpNF>
                <idDest>1</idDest>
                <cMunFG>3550308</cMunFG>
                <tpImp>1</tpImp>
                <tpEmis>1</tpEmis>
                <cDV>5</cDV>
                <tpAmb>1</tpAmb>
                <finNFe>1</finNFe>
                <indFinal>1</indFinal>
                <indPres>1</indPres>
                <procEmi>0</procEmi>
                <verProc>NF-E SIMULADA</verProc>
            </ide>
            <emit>
                <CNPJ>60.751.248/0001-16</CNPJ>
                <xNome>PASTOR</xNome>
            </emit>
            <dest>
                <CNPJ>18.037.462/0001-49</CNPJ>
                <xNome>DANILO SIQUEIRA</xNome>
            </dest>
            
    <det nItem="1">
        <prod>
            <cProd>8952023447715644</cProd>
            <xProd>TOTAM</xProd>
            <NCM>01012100</NCM>
            <CFOP>5101</CFOP>
            <uCom>UN</uCom>
            <qCom>39.598</qCom>
            <vUnCom>618.64</vUnCom>
            <vProd>24496.91</vProd>
            <rastro>
                <nLote>8455445</nLote>
                <qLote>39.598</qLote>
                <dFab>2025-09-25</dFab>
                <dVal>2025-12-05</dVal>
            </rastro>
        </prod>
        <imposto>
            <ICMS>
                <ICMS00>
                    <orig>0</orig>
                    <CST>00</CST>
                    <pICMS>18.00</pICMS>
                    <vICMS>4409.44</vICMS>
                </ICMS00>
            </ICMS>
        </imposto>
    </det>
    
            <total>
                <ICMSTot>
                    <vProd>24496.91</vProd>
                    <vICMS>4409.44</vICMS>
                    <vNF>24496.91</vNF>
                </ICMSTot>
            </total>
        </infNFe>
    </NFe>
</nfeProc>
