<?xml version="1.0" encoding="UTF-8"?>
<nfeProc xmlns="http://www.portalfiscal.inf.br/nfe" versao="4.00">
    <NFe xmlns="http://www.portalfiscal.inf.br/nfe">
        <infNFe Id="NFe40007181266407277091248504347802231329881746" versao="4.00">
            <ide>
                <cUF>35</cUF>
                <cNF>25694454</cNF>
                <natOp>Compra de Mercadoria</natOp>
                <mod>55</mod>
                <serie>1</serie>
                <nNF>000013</nNF>
                <dhEmi>2025-10-31T13:11:06-03:00</dhEmi>
                <tpNF>0</tpNF>
                <idDest>1</idDest>
                <cMunFG>3550308</cMunFG>
                <tpImp>1</tpImp>
                <tpEmis>1</tpEmis>
                <cDV>7</cDV>
                <tpAmb>1</tpAmb>
                <finNFe>1</finNFe>
                <indFinal>1</indFinal>
                <indPres>1</indPres>
                <procEmi>0</procEmi>
                <verProc>NF-E SIMULADA</verProc>
            </ide>
            <emit>
                <CNPJ>15.964.783/0001-09</CNPJ>
                <xNome>DIAS</xNome>
            </emit>
            <dest>
                <CNPJ>24.917.056/0001-73</CNPJ>
                <xNome>SR. CALEBE MARTINS</xNome>
            </dest>
            
    <det nItem="1">
        <prod>
            <cProd>5888003684459852</cProd>
            <xProd>ATQUE</xProd>
            <NCM>01012100</NCM>
            <CFOP>5101</CFOP>
            <uCom>UN</uCom>
            <qCom>50.681</qCom>
            <vUnCom>899.68</vUnCom>
            <vProd>45596.68</vProd>
            <rastro>
                <nLote>9304823</nLote>
                <qLote>50.681</qLote>
                <dFab>2025-10-15</dFab>
                <dVal>2026-03-28</dVal>
            </rastro>
        </prod>
        <imposto>
            <ICMS>
                <ICMS00>
                    <orig>0</orig>
                    <CST>00</CST>
                    <pICMS>18.00</pICMS>
                    <vICMS>8207.4</vICMS>
                </ICMS00>
            </ICMS>
        </imposto>
    </det>
    
    <det nItem="2">
        <prod>
            <cProd>7721875806994803</cProd>
            <xProd>EAQUE</xProd>
            <NCM>01012100</NCM>
            <CFOP>5101</CFOP>
            <uCom>UN</uCom>
            <qCom>91.543</qCom>
            <vUnCom>749.93</vUnCom>
            <vProd>68650.84</vProd>
            <rastro>
                <nLote>3500793</nLote>
                <qLote>91.543</qLote>
                <dFab>2025-07-31</dFab>
                <dVal>2025-12-25</dVal>
            </rastro>
        </prod>
        <imposto>
            <ICMS>
                <ICMS00>
                    <orig>0</orig>
                    <CST>00</CST>
                    <pICMS>18.00</pICMS>
                    <vICMS>12357.15</vICMS>
                </ICMS00>
            </ICMS>
        </imposto>
    </det>
    
            <total>
                <ICMSTot>
                    <vProd>114247.52</vProd>
                    <vICMS>20564.55</vICMS>
                    <vNF>114247.52</vNF>
                </ICMSTot>
            </total>
        </infNFe>
    </NFe>
</nfeProc>
