<?xml version="1.0" encoding="UTF-8"?>
<nfeProc xmlns="http://www.portalfiscal.inf.br/nfe" versao="4.00">
    <NFe xmlns="http://www.portalfiscal.inf.br/nfe">
        <infNFe Id="NFe25504617426015232047325520828152395895189261" versao="4.00">
            <ide>
                <cUF>35</cUF>
                <cNF>30937896</cNF>
                <natOp>Venda de Mercadoria</natOp>
                <mod>55</mod>
                <serie>1</serie>
                <nNF>000126</nNF>
                <dhEmi>2025-10-31T13:11:06-03:00</dhEmi>
                <tpNF>1</tpNF>
                <idDest>1</idDest>
                <cMunFG>3550308</cMunFG>
                <tpImp>1</tpImp>
                <tpEmis>1</tpEmis>
                <cDV>5</cDV>
                <tpAmb>1</tpAmb>
                <finNFe>1</finNFe>
                <indFinal>1</indFinal>
                <indPres>1</indPres>
                <procEmi>0</procEmi>
                <verProc>NF-E SIMULADA</verProc>
            </ide>
            <emit>
                <CNPJ>35.890.672/0001-02</CNPJ>
                <xNome>MACEDO S/A</xNome>
            </emit>
            <dest>
                <CNPJ>14.327.805/0001-59</CNPJ>
                <xNome>CLARICE LOPES</xNome>
            </dest>
            
    <det nItem="1">
        <prod>
            <cProd>6122054614479085</cProd>
            <xProd>VELIT</xProd>
            <NCM>01012100</NCM>
            <CFOP>5101</CFOP>
            <uCom>UN</uCom>
            <qCom>3.258</qCom>
            <vUnCom>643.41</vUnCom>
            <vProd>2096.23</vProd>
            <rastro>
                <nLote>1512393</nLote>
                <qLote>3.258</qLote>
                <dFab>2025-09-21</dFab>
                <dVal>2026-02-12</dVal>
            </rastro>
        </prod>
        <imposto>
            <ICMS>
                <ICMS00>
                    <orig>0</orig>
                    <CST>00</CST>
                    <pICMS>18.00</pICMS>
                    <vICMS>377.32</vICMS>
                </ICMS00>
            </ICMS>
        </imposto>
    </det>
    
    <det nItem="2">
        <prod>
            <cProd>3664099680568375</cProd>
            <xProd>ID</xProd>
            <NCM>01012100</NCM>
            <CFOP>5101</CFOP>
            <uCom>UN</uCom>
            <qCom>43.978</qCom>
            <vUnCom>879.87</vUnCom>
            <vProd>38694.92</vProd>
            <rastro>
                <nLote>8326123</nLote>
                <qLote>43.978</qLote>
                <dFab>2025-09-02</dFab>
                <dVal>2026-06-10</dVal>
            </rastro>
        </prod>
        <imposto>
            <ICMS>
                <ICMS00>
                    <orig>0</orig>
                    <CST>00</CST>
                    <pICMS>18.00</pICMS>
                    <vICMS>6965.09</vICMS>
                </ICMS00>
            </ICMS>
        </imposto>
    </det>
    
            <total>
                <ICMSTot>
                    <vProd>40791.15</vProd>
                    <vICMS>7342.41</vICMS>
                    <vNF>40791.15</vNF>
                </ICMSTot>
            </total>
        </infNFe>
    </NFe>
</nfeProc>
