<?xml version="1.0" encoding="UTF-8"?>
<nfeProc xmlns="http://www.portalfiscal.inf.br/nfe" versao="4.00">
    <NFe xmlns="http://www.portalfiscal.inf.br/nfe">
        <infNFe Id="NFe32031552054427925162840384965279176440101543" versao="4.00">
            <ide>
                <cUF>35</cUF>
                <cNF>15574154</cNF>
                <natOp>Compra de Mercadoria</natOp>
                <mod>55</mod>
                <serie>1</serie>
                <nNF>000455</nNF>
                <dhEmi>2025-10-31T13:11:06-03:00</dhEmi>
                <tpNF>0</tpNF>
                <idDest>1</idDest>
                <cMunFG>3550308</cMunFG>
                <tpImp>1</tpImp>
                <tpEmis>1</tpEmis>
                <cDV>3</cDV>
                <tpAmb>1</tpAmb>
                <finNFe>1</finNFe>
                <indFinal>1</indFinal>
                <indPres>1</indPres>
                <procEmi>0</procEmi>
                <verProc>NF-E SIMULADA</verProc>
            </ide>
            <emit>
                <CNPJ>91.624.803/0001-72</CNPJ>
                <xNome>CARVALHO DA ROCHA LTDA.</xNome>
            </emit>
            <dest>
                <CNPJ>67.984.305/0001-56</CNPJ>
                <xNome>EDUARDO SÁ</xNome>
            </dest>
            
    <det nItem="1">
        <prod>
            <cProd>9554863062131753</cProd>
            <xProd>NATUS</xProd>
            <NCM>01012100</NCM>
            <CFOP>5101</CFOP>
            <uCom>UN</uCom>
            <qCom>93.816</qCom>
            <vUnCom>777.2</vUnCom>
            <vProd>72913.8</vProd>
            <rastro>
                <nLote>4758888</nLote>
                <qLote>93.816</qLote>
                <dFab>2025-10-14</dFab>
                <dVal>2026-10-10</dVal>
            </rastro>
        </prod>
        <imposto>
            <ICMS>
                <ICMS00>
                    <orig>0</orig>
                    <CST>00</CST>
                    <pICMS>18.00</pICMS>
                    <vICMS>13124.48</vICMS>
                </ICMS00>
            </ICMS>
        </imposto>
    </det>
    
            <total>
                <ICMSTot>
                    <vProd>72913.8</vProd>
                    <vICMS>13124.48</vICMS>
                    <vNF>72913.8</vNF>
                </ICMSTot>
            </total>
        </infNFe>
    </NFe>
</nfeProc>
