<?xml version="1.0" encoding="UTF-8"?>
<nfeProc xmlns="http://www.portalfiscal.inf.br/nfe" versao="4.00">
    <NFe xmlns="http://www.portalfiscal.inf.br/nfe">
        <infNFe Id="NFe83402454786572387711122368411004501546012251" versao="4.00">
            <ide>
                <cUF>35</cUF>
                <cNF>75818024</cNF>
                <natOp>Venda de Mercadoria</natOp>
                <mod>55</mod>
                <serie>1</serie>
                <nNF>000442</nNF>
                <dhEmi>2025-10-31T13:11:06-03:00</dhEmi>
                <tpNF>1</tpNF>
                <idDest>1</idDest>
                <cMunFG>3550308</cMunFG>
                <tpImp>1</tpImp>
                <tpEmis>1</tpEmis>
                <cDV>4</cDV>
                <tpAmb>1</tpAmb>
                <finNFe>1</finNFe>
                <indFinal>1</indFinal>
                <indPres>1</indPres>
                <procEmi>0</procEmi>
                <verProc>NF-E SIMULADA</verProc>
            </ide>
            <emit>
                <CNPJ>18.796.325/0001-98</CNPJ>
                <xNome>FARIAS</xNome>
            </emit>
            <dest>
                <CNPJ>76.025.943/0001-30</CNPJ>
                <xNome>AUGUSTO CARDOSO</xNome>
            </dest>
            
    <det nItem="1">
        <prod>
            <cProd>3062781134054751</cProd>
            <xProd>EST</xProd>
            <NCM>01012100</NCM>
            <CFOP>5101</CFOP>
            <uCom>UN</uCom>
            <qCom>63.794</qCom>
            <vUnCom>939.89</vUnCom>
            <vProd>59959.34</vProd>
            <rastro>
                <nLote>4943850</nLote>
                <qLote>63.794</qLote>
                <dFab>2025-10-29</dFab>
                <dVal>2026-10-12</dVal>
            </rastro>
        </prod>
        <imposto>
            <ICMS>
                <ICMS00>
                    <orig>0</orig>
                    <CST>00</CST>
                    <pICMS>18.00</pICMS>
                    <vICMS>10792.68</vICMS>
                </ICMS00>
            </ICMS>
        </imposto>
    </det>
    
            <total>
                <ICMSTot>
                    <vProd>59959.34</vProd>
                    <vICMS>10792.68</vICMS>
                    <vNF>59959.34</vNF>
                </ICMSTot>
            </total>
        </infNFe>
    </NFe>
</nfeProc>
