<?xml version="1.0" encoding="UTF-8"?>
<nfeProc xmlns="http://www.portalfiscal.inf.br/nfe" versao="4.00">
    <NFe xmlns="http://www.portalfiscal.inf.br/nfe">
        <infNFe Id="NFe33591177113967399655741615467865583911197379" versao="4.00">
            <ide>
                <cUF>35</cUF>
                <cNF>87076197</cNF>
                <natOp>Venda de Mercadoria</natOp>
                <mod>55</mod>
                <serie>1</serie>
                <nNF>000134</nNF>
                <dhEmi>2025-10-31T13:11:06-03:00</dhEmi>
                <tpNF>1</tpNF>
                <idDest>1</idDest>
                <cMunFG>3550308</cMunFG>
                <tpImp>1</tpImp>
                <tpEmis>1</tpEmis>
                <cDV>1</cDV>
                <tpAmb>1</tpAmb>
                <finNFe>1</finNFe>
                <indFinal>1</indFinal>
                <indPres>1</indPres>
                <procEmi>0</procEmi>
                <verProc>NF-E SIMULADA</verProc>
            </ide>
            <emit>
                <CNPJ>67.248.391/0001-39</CNPJ>
                <xNome>NASCIMENTO SIQUEIRA S.A.</xNome>
            </emit>
            <dest>
                <CNPJ>41.753.609/0001-19</CNPJ>
                <xNome>SR. ENZO GABRIEL JESUS</xNome>
            </dest>
            
    <det nItem="1">
        <prod>
            <cProd>6761229502184424</cProd>
            <xProd>ASSUMENDA</xProd>
            <NCM>01012100</NCM>
            <CFOP>5101</CFOP>
            <uCom>UN</uCom>
            <qCom>60.064</qCom>
            <vUnCom>372.43</vUnCom>
            <vProd>22369.64</vProd>
            <rastro>
                <nLote>2001373</nLote>
                <qLote>60.064</qLote>
                <dFab>2025-10-01</dFab>
                <dVal>2026-09-08</dVal>
            </rastro>
        </prod>
        <imposto>
            <ICMS>
                <ICMS00>
                    <orig>0</orig>
                    <CST>00</CST>
                    <pICMS>18.00</pICMS>
                    <vICMS>4026.54</vICMS>
                </ICMS00>
            </ICMS>
        </imposto>
    </det>
    
            <total>
                <ICMSTot>
                    <vProd>22369.64</vProd>
                    <vICMS>4026.54</vICMS>
                    <vNF>22369.64</vNF>
                </ICMSTot>
            </total>
        </infNFe>
    </NFe>
</nfeProc>
