<?xml version="1.0" encoding="UTF-8"?>
<nfeProc xmlns="http://www.portalfiscal.inf.br/nfe" versao="4.00">
    <NFe xmlns="http://www.portalfiscal.inf.br/nfe">
        <infNFe Id="NFe55876459290123418332932980883070986722752968" versao="4.00">
            <ide>
                <cUF>35</cUF>
                <cNF>83078168</cNF>
                <natOp>Venda de Mercadoria</natOp>
                <mod>55</mod>
                <serie>1</serie>
                <nNF>000226</nNF>
                <dhEmi>2025-10-31T13:11:06-03:00</dhEmi>
                <tpNF>1</tpNF>
                <idDest>1</idDest>
                <cMunFG>3550308</cMunFG>
                <tpImp>1</tpImp>
                <tpEmis>1</tpEmis>
                <cDV>4</cDV>
                <tpAmb>1</tpAmb>
                <finNFe>1</finNFe>
                <indFinal>1</indFinal>
                <indPres>1</indPres>
                <procEmi>0</procEmi>
                <verProc>NF-E SIMULADA</verProc>
            </ide>
            <emit>
                <CNPJ>15.362.789/0001-06</CNPJ>
                <xNome>RODRIGUES LTDA.</xNome>
            </emit>
            <dest>
                <CNPJ>60.249.785/0001-62</CNPJ>
                <xNome>JULIA CAMPOS</xNome>
            </dest>
            
    <det nItem="1">
        <prod>
            <cProd>7894404550497914</cProd>
            <xProd>ADIPISCI</xProd>
            <NCM>01012100</NCM>
            <CFOP>5101</CFOP>
            <uCom>UN</uCom>
            <qCom>64.956</qCom>
            <vUnCom>843.18</vUnCom>
            <vProd>54769.6</vProd>
            <rastro>
                <nLote>3611354</nLote>
                <qLote>64.956</qLote>
                <dFab>2025-10-24</dFab>
                <dVal>2026-10-16</dVal>
            </rastro>
        </prod>
        <imposto>
            <ICMS>
                <ICMS00>
                    <orig>0</orig>
                    <CST>00</CST>
                    <pICMS>18.00</pICMS>
                    <vICMS>9858.53</vICMS>
                </ICMS00>
            </ICMS>
        </imposto>
    </det>
    
            <total>
                <ICMSTot>
                    <vProd>54769.6</vProd>
                    <vICMS>9858.53</vICMS>
                    <vNF>54769.6</vNF>
                </ICMSTot>
            </total>
        </infNFe>
    </NFe>
</nfeProc>
