<?xml version="1.0" encoding="UTF-8"?>
<nfeProc xmlns="http://www.portalfiscal.inf.br/nfe" versao="4.00">
    <NFe xmlns="http://www.portalfiscal.inf.br/nfe">
        <infNFe Id="NFe93874427490660702114930148904830653727037966" versao="4.00">
            <ide>
                <cUF>35</cUF>
                <cNF>40185636</cNF>
                <natOp>Venda de Mercadoria</natOp>
                <mod>55</mod>
                <serie>1</serie>
                <nNF>000066</nNF>
                <dhEmi>2025-10-31T13:11:06-03:00</dhEmi>
                <tpNF>1</tpNF>
                <idDest>1</idDest>
                <cMunFG>3550308</cMunFG>
                <tpImp>1</tpImp>
                <tpEmis>1</tpEmis>
                <cDV>2</cDV>
                <tpAmb>1</tpAmb>
                <finNFe>1</finNFe>
                <indFinal>1</indFinal>
                <indPres>1</indPres>
                <procEmi>0</procEmi>
                <verProc>NF-E SIMULADA</verProc>
            </ide>
            <emit>
                <CNPJ>65.472.981/0001-15</CNPJ>
                <xNome>CARVALHO</xNome>
            </emit>
            <dest>
                <CNPJ>43.607.982/0001-97</CNPJ>
                <xNome>RAQUEL SANTOS</xNome>
            </dest>
            
    <det nItem="1">
        <prod>
            <cProd>8918535576111940</cProd>
            <xProd>NULLA</xProd>
            <NCM>01012100</NCM>
            <CFOP>5101</CFOP>
            <uCom>UN</uCom>
            <qCom>36.842</qCom>
            <vUnCom>178.43</vUnCom>
            <vProd>6573.72</vProd>
            <rastro>
                <nLote>8708187</nLote>
                <qLote>36.842</qLote>
                <dFab>2025-10-06</dFab>
                <dVal>2026-09-28</dVal>
            </rastro>
        </prod>
        <imposto>
            <ICMS>
                <ICMS00>
                    <orig>0</orig>
                    <CST>00</CST>
                    <pICMS>18.00</pICMS>
                    <vICMS>1183.27</vICMS>
                </ICMS00>
            </ICMS>
        </imposto>
    </det>
    
    <det nItem="2">
        <prod>
            <cProd>6968060660929408</cProd>
            <xProd>REPUDIANDAE</xProd>
            <NCM>01012100</NCM>
            <CFOP>5101</CFOP>
            <uCom>UN</uCom>
            <qCom>97.321</qCom>
            <vUnCom>512.87</vUnCom>
            <vProd>49913.02</vProd>
            <rastro>
                <nLote>5990603</nLote>
                <qLote>97.321</qLote>
                <dFab>2025-08-23</dFab>
                <dVal>2026-05-24</dVal>
            </rastro>
        </prod>
        <imposto>
            <ICMS>
                <ICMS00>
                    <orig>0</orig>
                    <CST>00</CST>
                    <pICMS>18.00</pICMS>
                    <vICMS>8984.34</vICMS>
                </ICMS00>
            </ICMS>
        </imposto>
    </det>
    
            <total>
                <ICMSTot>
                    <vProd>56486.74</vProd>
                    <vICMS>10167.61</vICMS>
                    <vNF>56486.74</vNF>
                </ICMSTot>
            </total>
        </infNFe>
    </NFe>
</nfeProc>
