<?xml version="1.0" encoding="UTF-8"?>
<nfeProc xmlns="http://www.portalfiscal.inf.br/nfe" versao="4.00">
    <NFe xmlns="http://www.portalfiscal.inf.br/nfe">
        <infNFe Id="NFe50617934181055332561379830649376463675470870" versao="4.00">
            <ide>
                <cUF>35</cUF>
                <cNF>98643689</cNF>
                <natOp>Venda de Mercadoria</natOp>
                <mod>55</mod>
                <serie>1</serie>
                <nNF>000237</nNF>
                <dhEmi>2025-10-31T13:11:06-03:00</dhEmi>
                <tpNF>1</tpNF>
                <idDest>1</idDest>
                <cMunFG>3550308</cMunFG>
                <tpImp>1</tpImp>
                <tpEmis>1</tpEmis>
                <cDV>0</cDV>
                <tpAmb>1</tpAmb>
                <finNFe>1</finNFe>
                <indFinal>1</indFinal>
                <indPres>1</indPres>
                <procEmi>0</procEmi>
                <verProc>NF-E SIMULADA</verProc>
            </ide>
            <emit>
                <CNPJ>14.863.952/0001-43</CNPJ>
                <xNome>CUNHA DA ROCHA - ME</xNome>
            </emit>
            <dest>
                <CNPJ>26.975.431/0001-67</CNPJ>
                <xNome>MARIA HELENA MOREIRA</xNome>
            </dest>
            
    <det nItem="1">
        <prod>
            <cProd>7720365176520757</cProd>
            <xProd>ITAQUE</xProd>
            <NCM>01012100</NCM>
            <CFOP>5101</CFOP>
            <uCom>UN</uCom>
            <qCom>27.908</qCom>
            <vUnCom>629.37</vUnCom>
            <vProd>17564.46</vProd>
            <rastro>
                <nLote>4296238</nLote>
                <qLote>27.908</qLote>
                <dFab>2025-10-09</dFab>
                <dVal>2026-06-06</dVal>
            </rastro>
        </prod>
        <imposto>
            <ICMS>
                <ICMS00>
                    <orig>0</orig>
                    <CST>00</CST>
                    <pICMS>18.00</pICMS>
                    <vICMS>3161.6</vICMS>
                </ICMS00>
            </ICMS>
        </imposto>
    </det>
    
    <det nItem="2">
        <prod>
            <cProd>1273363590935438</cProd>
            <xProd>QUI</xProd>
            <NCM>01012100</NCM>
            <CFOP>5101</CFOP>
            <uCom>UN</uCom>
            <qCom>60.55</qCom>
            <vUnCom>265.27</vUnCom>
            <vProd>16062.1</vProd>
            <rastro>
                <nLote>5254219</nLote>
                <qLote>60.55</qLote>
                <dFab>2025-10-09</dFab>
                <dVal>2026-04-20</dVal>
            </rastro>
        </prod>
        <imposto>
            <ICMS>
                <ICMS00>
                    <orig>0</orig>
                    <CST>00</CST>
                    <pICMS>18.00</pICMS>
                    <vICMS>2891.18</vICMS>
                </ICMS00>
            </ICMS>
        </imposto>
    </det>
    
    <det nItem="3">
        <prod>
            <cProd>4968693466515734</cProd>
            <xProd>VOLUPTATEM</xProd>
            <NCM>01012100</NCM>
            <CFOP>5101</CFOP>
            <uCom>UN</uCom>
            <qCom>71.526</qCom>
            <vUnCom>891.65</vUnCom>
            <vProd>63776.16</vProd>
            <rastro>
                <nLote>6035429</nLote>
                <qLote>71.526</qLote>
                <dFab>2025-10-26</dFab>
                <dVal>2026-07-13</dVal>
            </rastro>
        </prod>
        <imposto>
            <ICMS>
                <ICMS00>
                    <orig>0</orig>
                    <CST>00</CST>
                    <pICMS>18.00</pICMS>
                    <vICMS>11479.71</vICMS>
                </ICMS00>
            </ICMS>
        </imposto>
    </det>
    
            <total>
                <ICMSTot>
                    <vProd>97402.72</vProd>
                    <vICMS>17532.49</vICMS>
                    <vNF>97402.72</vNF>
                </ICMSTot>
            </total>
        </infNFe>
    </NFe>
</nfeProc>
