<?xml version="1.0" encoding="UTF-8"?>
<nfeProc xmlns="http://www.portalfiscal.inf.br/nfe" versao="4.00">
    <NFe xmlns="http://www.portalfiscal.inf.br/nfe">
        <infNFe Id="NFe13453927968782166827236324400168772905450415" versao="4.00">
            <ide>
                <cUF>35</cUF>
                <cNF>44702686</cNF>
                <natOp>Venda de Mercadoria</natOp>
                <mod>55</mod>
                <serie>1</serie>
                <nNF>000113</nNF>
                <dhEmi>2025-10-31T13:11:06-03:00</dhEmi>
                <tpNF>1</tpNF>
                <idDest>1</idDest>
                <cMunFG>3550308</cMunFG>
                <tpImp>1</tpImp>
                <tpEmis>1</tpEmis>
                <cDV>9</cDV>
                <tpAmb>1</tpAmb>
                <finNFe>1</finNFe>
                <indFinal>1</indFinal>
                <indPres>1</indPres>
                <procEmi>0</procEmi>
                <verProc>NF-E SIMULADA</verProc>
            </ide>
            <emit>
                <CNPJ>83.460.517/0001-90</CNPJ>
                <xNome>MACHADO</xNome>
            </emit>
            <dest>
                <CNPJ>37.862.954/0001-13</CNPJ>
                <xNome>LEANDRO SALES</xNome>
            </dest>
            
    <det nItem="1">
        <prod>
            <cProd>9510920572584665</cProd>
            <xProd>AT</xProd>
            <NCM>01012100</NCM>
            <CFOP>5101</CFOP>
            <uCom>UN</uCom>
            <qCom>87.942</qCom>
            <vUnCom>412.19</vUnCom>
            <vProd>36248.81</vProd>
            <rastro>
                <nLote>9053732</nLote>
                <qLote>87.942</qLote>
                <dFab>2025-09-19</dFab>
                <dVal>2026-02-09</dVal>
            </rastro>
        </prod>
        <imposto>
            <ICMS>
                <ICMS00>
                    <orig>0</orig>
                    <CST>00</CST>
                    <pICMS>18.00</pICMS>
                    <vICMS>6524.79</vICMS>
                </ICMS00>
            </ICMS>
        </imposto>
    </det>
    
    <det nItem="2">
        <prod>
            <cProd>2391171456456909</cProd>
            <xProd>QUAS</xProd>
            <NCM>01012100</NCM>
            <CFOP>5101</CFOP>
            <uCom>UN</uCom>
            <qCom>72.505</qCom>
            <vUnCom>869.3</vUnCom>
            <vProd>63028.6</vProd>
            <rastro>
                <nLote>4496349</nLote>
                <qLote>72.505</qLote>
                <dFab>2025-09-25</dFab>
                <dVal>2026-08-29</dVal>
            </rastro>
        </prod>
        <imposto>
            <ICMS>
                <ICMS00>
                    <orig>0</orig>
                    <CST>00</CST>
                    <pICMS>18.00</pICMS>
                    <vICMS>11345.15</vICMS>
                </ICMS00>
            </ICMS>
        </imposto>
    </det>
    
    <det nItem="3">
        <prod>
            <cProd>9457909180728059</cProd>
            <xProd>VITAE</xProd>
            <NCM>01012100</NCM>
            <CFOP>5101</CFOP>
            <uCom>UN</uCom>
            <qCom>68.329</qCom>
            <vUnCom>497.07</vUnCom>
            <vProd>33964.3</vProd>
            <rastro>
                <nLote>7546160</nLote>
                <qLote>68.329</qLote>
                <dFab>2025-07-24</dFab>
                <dVal>2026-04-07</dVal>
            </rastro>
        </prod>
        <imposto>
            <ICMS>
                <ICMS00>
                    <orig>0</orig>
                    <CST>00</CST>
                    <pICMS>18.00</pICMS>
                    <vICMS>6113.57</vICMS>
                </ICMS00>
            </ICMS>
        </imposto>
    </det>
    
            <total>
                <ICMSTot>
                    <vProd>133241.71</vProd>
                    <vICMS>23983.51</vICMS>
                    <vNF>133241.71</vNF>
                </ICMSTot>
            </total>
        </infNFe>
    </NFe>
</nfeProc>
