<?xml version="1.0" encoding="UTF-8"?>
<nfeProc xmlns="http://www.portalfiscal.inf.br/nfe" versao="4.00">
    <NFe xmlns="http://www.portalfiscal.inf.br/nfe">
        <infNFe Id="NFe11410985191548985740639264205614881918497581" versao="4.00">
            <ide>
                <cUF>35</cUF>
                <cNF>70731692</cNF>
                <natOp>Venda de Mercadoria</natOp>
                <mod>55</mod>
                <serie>1</serie>
                <nNF>000360</nNF>
                <dhEmi>2025-10-31T13:11:06-03:00</dhEmi>
                <tpNF>1</tpNF>
                <idDest>1</idDest>
                <cMunFG>3550308</cMunFG>
                <tpImp>1</tpImp>
                <tpEmis>1</tpEmis>
                <cDV>9</cDV>
                <tpAmb>1</tpAmb>
                <finNFe>1</finNFe>
                <indFinal>1</indFinal>
                <indPres>1</indPres>
                <procEmi>0</procEmi>
                <verProc>NF-E SIMULADA</verProc>
            </ide>
            <emit>
                <CNPJ>76.284.530/0001-70</CNPJ>
                <xNome>VARGAS CAVALCANTE E FILHOS</xNome>
            </emit>
            <dest>
                <CNPJ>74.563.809/0001-68</CNPJ>
                <xNome>BENÍCIO MARQUES</xNome>
            </dest>
            
    <det nItem="1">
        <prod>
            <cProd>4243316273505825</cProd>
            <xProd>EXPEDITA</xProd>
            <NCM>01012100</NCM>
            <CFOP>5101</CFOP>
            <uCom>UN</uCom>
            <qCom>67.38</qCom>
            <vUnCom>732.87</vUnCom>
            <vProd>49380.78</vProd>
            <rastro>
                <nLote>3251585</nLote>
                <qLote>67.38</qLote>
                <dFab>2025-10-27</dFab>
                <dVal>2026-01-09</dVal>
            </rastro>
        </prod>
        <imposto>
            <ICMS>
                <ICMS00>
                    <orig>0</orig>
                    <CST>00</CST>
                    <pICMS>18.00</pICMS>
                    <vICMS>8888.54</vICMS>
                </ICMS00>
            </ICMS>
        </imposto>
    </det>
    
            <total>
                <ICMSTot>
                    <vProd>49380.78</vProd>
                    <vICMS>8888.54</vICMS>
                    <vNF>49380.78</vNF>
                </ICMSTot>
            </total>
        </infNFe>
    </NFe>
</nfeProc>
