<?xml version="1.0" encoding="UTF-8"?>
<nfeProc xmlns="http://www.portalfiscal.inf.br/nfe" versao="4.00">
    <NFe xmlns="http://www.portalfiscal.inf.br/nfe">
        <infNFe Id="NFe42862380312418883794958613111595675793683473" versao="4.00">
            <ide>
                <cUF>35</cUF>
                <cNF>67523074</cNF>
                <natOp>Compra de Mercadoria</natOp>
                <mod>55</mod>
                <serie>1</serie>
                <nNF>000265</nNF>
                <dhEmi>2025-10-31T13:11:06-03:00</dhEmi>
                <tpNF>0</tpNF>
                <idDest>1</idDest>
                <cMunFG>3550308</cMunFG>
                <tpImp>1</tpImp>
                <tpEmis>1</tpEmis>
                <cDV>3</cDV>
                <tpAmb>1</tpAmb>
                <finNFe>1</finNFe>
                <indFinal>1</indFinal>
                <indPres>1</indPres>
                <procEmi>0</procEmi>
                <verProc>NF-E SIMULADA</verProc>
            </ide>
            <emit>
                <CNPJ>74.052.139/0001-15</CNPJ>
                <xNome>FOGAÇA LTDA.</xNome>
            </emit>
            <dest>
                <CNPJ>29.781.630/0001-22</CNPJ>
                <xNome>DR. RODRIGO DA MOTA</xNome>
            </dest>
            
    <det nItem="1">
        <prod>
            <cProd>4597492043023414</cProd>
            <xProd>MOLESTIAS</xProd>
            <NCM>01012100</NCM>
            <CFOP>5101</CFOP>
            <uCom>UN</uCom>
            <qCom>38.361</qCom>
            <vUnCom>798.93</vUnCom>
            <vProd>30647.75</vProd>
            <rastro>
                <nLote>9544844</nLote>
                <qLote>38.361</qLote>
                <dFab>2025-10-06</dFab>
                <dVal>2026-01-22</dVal>
            </rastro>
        </prod>
        <imposto>
            <ICMS>
                <ICMS00>
                    <orig>0</orig>
                    <CST>00</CST>
                    <pICMS>18.00</pICMS>
                    <vICMS>5516.59</vICMS>
                </ICMS00>
            </ICMS>
        </imposto>
    </det>
    
            <total>
                <ICMSTot>
                    <vProd>30647.75</vProd>
                    <vICMS>5516.59</vICMS>
                    <vNF>30647.75</vNF>
                </ICMSTot>
            </total>
        </infNFe>
    </NFe>
</nfeProc>
