<?xml version="1.0" encoding="UTF-8"?>
<nfeProc xmlns="http://www.portalfiscal.inf.br/nfe" versao="4.00">
    <NFe xmlns="http://www.portalfiscal.inf.br/nfe">
        <infNFe Id="NFe21027922326875416020445495681100989286056695" versao="4.00">
            <ide>
                <cUF>35</cUF>
                <cNF>86563765</cNF>
                <natOp>Compra de Mercadoria</natOp>
                <mod>55</mod>
                <serie>1</serie>
                <nNF>000325</nNF>
                <dhEmi>2025-10-31T13:11:06-03:00</dhEmi>
                <tpNF>0</tpNF>
                <idDest>1</idDest>
                <cMunFG>3550308</cMunFG>
                <tpImp>1</tpImp>
                <tpEmis>1</tpEmis>
                <cDV>2</cDV>
                <tpAmb>1</tpAmb>
                <finNFe>1</finNFe>
                <indFinal>1</indFinal>
                <indPres>1</indPres>
                <procEmi>0</procEmi>
                <verProc>NF-E SIMULADA</verProc>
            </ide>
            <emit>
                <CNPJ>50.496.217/0001-02</CNPJ>
                <xNome>FERNANDES</xNome>
            </emit>
            <dest>
                <CNPJ>18.264.079/0001-23</CNPJ>
                <xNome>DAVI MIGUEL NOVAIS</xNome>
            </dest>
            
    <det nItem="1">
        <prod>
            <cProd>3324802931551284</cProd>
            <xProd>OCCAECATI</xProd>
            <NCM>01012100</NCM>
            <CFOP>5101</CFOP>
            <uCom>UN</uCom>
            <qCom>33.42</qCom>
            <vUnCom>478.04</vUnCom>
            <vProd>15976.1</vProd>
            <rastro>
                <nLote>1641573</nLote>
                <qLote>33.42</qLote>
                <dFab>2025-10-08</dFab>
                <dVal>2026-08-05</dVal>
            </rastro>
        </prod>
        <imposto>
            <ICMS>
                <ICMS00>
                    <orig>0</orig>
                    <CST>00</CST>
                    <pICMS>18.00</pICMS>
                    <vICMS>2875.7</vICMS>
                </ICMS00>
            </ICMS>
        </imposto>
    </det>
    
            <total>
                <ICMSTot>
                    <vProd>15976.1</vProd>
                    <vICMS>2875.7</vICMS>
                    <vNF>15976.1</vNF>
                </ICMSTot>
            </total>
        </infNFe>
    </NFe>
</nfeProc>
