<?xml version="1.0" encoding="UTF-8"?>
<nfeProc xmlns="http://www.portalfiscal.inf.br/nfe" versao="4.00">
    <NFe xmlns="http://www.portalfiscal.inf.br/nfe">
        <infNFe Id="NFe34749155896639000801773630060989821838245926" versao="4.00">
            <ide>
                <cUF>35</cUF>
                <cNF>17105209</cNF>
                <natOp>Compra de Mercadoria</natOp>
                <mod>55</mod>
                <serie>1</serie>
                <nNF>000002</nNF>
                <dhEmi>2025-10-31T13:11:06-03:00</dhEmi>
                <tpNF>0</tpNF>
                <idDest>1</idDest>
                <cMunFG>3550308</cMunFG>
                <tpImp>1</tpImp>
                <tpEmis>1</tpEmis>
                <cDV>4</cDV>
                <tpAmb>1</tpAmb>
                <finNFe>1</finNFe>
                <indFinal>1</indFinal>
                <indPres>1</indPres>
                <procEmi>0</procEmi>
                <verProc>NF-E SIMULADA</verProc>
            </ide>
            <emit>
                <CNPJ>84.735.206/0001-50</CNPJ>
                <xNome>DA MOTA E FILHOS</xNome>
            </emit>
            <dest>
                <CNPJ>59.813.407/0001-80</CNPJ>
                <xNome>JULIA SÁ</xNome>
            </dest>
            
    <det nItem="1">
        <prod>
            <cProd>3495280026932549</cProd>
            <xProd>COMMODI</xProd>
            <NCM>01012100</NCM>
            <CFOP>5101</CFOP>
            <uCom>UN</uCom>
            <qCom>3.616</qCom>
            <vUnCom>452.82</vUnCom>
            <vProd>1637.4</vProd>
            <rastro>
                <nLote>7826218</nLote>
                <qLote>3.616</qLote>
                <dFab>2025-10-23</dFab>
                <dVal>2026-04-05</dVal>
            </rastro>
        </prod>
        <imposto>
            <ICMS>
                <ICMS00>
                    <orig>0</orig>
                    <CST>00</CST>
                    <pICMS>18.00</pICMS>
                    <vICMS>294.73</vICMS>
                </ICMS00>
            </ICMS>
        </imposto>
    </det>
    
            <total>
                <ICMSTot>
                    <vProd>1637.4</vProd>
                    <vICMS>294.73</vICMS>
                    <vNF>1637.4</vNF>
                </ICMSTot>
            </total>
        </infNFe>
    </NFe>
</nfeProc>
