<?xml version="1.0" encoding="UTF-8"?>
<nfeProc xmlns="http://www.portalfiscal.inf.br/nfe" versao="4.00">
    <NFe xmlns="http://www.portalfiscal.inf.br/nfe">
        <infNFe Id="NFe22136046676893056990286798550127493782173340" versao="4.00">
            <ide>
                <cUF>35</cUF>
                <cNF>58105076</cNF>
                <natOp>Compra de Mercadoria</natOp>
                <mod>55</mod>
                <serie>1</serie>
                <nNF>000021</nNF>
                <dhEmi>2025-10-31T13:11:06-03:00</dhEmi>
                <tpNF>0</tpNF>
                <idDest>1</idDest>
                <cMunFG>3550308</cMunFG>
                <tpImp>1</tpImp>
                <tpEmis>1</tpEmis>
                <cDV>4</cDV>
                <tpAmb>1</tpAmb>
                <finNFe>1</finNFe>
                <indFinal>1</indFinal>
                <indPres>1</indPres>
                <procEmi>0</procEmi>
                <verProc>NF-E SIMULADA</verProc>
            </ide>
            <emit>
                <CNPJ>28.461.705/0001-25</CNPJ>
                <xNome>SILVA</xNome>
            </emit>
            <dest>
                <CNPJ>79.685.431/0001-99</CNPJ>
                <xNome>DANTE LEÃO</xNome>
            </dest>
            
    <det nItem="1">
        <prod>
            <cProd>1249421188037084</cProd>
            <xProd>ALIQUAM</xProd>
            <NCM>01012100</NCM>
            <CFOP>5101</CFOP>
            <uCom>UN</uCom>
            <qCom>37.236</qCom>
            <vUnCom>513.06</vUnCom>
            <vProd>19104.3</vProd>
            <rastro>
                <nLote>9441528</nLote>
                <qLote>37.236</qLote>
                <dFab>2025-10-21</dFab>
                <dVal>2026-02-21</dVal>
            </rastro>
        </prod>
        <imposto>
            <ICMS>
                <ICMS00>
                    <orig>0</orig>
                    <CST>00</CST>
                    <pICMS>18.00</pICMS>
                    <vICMS>3438.77</vICMS>
                </ICMS00>
            </ICMS>
        </imposto>
    </det>
    
    <det nItem="2">
        <prod>
            <cProd>9798038672534373</cProd>
            <xProd>NIHIL</xProd>
            <NCM>01012100</NCM>
            <CFOP>5101</CFOP>
            <uCom>UN</uCom>
            <qCom>30.459</qCom>
            <vUnCom>619.17</vUnCom>
            <vProd>18859.3</vProd>
            <rastro>
                <nLote>5376788</nLote>
                <qLote>30.459</qLote>
                <dFab>2025-07-30</dFab>
                <dVal>2025-12-24</dVal>
            </rastro>
        </prod>
        <imposto>
            <ICMS>
                <ICMS00>
                    <orig>0</orig>
                    <CST>00</CST>
                    <pICMS>18.00</pICMS>
                    <vICMS>3394.67</vICMS>
                </ICMS00>
            </ICMS>
        </imposto>
    </det>
    
    <det nItem="3">
        <prod>
            <cProd>4107803124832404</cProd>
            <xProd>SAPIENTE</xProd>
            <NCM>01012100</NCM>
            <CFOP>5101</CFOP>
            <uCom>UN</uCom>
            <qCom>17.089</qCom>
            <vUnCom>262.33</vUnCom>
            <vProd>4482.96</vProd>
            <rastro>
                <nLote>7270289</nLote>
                <qLote>17.089</qLote>
                <dFab>2025-07-24</dFab>
                <dVal>2026-02-14</dVal>
            </rastro>
        </prod>
        <imposto>
            <ICMS>
                <ICMS00>
                    <orig>0</orig>
                    <CST>00</CST>
                    <pICMS>18.00</pICMS>
                    <vICMS>806.93</vICMS>
                </ICMS00>
            </ICMS>
        </imposto>
    </det>
    
    <det nItem="4">
        <prod>
            <cProd>6964270003743615</cProd>
            <xProd>NULLA</xProd>
            <NCM>01012100</NCM>
            <CFOP>5101</CFOP>
            <uCom>UN</uCom>
            <qCom>83.225</qCom>
            <vUnCom>905.82</vUnCom>
            <vProd>75386.87</vProd>
            <rastro>
                <nLote>3637315</nLote>
                <qLote>83.225</qLote>
                <dFab>2025-08-11</dFab>
                <dVal>2026-10-09</dVal>
            </rastro>
        </prod>
        <imposto>
            <ICMS>
                <ICMS00>
                    <orig>0</orig>
                    <CST>00</CST>
                    <pICMS>18.00</pICMS>
                    <vICMS>13569.64</vICMS>
                </ICMS00>
            </ICMS>
        </imposto>
    </det>
    
            <total>
                <ICMSTot>
                    <vProd>117833.43</vProd>
                    <vICMS>21210.02</vICMS>
                    <vNF>117833.43</vNF>
                </ICMSTot>
            </total>
        </infNFe>
    </NFe>
</nfeProc>
