<?xml version="1.0" encoding="UTF-8"?>
<nfeProc xmlns="http://www.portalfiscal.inf.br/nfe" versao="4.00">
    <NFe xmlns="http://www.portalfiscal.inf.br/nfe">
        <infNFe Id="NFe57425986765867242601692700331837524612764836" versao="4.00">
            <ide>
                <cUF>35</cUF>
                <cNF>91204294</cNF>
                <natOp>Venda de Mercadoria</natOp>
                <mod>55</mod>
                <serie>1</serie>
                <nNF>000261</nNF>
                <dhEmi>2025-10-31T13:11:06-03:00</dhEmi>
                <tpNF>1</tpNF>
                <idDest>1</idDest>
                <cMunFG>3550308</cMunFG>
                <tpImp>1</tpImp>
                <tpEmis>1</tpEmis>
                <cDV>0</cDV>
                <tpAmb>1</tpAmb>
                <finNFe>1</finNFe>
                <indFinal>1</indFinal>
                <indPres>1</indPres>
                <procEmi>0</procEmi>
                <verProc>NF-E SIMULADA</verProc>
            </ide>
            <emit>
                <CNPJ>94.132.756/0001-38</CNPJ>
                <xNome>MARQUES E FILHOS</xNome>
            </emit>
            <dest>
                <CNPJ>69.852.403/0001-65</CNPJ>
                <xNome>BERNARDO BRITO</xNome>
            </dest>
            
    <det nItem="1">
        <prod>
            <cProd>7294541465806920</cProd>
            <xProd>BEATAE</xProd>
            <NCM>01012100</NCM>
            <CFOP>5101</CFOP>
            <uCom>UN</uCom>
            <qCom>62.93</qCom>
            <vUnCom>531.19</vUnCom>
            <vProd>33427.79</vProd>
            <rastro>
                <nLote>7764709</nLote>
                <qLote>62.93</qLote>
                <dFab>2025-08-30</dFab>
                <dVal>2025-12-06</dVal>
            </rastro>
        </prod>
        <imposto>
            <ICMS>
                <ICMS00>
                    <orig>0</orig>
                    <CST>00</CST>
                    <pICMS>18.00</pICMS>
                    <vICMS>6017.0</vICMS>
                </ICMS00>
            </ICMS>
        </imposto>
    </det>
    
    <det nItem="2">
        <prod>
            <cProd>9789872019124917</cProd>
            <xProd>ODIO</xProd>
            <NCM>01012100</NCM>
            <CFOP>5101</CFOP>
            <uCom>UN</uCom>
            <qCom>98.566</qCom>
            <vUnCom>754.5</vUnCom>
            <vProd>74368.05</vProd>
            <rastro>
                <nLote>3310828</nLote>
                <qLote>98.566</qLote>
                <dFab>2025-10-03</dFab>
                <dVal>2026-06-12</dVal>
            </rastro>
        </prod>
        <imposto>
            <ICMS>
                <ICMS00>
                    <orig>0</orig>
                    <CST>00</CST>
                    <pICMS>18.00</pICMS>
                    <vICMS>13386.25</vICMS>
                </ICMS00>
            </ICMS>
        </imposto>
    </det>
    
    <det nItem="3">
        <prod>
            <cProd>8446844987954120</cProd>
            <xProd>OMNIS</xProd>
            <NCM>01012100</NCM>
            <CFOP>5101</CFOP>
            <uCom>UN</uCom>
            <qCom>12.99</qCom>
            <vUnCom>882.8</vUnCom>
            <vProd>11467.57</vProd>
            <rastro>
                <nLote>3292586</nLote>
                <qLote>12.99</qLote>
                <dFab>2025-09-24</dFab>
                <dVal>2026-03-01</dVal>
            </rastro>
        </prod>
        <imposto>
            <ICMS>
                <ICMS00>
                    <orig>0</orig>
                    <CST>00</CST>
                    <pICMS>18.00</pICMS>
                    <vICMS>2064.16</vICMS>
                </ICMS00>
            </ICMS>
        </imposto>
    </det>
    
    <det nItem="4">
        <prod>
            <cProd>1762127230266914</cProd>
            <xProd>AMET</xProd>
            <NCM>01012100</NCM>
            <CFOP>5101</CFOP>
            <uCom>UN</uCom>
            <qCom>79.425</qCom>
            <vUnCom>614.65</vUnCom>
            <vProd>48818.58</vProd>
            <rastro>
                <nLote>9056528</nLote>
                <qLote>79.425</qLote>
                <dFab>2025-09-05</dFab>
                <dVal>2026-10-03</dVal>
            </rastro>
        </prod>
        <imposto>
            <ICMS>
                <ICMS00>
                    <orig>0</orig>
                    <CST>00</CST>
                    <pICMS>18.00</pICMS>
                    <vICMS>8787.34</vICMS>
                </ICMS00>
            </ICMS>
        </imposto>
    </det>
    
            <total>
                <ICMSTot>
                    <vProd>168081.99</vProd>
                    <vICMS>30254.76</vICMS>
                    <vNF>168081.99</vNF>
                </ICMSTot>
            </total>
        </infNFe>
    </NFe>
</nfeProc>
