<?xml version="1.0" encoding="UTF-8"?>
<nfeProc xmlns="http://www.portalfiscal.inf.br/nfe" versao="4.00">
    <NFe xmlns="http://www.portalfiscal.inf.br/nfe">
        <infNFe Id="NFe65874566427040373699865246405549203776950779" versao="4.00">
            <ide>
                <cUF>35</cUF>
                <cNF>38874291</cNF>
                <natOp>Compra de Mercadoria</natOp>
                <mod>55</mod>
                <serie>1</serie>
                <nNF>000056</nNF>
                <dhEmi>2025-10-31T13:11:06-03:00</dhEmi>
                <tpNF>0</tpNF>
                <idDest>1</idDest>
                <cMunFG>3550308</cMunFG>
                <tpImp>1</tpImp>
                <tpEmis>1</tpEmis>
                <cDV>4</cDV>
                <tpAmb>1</tpAmb>
                <finNFe>1</finNFe>
                <indFinal>1</indFinal>
                <indPres>1</indPres>
                <procEmi>0</procEmi>
                <verProc>NF-E SIMULADA</verProc>
            </ide>
            <emit>
                <CNPJ>18.650.392/0001-08</CNPJ>
                <xNome>NASCIMENTO S/A</xNome>
            </emit>
            <dest>
                <CNPJ>01.735.698/0001-56</CNPJ>
                <xNome>DRA. MAITÊ SOUZA</xNome>
            </dest>
            
    <det nItem="1">
        <prod>
            <cProd>6286508231393188</cProd>
            <xProd>CONSEQUATUR</xProd>
            <NCM>01012100</NCM>
            <CFOP>5101</CFOP>
            <uCom>UN</uCom>
            <qCom>84.868</qCom>
            <vUnCom>519.7</vUnCom>
            <vProd>44105.9</vProd>
            <rastro>
                <nLote>4646093</nLote>
                <qLote>84.868</qLote>
                <dFab>2025-09-15</dFab>
                <dVal>2026-09-08</dVal>
            </rastro>
        </prod>
        <imposto>
            <ICMS>
                <ICMS00>
                    <orig>0</orig>
                    <CST>00</CST>
                    <pICMS>18.00</pICMS>
                    <vICMS>7939.06</vICMS>
                </ICMS00>
            </ICMS>
        </imposto>
    </det>
    
    <det nItem="2">
        <prod>
            <cProd>7106338301706890</cProd>
            <xProd>ODIT</xProd>
            <NCM>01012100</NCM>
            <CFOP>5101</CFOP>
            <uCom>UN</uCom>
            <qCom>78.771</qCom>
            <vUnCom>463.36</vUnCom>
            <vProd>36499.33</vProd>
            <rastro>
                <nLote>3867303</nLote>
                <qLote>78.771</qLote>
                <dFab>2025-10-21</dFab>
                <dVal>2026-03-13</dVal>
            </rastro>
        </prod>
        <imposto>
            <ICMS>
                <ICMS00>
                    <orig>0</orig>
                    <CST>00</CST>
                    <pICMS>18.00</pICMS>
                    <vICMS>6569.88</vICMS>
                </ICMS00>
            </ICMS>
        </imposto>
    </det>
    
            <total>
                <ICMSTot>
                    <vProd>80605.23</vProd>
                    <vICMS>14508.94</vICMS>
                    <vNF>80605.23</vNF>
                </ICMSTot>
            </total>
        </infNFe>
    </NFe>
</nfeProc>
