<?xml version="1.0" encoding="UTF-8"?>
<nfeProc xmlns="http://www.portalfiscal.inf.br/nfe" versao="4.00">
    <NFe xmlns="http://www.portalfiscal.inf.br/nfe">
        <infNFe Id="NFe74472867758835511323595466957309226047454381" versao="4.00">
            <ide>
                <cUF>35</cUF>
                <cNF>20153009</cNF>
                <natOp>Compra de Mercadoria</natOp>
                <mod>55</mod>
                <serie>1</serie>
                <nNF>000082</nNF>
                <dhEmi>2025-10-31T13:11:06-03:00</dhEmi>
                <tpNF>0</tpNF>
                <idDest>1</idDest>
                <cMunFG>3550308</cMunFG>
                <tpImp>1</tpImp>
                <tpEmis>1</tpEmis>
                <cDV>2</cDV>
                <tpAmb>1</tpAmb>
                <finNFe>1</finNFe>
                <indFinal>1</indFinal>
                <indPres>1</indPres>
                <procEmi>0</procEmi>
                <verProc>NF-E SIMULADA</verProc>
            </ide>
            <emit>
                <CNPJ>87.029.143/0001-04</CNPJ>
                <xNome>NOVAES</xNome>
            </emit>
            <dest>
                <CNPJ>28.176.490/0001-09</CNPJ>
                <xNome>DR. LÉO DA MATA</xNome>
            </dest>
            
    <det nItem="1">
        <prod>
            <cProd>2281573875737795</cProd>
            <xProd>SUSCIPIT</xProd>
            <NCM>01012100</NCM>
            <CFOP>5101</CFOP>
            <uCom>UN</uCom>
            <qCom>79.459</qCom>
            <vUnCom>941.46</vUnCom>
            <vProd>74807.47</vProd>
            <rastro>
                <nLote>5856696</nLote>
                <qLote>79.459</qLote>
                <dFab>2025-09-06</dFab>
                <dVal>2026-01-24</dVal>
            </rastro>
        </prod>
        <imposto>
            <ICMS>
                <ICMS00>
                    <orig>0</orig>
                    <CST>00</CST>
                    <pICMS>18.00</pICMS>
                    <vICMS>13465.34</vICMS>
                </ICMS00>
            </ICMS>
        </imposto>
    </det>
    
            <total>
                <ICMSTot>
                    <vProd>74807.47</vProd>
                    <vICMS>13465.34</vICMS>
                    <vNF>74807.47</vNF>
                </ICMSTot>
            </total>
        </infNFe>
    </NFe>
</nfeProc>
