<?xml version="1.0" encoding="UTF-8"?>
<nfeProc xmlns="http://www.portalfiscal.inf.br/nfe" versao="4.00">
    <NFe xmlns="http://www.portalfiscal.inf.br/nfe">
        <infNFe Id="NFe50518280485570488252654231092753608307837006" versao="4.00">
            <ide>
                <cUF>35</cUF>
                <cNF>89190337</cNF>
                <natOp>Venda de Mercadoria</natOp>
                <mod>55</mod>
                <serie>1</serie>
                <nNF>000033</nNF>
                <dhEmi>2025-10-31T13:11:06-03:00</dhEmi>
                <tpNF>1</tpNF>
                <idDest>1</idDest>
                <cMunFG>3550308</cMunFG>
                <tpImp>1</tpImp>
                <tpEmis>1</tpEmis>
                <cDV>4</cDV>
                <tpAmb>1</tpAmb>
                <finNFe>1</finNFe>
                <indFinal>1</indFinal>
                <indPres>1</indPres>
                <procEmi>0</procEmi>
                <verProc>NF-E SIMULADA</verProc>
            </ide>
            <emit>
                <CNPJ>17.632.405/0001-45</CNPJ>
                <xNome>APARECIDA</xNome>
            </emit>
            <dest>
                <CNPJ>36.905.178/0001-29</CNPJ>
                <xNome>BENICIO NASCIMENTO</xNome>
            </dest>
            
    <det nItem="1">
        <prod>
            <cProd>7886469403910769</cProd>
            <xProd>REPELLENDUS</xProd>
            <NCM>01012100</NCM>
            <CFOP>5101</CFOP>
            <uCom>UN</uCom>
            <qCom>27.544</qCom>
            <vUnCom>951.44</vUnCom>
            <vProd>26206.46</vProd>
            <rastro>
                <nLote>6634269</nLote>
                <qLote>27.544</qLote>
                <dFab>2025-08-20</dFab>
                <dVal>2026-02-14</dVal>
            </rastro>
        </prod>
        <imposto>
            <ICMS>
                <ICMS00>
                    <orig>0</orig>
                    <CST>00</CST>
                    <pICMS>18.00</pICMS>
                    <vICMS>4717.16</vICMS>
                </ICMS00>
            </ICMS>
        </imposto>
    </det>
    
    <det nItem="2">
        <prod>
            <cProd>9569915171630549</cProd>
            <xProd>REPELLENDUS</xProd>
            <NCM>01012100</NCM>
            <CFOP>5101</CFOP>
            <uCom>UN</uCom>
            <qCom>13.908</qCom>
            <vUnCom>150.4</vUnCom>
            <vProd>2091.76</vProd>
            <rastro>
                <nLote>5128316</nLote>
                <qLote>13.908</qLote>
                <dFab>2025-08-24</dFab>
                <dVal>2026-03-29</dVal>
            </rastro>
        </prod>
        <imposto>
            <ICMS>
                <ICMS00>
                    <orig>0</orig>
                    <CST>00</CST>
                    <pICMS>18.00</pICMS>
                    <vICMS>376.52</vICMS>
                </ICMS00>
            </ICMS>
        </imposto>
    </det>
    
    <det nItem="3">
        <prod>
            <cProd>9249260543898424</cProd>
            <xProd>ELIGENDI</xProd>
            <NCM>01012100</NCM>
            <CFOP>5101</CFOP>
            <uCom>UN</uCom>
            <qCom>6.322</qCom>
            <vUnCom>666.92</vUnCom>
            <vProd>4216.27</vProd>
            <rastro>
                <nLote>7958694</nLote>
                <qLote>6.322</qLote>
                <dFab>2025-08-12</dFab>
                <dVal>2026-04-17</dVal>
            </rastro>
        </prod>
        <imposto>
            <ICMS>
                <ICMS00>
                    <orig>0</orig>
                    <CST>00</CST>
                    <pICMS>18.00</pICMS>
                    <vICMS>758.93</vICMS>
                </ICMS00>
            </ICMS>
        </imposto>
    </det>
    
            <total>
                <ICMSTot>
                    <vProd>32514.49</vProd>
                    <vICMS>5852.61</vICMS>
                    <vNF>32514.49</vNF>
                </ICMSTot>
            </total>
        </infNFe>
    </NFe>
</nfeProc>
