<?xml version="1.0" encoding="UTF-8"?>
<nfeProc xmlns="http://www.portalfiscal.inf.br/nfe" versao="4.00">
    <NFe xmlns="http://www.portalfiscal.inf.br/nfe">
        <infNFe Id="NFe54323044066161103218147108402436125848766342" versao="4.00">
            <ide>
                <cUF>35</cUF>
                <cNF>78238901</cNF>
                <natOp>Compra de Mercadoria</natOp>
                <mod>55</mod>
                <serie>1</serie>
                <nNF>000470</nNF>
                <dhEmi>2025-10-31T13:11:06-03:00</dhEmi>
                <tpNF>0</tpNF>
                <idDest>1</idDest>
                <cMunFG>3550308</cMunFG>
                <tpImp>1</tpImp>
                <tpEmis>1</tpEmis>
                <cDV>0</cDV>
                <tpAmb>1</tpAmb>
                <finNFe>1</finNFe>
                <indFinal>1</indFinal>
                <indPres>1</indPres>
                <procEmi>0</procEmi>
                <verProc>NF-E SIMULADA</verProc>
            </ide>
            <emit>
                <CNPJ>47.025.698/0001-63</CNPJ>
                <xNome>BARROS MENDES S.A.</xNome>
            </emit>
            <dest>
                <CNPJ>53.480.261/0001-12</CNPJ>
                <xNome>GAEL VIEIRA</xNome>
            </dest>
            
    <det nItem="1">
        <prod>
            <cProd>2879734487514577</cProd>
            <xProd>ET</xProd>
            <NCM>01012100</NCM>
            <CFOP>5101</CFOP>
            <uCom>UN</uCom>
            <qCom>27.651</qCom>
            <vUnCom>438.43</vUnCom>
            <vProd>12123.03</vProd>
            <rastro>
                <nLote>9652592</nLote>
                <qLote>27.651</qLote>
                <dFab>2025-09-16</dFab>
                <dVal>2025-12-27</dVal>
            </rastro>
        </prod>
        <imposto>
            <ICMS>
                <ICMS00>
                    <orig>0</orig>
                    <CST>00</CST>
                    <pICMS>18.00</pICMS>
                    <vICMS>2182.15</vICMS>
                </ICMS00>
            </ICMS>
        </imposto>
    </det>
    
    <det nItem="2">
        <prod>
            <cProd>5394962374318775</cProd>
            <xProd>IMPEDIT</xProd>
            <NCM>01012100</NCM>
            <CFOP>5101</CFOP>
            <uCom>UN</uCom>
            <qCom>85.002</qCom>
            <vUnCom>735.22</vUnCom>
            <vProd>62495.17</vProd>
            <rastro>
                <nLote>1382501</nLote>
                <qLote>85.002</qLote>
                <dFab>2025-08-04</dFab>
                <dVal>2026-03-26</dVal>
            </rastro>
        </prod>
        <imposto>
            <ICMS>
                <ICMS00>
                    <orig>0</orig>
                    <CST>00</CST>
                    <pICMS>18.00</pICMS>
                    <vICMS>11249.13</vICMS>
                </ICMS00>
            </ICMS>
        </imposto>
    </det>
    
    <det nItem="3">
        <prod>
            <cProd>4776345874859660</cProd>
            <xProd>QUIDEM</xProd>
            <NCM>01012100</NCM>
            <CFOP>5101</CFOP>
            <uCom>UN</uCom>
            <qCom>85.629</qCom>
            <vUnCom>954.86</vUnCom>
            <vProd>81763.71</vProd>
            <rastro>
                <nLote>5616700</nLote>
                <qLote>85.629</qLote>
                <dFab>2025-09-03</dFab>
                <dVal>2026-02-12</dVal>
            </rastro>
        </prod>
        <imposto>
            <ICMS>
                <ICMS00>
                    <orig>0</orig>
                    <CST>00</CST>
                    <pICMS>18.00</pICMS>
                    <vICMS>14717.47</vICMS>
                </ICMS00>
            </ICMS>
        </imposto>
    </det>
    
            <total>
                <ICMSTot>
                    <vProd>156381.91</vProd>
                    <vICMS>28148.74</vICMS>
                    <vNF>156381.91</vNF>
                </ICMSTot>
            </total>
        </infNFe>
    </NFe>
</nfeProc>
