<?xml version="1.0" encoding="UTF-8"?>
<nfeProc xmlns="http://www.portalfiscal.inf.br/nfe" versao="4.00">
    <NFe xmlns="http://www.portalfiscal.inf.br/nfe">
        <infNFe Id="NFe91507510945232431115392559880811550337245154" versao="4.00">
            <ide>
                <cUF>35</cUF>
                <cNF>56884434</cNF>
                <natOp>Venda de Mercadoria</natOp>
                <mod>55</mod>
                <serie>1</serie>
                <nNF>000295</nNF>
                <dhEmi>2025-10-31T13:11:06-03:00</dhEmi>
                <tpNF>1</tpNF>
                <idDest>1</idDest>
                <cMunFG>3550308</cMunFG>
                <tpImp>1</tpImp>
                <tpEmis>1</tpEmis>
                <cDV>7</cDV>
                <tpAmb>1</tpAmb>
                <finNFe>1</finNFe>
                <indFinal>1</indFinal>
                <indPres>1</indPres>
                <procEmi>0</procEmi>
                <verProc>NF-E SIMULADA</verProc>
            </ide>
            <emit>
                <CNPJ>48.916.750/0001-34</CNPJ>
                <xNome>MENDONÇA</xNome>
            </emit>
            <dest>
                <CNPJ>26.904.817/0001-88</CNPJ>
                <xNome>MARIA FLOR CALDEIRA</xNome>
            </dest>
            
    <det nItem="1">
        <prod>
            <cProd>6168910269634675</cProd>
            <xProd>MOLESTIAE</xProd>
            <NCM>01012100</NCM>
            <CFOP>5101</CFOP>
            <uCom>UN</uCom>
            <qCom>46.846</qCom>
            <vUnCom>781.44</vUnCom>
            <vProd>36607.34</vProd>
            <rastro>
                <nLote>8922638</nLote>
                <qLote>46.846</qLote>
                <dFab>2025-10-19</dFab>
                <dVal>2026-07-12</dVal>
            </rastro>
        </prod>
        <imposto>
            <ICMS>
                <ICMS00>
                    <orig>0</orig>
                    <CST>00</CST>
                    <pICMS>18.00</pICMS>
                    <vICMS>6589.32</vICMS>
                </ICMS00>
            </ICMS>
        </imposto>
    </det>
    
    <det nItem="2">
        <prod>
            <cProd>1354969914522693</cProd>
            <xProd>OMNIS</xProd>
            <NCM>01012100</NCM>
            <CFOP>5101</CFOP>
            <uCom>UN</uCom>
            <qCom>92.959</qCom>
            <vUnCom>673.05</vUnCom>
            <vProd>62566.05</vProd>
            <rastro>
                <nLote>5301241</nLote>
                <qLote>92.959</qLote>
                <dFab>2025-10-19</dFab>
                <dVal>2026-08-07</dVal>
            </rastro>
        </prod>
        <imposto>
            <ICMS>
                <ICMS00>
                    <orig>0</orig>
                    <CST>00</CST>
                    <pICMS>18.00</pICMS>
                    <vICMS>11261.89</vICMS>
                </ICMS00>
            </ICMS>
        </imposto>
    </det>
    
            <total>
                <ICMSTot>
                    <vProd>99173.39</vProd>
                    <vICMS>17851.21</vICMS>
                    <vNF>99173.39</vNF>
                </ICMSTot>
            </total>
        </infNFe>
    </NFe>
</nfeProc>
