<?xml version="1.0" encoding="UTF-8"?>
<nfeProc xmlns="http://www.portalfiscal.inf.br/nfe" versao="4.00">
    <NFe xmlns="http://www.portalfiscal.inf.br/nfe">
        <infNFe Id="NFe21326420150348029350379512132910657057646330" versao="4.00">
            <ide>
                <cUF>35</cUF>
                <cNF>19973542</cNF>
                <natOp>Venda de Mercadoria</natOp>
                <mod>55</mod>
                <serie>1</serie>
                <nNF>000197</nNF>
                <dhEmi>2025-10-31T13:11:06-03:00</dhEmi>
                <tpNF>1</tpNF>
                <idDest>1</idDest>
                <cMunFG>3550308</cMunFG>
                <tpImp>1</tpImp>
                <tpEmis>1</tpEmis>
                <cDV>9</cDV>
                <tpAmb>1</tpAmb>
                <finNFe>1</finNFe>
                <indFinal>1</indFinal>
                <indPres>1</indPres>
                <procEmi>0</procEmi>
                <verProc>NF-E SIMULADA</verProc>
            </ide>
            <emit>
                <CNPJ>35.760.914/0001-35</CNPJ>
                <xNome>SANTOS E FILHOS</xNome>
            </emit>
            <dest>
                <CNPJ>80.791.425/0001-03</CNPJ>
                <xNome>LUANA VARGAS</xNome>
            </dest>
            
    <det nItem="1">
        <prod>
            <cProd>9831132655933376</cProd>
            <xProd>NESCIUNT</xProd>
            <NCM>01012100</NCM>
            <CFOP>5101</CFOP>
            <uCom>UN</uCom>
            <qCom>62.355</qCom>
            <vUnCom>843.84</vUnCom>
            <vProd>52617.64</vProd>
            <rastro>
                <nLote>9125018</nLote>
                <qLote>62.355</qLote>
                <dFab>2025-08-26</dFab>
                <dVal>2026-02-18</dVal>
            </rastro>
        </prod>
        <imposto>
            <ICMS>
                <ICMS00>
                    <orig>0</orig>
                    <CST>00</CST>
                    <pICMS>18.00</pICMS>
                    <vICMS>9471.18</vICMS>
                </ICMS00>
            </ICMS>
        </imposto>
    </det>
    
    <det nItem="2">
        <prod>
            <cProd>2189210120658645</cProd>
            <xProd>QUAE</xProd>
            <NCM>01012100</NCM>
            <CFOP>5101</CFOP>
            <uCom>UN</uCom>
            <qCom>22.748</qCom>
            <vUnCom>88.35</vUnCom>
            <vProd>2009.79</vProd>
            <rastro>
                <nLote>1940427</nLote>
                <qLote>22.748</qLote>
                <dFab>2025-09-27</dFab>
                <dVal>2025-12-25</dVal>
            </rastro>
        </prod>
        <imposto>
            <ICMS>
                <ICMS00>
                    <orig>0</orig>
                    <CST>00</CST>
                    <pICMS>18.00</pICMS>
                    <vICMS>361.76</vICMS>
                </ICMS00>
            </ICMS>
        </imposto>
    </det>
    
    <det nItem="3">
        <prod>
            <cProd>8975801267685864</cProd>
            <xProd>SUSCIPIT</xProd>
            <NCM>01012100</NCM>
            <CFOP>5101</CFOP>
            <uCom>UN</uCom>
            <qCom>20.503</qCom>
            <vUnCom>50.19</vUnCom>
            <vProd>1029.05</vProd>
            <rastro>
                <nLote>3940453</nLote>
                <qLote>20.503</qLote>
                <dFab>2025-07-31</dFab>
                <dVal>2025-12-20</dVal>
            </rastro>
        </prod>
        <imposto>
            <ICMS>
                <ICMS00>
                    <orig>0</orig>
                    <CST>00</CST>
                    <pICMS>18.00</pICMS>
                    <vICMS>185.23</vICMS>
                </ICMS00>
            </ICMS>
        </imposto>
    </det>
    
            <total>
                <ICMSTot>
                    <vProd>55656.48</vProd>
                    <vICMS>10018.17</vICMS>
                    <vNF>55656.48</vNF>
                </ICMSTot>
            </total>
        </infNFe>
    </NFe>
</nfeProc>
