<?xml version="1.0" encoding="UTF-8"?>
<nfeProc xmlns="http://www.portalfiscal.inf.br/nfe" versao="4.00">
    <NFe xmlns="http://www.portalfiscal.inf.br/nfe">
        <infNFe Id="NFe30607595248833974300576337644105054245759734" versao="4.00">
            <ide>
                <cUF>35</cUF>
                <cNF>88571468</cNF>
                <natOp>Venda de Mercadoria</natOp>
                <mod>55</mod>
                <serie>1</serie>
                <nNF>000044</nNF>
                <dhEmi>2025-10-31T13:11:06-03:00</dhEmi>
                <tpNF>1</tpNF>
                <idDest>1</idDest>
                <cMunFG>3550308</cMunFG>
                <tpImp>1</tpImp>
                <tpEmis>1</tpEmis>
                <cDV>3</cDV>
                <tpAmb>1</tpAmb>
                <finNFe>1</finNFe>
                <indFinal>1</indFinal>
                <indPres>1</indPres>
                <procEmi>0</procEmi>
                <verProc>NF-E SIMULADA</verProc>
            </ide>
            <emit>
                <CNPJ>42.901.738/0001-70</CNPJ>
                <xNome>CIRINO</xNome>
            </emit>
            <dest>
                <CNPJ>43.615.982/0001-39</CNPJ>
                <xNome>PAULO AZEVEDO</xNome>
            </dest>
            
    <det nItem="1">
        <prod>
            <cProd>9685625827593514</cProd>
            <xProd>ALIAS</xProd>
            <NCM>01012100</NCM>
            <CFOP>5101</CFOP>
            <uCom>UN</uCom>
            <qCom>84.611</qCom>
            <vUnCom>918.15</vUnCom>
            <vProd>77685.59</vProd>
            <rastro>
                <nLote>5775041</nLote>
                <qLote>84.611</qLote>
                <dFab>2025-09-19</dFab>
                <dVal>2026-10-26</dVal>
            </rastro>
        </prod>
        <imposto>
            <ICMS>
                <ICMS00>
                    <orig>0</orig>
                    <CST>00</CST>
                    <pICMS>18.00</pICMS>
                    <vICMS>13983.41</vICMS>
                </ICMS00>
            </ICMS>
        </imposto>
    </det>
    
    <det nItem="2">
        <prod>
            <cProd>9130448839910622</cProd>
            <xProd>A</xProd>
            <NCM>01012100</NCM>
            <CFOP>5101</CFOP>
            <uCom>UN</uCom>
            <qCom>63.148</qCom>
            <vUnCom>639.53</vUnCom>
            <vProd>40385.04</vProd>
            <rastro>
                <nLote>9282741</nLote>
                <qLote>63.148</qLote>
                <dFab>2025-08-08</dFab>
                <dVal>2026-05-29</dVal>
            </rastro>
        </prod>
        <imposto>
            <ICMS>
                <ICMS00>
                    <orig>0</orig>
                    <CST>00</CST>
                    <pICMS>18.00</pICMS>
                    <vICMS>7269.31</vICMS>
                </ICMS00>
            </ICMS>
        </imposto>
    </det>
    
            <total>
                <ICMSTot>
                    <vProd>118070.63</vProd>
                    <vICMS>21252.71</vICMS>
                    <vNF>118070.63</vNF>
                </ICMSTot>
            </total>
        </infNFe>
    </NFe>
</nfeProc>
