<?xml version="1.0" encoding="UTF-8"?>
<nfeProc xmlns="http://www.portalfiscal.inf.br/nfe" versao="4.00">
    <NFe xmlns="http://www.portalfiscal.inf.br/nfe">
        <infNFe Id="NFe81426096444308147201865038134114850483206095" versao="4.00">
            <ide>
                <cUF>35</cUF>
                <cNF>58888019</cNF>
                <natOp>Venda de Mercadoria</natOp>
                <mod>55</mod>
                <serie>1</serie>
                <nNF>000118</nNF>
                <dhEmi>2025-10-31T13:11:06-03:00</dhEmi>
                <tpNF>1</tpNF>
                <idDest>1</idDest>
                <cMunFG>3550308</cMunFG>
                <tpImp>1</tpImp>
                <tpEmis>1</tpEmis>
                <cDV>8</cDV>
                <tpAmb>1</tpAmb>
                <finNFe>1</finNFe>
                <indFinal>1</indFinal>
                <indPres>1</indPres>
                <procEmi>0</procEmi>
                <verProc>NF-E SIMULADA</verProc>
            </ide>
            <emit>
                <CNPJ>12.560.479/0001-08</CNPJ>
                <xNome>FERNANDES</xNome>
            </emit>
            <dest>
                <CNPJ>15.943.207/0001-77</CNPJ>
                <xNome>VINÍCIUS CORREIA</xNome>
            </dest>
            
    <det nItem="1">
        <prod>
            <cProd>7966527739041478</cProd>
            <xProd>QUIBUSDAM</xProd>
            <NCM>01012100</NCM>
            <CFOP>5101</CFOP>
            <uCom>UN</uCom>
            <qCom>59.878</qCom>
            <vUnCom>70.79</vUnCom>
            <vProd>4238.76</vProd>
            <rastro>
                <nLote>1958141</nLote>
                <qLote>59.878</qLote>
                <dFab>2025-08-05</dFab>
                <dVal>2026-04-04</dVal>
            </rastro>
        </prod>
        <imposto>
            <ICMS>
                <ICMS00>
                    <orig>0</orig>
                    <CST>00</CST>
                    <pICMS>18.00</pICMS>
                    <vICMS>762.98</vICMS>
                </ICMS00>
            </ICMS>
        </imposto>
    </det>
    
            <total>
                <ICMSTot>
                    <vProd>4238.76</vProd>
                    <vICMS>762.98</vICMS>
                    <vNF>4238.76</vNF>
                </ICMSTot>
            </total>
        </infNFe>
    </NFe>
</nfeProc>
