<?xml version="1.0" encoding="UTF-8"?>
<nfeProc xmlns="http://www.portalfiscal.inf.br/nfe" versao="4.00">
    <NFe xmlns="http://www.portalfiscal.inf.br/nfe">
        <infNFe Id="NFe91385725394618051401079138364101022711112449" versao="4.00">
            <ide>
                <cUF>35</cUF>
                <cNF>65138319</cNF>
                <natOp>Venda de Mercadoria</natOp>
                <mod>55</mod>
                <serie>1</serie>
                <nNF>000446</nNF>
                <dhEmi>2025-10-31T13:11:06-03:00</dhEmi>
                <tpNF>1</tpNF>
                <idDest>1</idDest>
                <cMunFG>3550308</cMunFG>
                <tpImp>1</tpImp>
                <tpEmis>1</tpEmis>
                <cDV>5</cDV>
                <tpAmb>1</tpAmb>
                <finNFe>1</finNFe>
                <indFinal>1</indFinal>
                <indPres>1</indPres>
                <procEmi>0</procEmi>
                <verProc>NF-E SIMULADA</verProc>
            </ide>
            <emit>
                <CNPJ>10.475.386/0001-41</CNPJ>
                <xNome>ANDRADE S/A</xNome>
            </emit>
            <dest>
                <CNPJ>09.241.837/0001-05</CNPJ>
                <xNome>BÁRBARA VARGAS</xNome>
            </dest>
            
    <det nItem="1">
        <prod>
            <cProd>7130494531436435</cProd>
            <xProd>ISTE</xProd>
            <NCM>01012100</NCM>
            <CFOP>5101</CFOP>
            <uCom>UN</uCom>
            <qCom>92.01</qCom>
            <vUnCom>180.2</vUnCom>
            <vProd>16580.2</vProd>
            <rastro>
                <nLote>4458437</nLote>
                <qLote>92.01</qLote>
                <dFab>2025-08-18</dFab>
                <dVal>2026-07-12</dVal>
            </rastro>
        </prod>
        <imposto>
            <ICMS>
                <ICMS00>
                    <orig>0</orig>
                    <CST>00</CST>
                    <pICMS>18.00</pICMS>
                    <vICMS>2984.44</vICMS>
                </ICMS00>
            </ICMS>
        </imposto>
    </det>
    
    <det nItem="2">
        <prod>
            <cProd>1319409851558301</cProd>
            <xProd>QUIBUSDAM</xProd>
            <NCM>01012100</NCM>
            <CFOP>5101</CFOP>
            <uCom>UN</uCom>
            <qCom>61.489</qCom>
            <vUnCom>63.91</vUnCom>
            <vProd>3929.76</vProd>
            <rastro>
                <nLote>6284820</nLote>
                <qLote>61.489</qLote>
                <dFab>2025-09-18</dFab>
                <dVal>2025-12-26</dVal>
            </rastro>
        </prod>
        <imposto>
            <ICMS>
                <ICMS00>
                    <orig>0</orig>
                    <CST>00</CST>
                    <pICMS>18.00</pICMS>
                    <vICMS>707.36</vICMS>
                </ICMS00>
            </ICMS>
        </imposto>
    </det>
    
    <det nItem="3">
        <prod>
            <cProd>8389473177974801</cProd>
            <xProd>MAIORES</xProd>
            <NCM>01012100</NCM>
            <CFOP>5101</CFOP>
            <uCom>UN</uCom>
            <qCom>49.066</qCom>
            <vUnCom>825.93</vUnCom>
            <vProd>40525.08</vProd>
            <rastro>
                <nLote>4214715</nLote>
                <qLote>49.066</qLote>
                <dFab>2025-10-04</dFab>
                <dVal>2026-10-28</dVal>
            </rastro>
        </prod>
        <imposto>
            <ICMS>
                <ICMS00>
                    <orig>0</orig>
                    <CST>00</CST>
                    <pICMS>18.00</pICMS>
                    <vICMS>7294.51</vICMS>
                </ICMS00>
            </ICMS>
        </imposto>
    </det>
    
            <total>
                <ICMSTot>
                    <vProd>61035.04</vProd>
                    <vICMS>10986.31</vICMS>
                    <vNF>61035.04</vNF>
                </ICMSTot>
            </total>
        </infNFe>
    </NFe>
</nfeProc>
