<?xml version="1.0" encoding="UTF-8"?>
<nfeProc xmlns="http://www.portalfiscal.inf.br/nfe" versao="4.00">
    <NFe xmlns="http://www.portalfiscal.inf.br/nfe">
        <infNFe Id="NFe36303495392498073910318977132978394726947938" versao="4.00">
            <ide>
                <cUF>35</cUF>
                <cNF>13591952</cNF>
                <natOp>Venda de Mercadoria</natOp>
                <mod>55</mod>
                <serie>1</serie>
                <nNF>000183</nNF>
                <dhEmi>2025-10-31T13:11:06-03:00</dhEmi>
                <tpNF>1</tpNF>
                <idDest>1</idDest>
                <cMunFG>3550308</cMunFG>
                <tpImp>1</tpImp>
                <tpEmis>1</tpEmis>
                <cDV>3</cDV>
                <tpAmb>1</tpAmb>
                <finNFe>1</finNFe>
                <indFinal>1</indFinal>
                <indPres>1</indPres>
                <procEmi>0</procEmi>
                <verProc>NF-E SIMULADA</verProc>
            </ide>
            <emit>
                <CNPJ>41.892.765/0001-60</CNPJ>
                <xNome>MACEDO SILVA E FILHOS</xNome>
            </emit>
            <dest>
                <CNPJ>52.674.938/0001-90</CNPJ>
                <xNome>ÁGATHA CIRINO</xNome>
            </dest>
            
    <det nItem="1">
        <prod>
            <cProd>4700960374269755</cProd>
            <xProd>A</xProd>
            <NCM>01012100</NCM>
            <CFOP>5101</CFOP>
            <uCom>UN</uCom>
            <qCom>58.763</qCom>
            <vUnCom>524.52</vUnCom>
            <vProd>30822.37</vProd>
            <rastro>
                <nLote>5632611</nLote>
                <qLote>58.763</qLote>
                <dFab>2025-09-19</dFab>
                <dVal>2026-03-20</dVal>
            </rastro>
        </prod>
        <imposto>
            <ICMS>
                <ICMS00>
                    <orig>0</orig>
                    <CST>00</CST>
                    <pICMS>18.00</pICMS>
                    <vICMS>5548.03</vICMS>
                </ICMS00>
            </ICMS>
        </imposto>
    </det>
    
            <total>
                <ICMSTot>
                    <vProd>30822.37</vProd>
                    <vICMS>5548.03</vICMS>
                    <vNF>30822.37</vNF>
                </ICMSTot>
            </total>
        </infNFe>
    </NFe>
</nfeProc>
