<?xml version="1.0" encoding="UTF-8"?>
<nfeProc xmlns="http://www.portalfiscal.inf.br/nfe" versao="4.00">
    <NFe xmlns="http://www.portalfiscal.inf.br/nfe">
        <infNFe Id="NFe16633985272974636992513675776657052261792113" versao="4.00">
            <ide>
                <cUF>35</cUF>
                <cNF>80955356</cNF>
                <natOp>Compra de Mercadoria</natOp>
                <mod>55</mod>
                <serie>1</serie>
                <nNF>000466</nNF>
                <dhEmi>2025-10-31T13:11:06-03:00</dhEmi>
                <tpNF>0</tpNF>
                <idDest>1</idDest>
                <cMunFG>3550308</cMunFG>
                <tpImp>1</tpImp>
                <tpEmis>1</tpEmis>
                <cDV>3</cDV>
                <tpAmb>1</tpAmb>
                <finNFe>1</finNFe>
                <indFinal>1</indFinal>
                <indPres>1</indPres>
                <procEmi>0</procEmi>
                <verProc>NF-E SIMULADA</verProc>
            </ide>
            <emit>
                <CNPJ>06.832.754/0001-94</CNPJ>
                <xNome>MONTENEGRO CIRINO S/A</xNome>
            </emit>
            <dest>
                <CNPJ>25.437.068/0001-63</CNPJ>
                <xNome>LARA RIBEIRO</xNome>
            </dest>
            
    <det nItem="1">
        <prod>
            <cProd>9542689075104479</cProd>
            <xProd>PROVIDENT</xProd>
            <NCM>01012100</NCM>
            <CFOP>5101</CFOP>
            <uCom>UN</uCom>
            <qCom>65.551</qCom>
            <vUnCom>786.51</vUnCom>
            <vProd>51556.52</vProd>
            <rastro>
                <nLote>3225218</nLote>
                <qLote>65.551</qLote>
                <dFab>2025-08-14</dFab>
                <dVal>2025-12-26</dVal>
            </rastro>
        </prod>
        <imposto>
            <ICMS>
                <ICMS00>
                    <orig>0</orig>
                    <CST>00</CST>
                    <pICMS>18.00</pICMS>
                    <vICMS>9280.17</vICMS>
                </ICMS00>
            </ICMS>
        </imposto>
    </det>
    
            <total>
                <ICMSTot>
                    <vProd>51556.52</vProd>
                    <vICMS>9280.17</vICMS>
                    <vNF>51556.52</vNF>
                </ICMSTot>
            </total>
        </infNFe>
    </NFe>
</nfeProc>
