<?xml version="1.0" encoding="UTF-8"?>
<nfeProc xmlns="http://www.portalfiscal.inf.br/nfe" versao="4.00">
    <NFe xmlns="http://www.portalfiscal.inf.br/nfe">
        <infNFe Id="NFe94751516594772133668589399547694091175472173" versao="4.00">
            <ide>
                <cUF>35</cUF>
                <cNF>36472359</cNF>
                <natOp>Compra de Mercadoria</natOp>
                <mod>55</mod>
                <serie>1</serie>
                <nNF>000447</nNF>
                <dhEmi>2025-10-31T13:11:06-03:00</dhEmi>
                <tpNF>0</tpNF>
                <idDest>1</idDest>
                <cMunFG>3550308</cMunFG>
                <tpImp>1</tpImp>
                <tpEmis>1</tpEmis>
                <cDV>8</cDV>
                <tpAmb>1</tpAmb>
                <finNFe>1</finNFe>
                <indFinal>1</indFinal>
                <indPres>1</indPres>
                <procEmi>0</procEmi>
                <verProc>NF-E SIMULADA</verProc>
            </ide>
            <emit>
                <CNPJ>42.701.963/0001-62</CNPJ>
                <xNome>MOREIRA DIAS E FILHOS</xNome>
            </emit>
            <dest>
                <CNPJ>31.674.280/0001-47</CNPJ>
                <xNome>STEPHANY SÁ</xNome>
            </dest>
            
    <det nItem="1">
        <prod>
            <cProd>9507713797704092</cProd>
            <xProd>QUAERAT</xProd>
            <NCM>01012100</NCM>
            <CFOP>5101</CFOP>
            <uCom>UN</uCom>
            <qCom>33.966</qCom>
            <vUnCom>376.32</vUnCom>
            <vProd>12782.09</vProd>
            <rastro>
                <nLote>3713722</nLote>
                <qLote>33.966</qLote>
                <dFab>2025-10-11</dFab>
                <dVal>2026-10-14</dVal>
            </rastro>
        </prod>
        <imposto>
            <ICMS>
                <ICMS00>
                    <orig>0</orig>
                    <CST>00</CST>
                    <pICMS>18.00</pICMS>
                    <vICMS>2300.78</vICMS>
                </ICMS00>
            </ICMS>
        </imposto>
    </det>
    
    <det nItem="2">
        <prod>
            <cProd>1359580060400716</cProd>
            <xProd>REICIENDIS</xProd>
            <NCM>01012100</NCM>
            <CFOP>5101</CFOP>
            <uCom>UN</uCom>
            <qCom>51.34</qCom>
            <vUnCom>981.07</vUnCom>
            <vProd>50368.13</vProd>
            <rastro>
                <nLote>1051014</nLote>
                <qLote>51.34</qLote>
                <dFab>2025-08-24</dFab>
                <dVal>2026-09-24</dVal>
            </rastro>
        </prod>
        <imposto>
            <ICMS>
                <ICMS00>
                    <orig>0</orig>
                    <CST>00</CST>
                    <pICMS>18.00</pICMS>
                    <vICMS>9066.26</vICMS>
                </ICMS00>
            </ICMS>
        </imposto>
    </det>
    
    <det nItem="3">
        <prod>
            <cProd>8076552860219658</cProd>
            <xProd>IUSTO</xProd>
            <NCM>01012100</NCM>
            <CFOP>5101</CFOP>
            <uCom>UN</uCom>
            <qCom>6.756</qCom>
            <vUnCom>191.02</vUnCom>
            <vProd>1290.53</vProd>
            <rastro>
                <nLote>2066289</nLote>
                <qLote>6.756</qLote>
                <dFab>2025-08-21</dFab>
                <dVal>2026-07-01</dVal>
            </rastro>
        </prod>
        <imposto>
            <ICMS>
                <ICMS00>
                    <orig>0</orig>
                    <CST>00</CST>
                    <pICMS>18.00</pICMS>
                    <vICMS>232.3</vICMS>
                </ICMS00>
            </ICMS>
        </imposto>
    </det>
    
    <det nItem="4">
        <prod>
            <cProd>3480277649452191</cProd>
            <xProd>IPSA</xProd>
            <NCM>01012100</NCM>
            <CFOP>5101</CFOP>
            <uCom>UN</uCom>
            <qCom>63.596</qCom>
            <vUnCom>732.27</vUnCom>
            <vProd>46569.44</vProd>
            <rastro>
                <nLote>9457777</nLote>
                <qLote>63.596</qLote>
                <dFab>2025-08-18</dFab>
                <dVal>2026-08-25</dVal>
            </rastro>
        </prod>
        <imposto>
            <ICMS>
                <ICMS00>
                    <orig>0</orig>
                    <CST>00</CST>
                    <pICMS>18.00</pICMS>
                    <vICMS>8382.5</vICMS>
                </ICMS00>
            </ICMS>
        </imposto>
    </det>
    
            <total>
                <ICMSTot>
                    <vProd>111010.19</vProd>
                    <vICMS>19981.83</vICMS>
                    <vNF>111010.19</vNF>
                </ICMSTot>
            </total>
        </infNFe>
    </NFe>
</nfeProc>
