<?xml version="1.0" encoding="UTF-8"?>
<nfeProc xmlns="http://www.portalfiscal.inf.br/nfe" versao="4.00">
    <NFe xmlns="http://www.portalfiscal.inf.br/nfe">
        <infNFe Id="NFe42302059767120878900267163220785084851719726" versao="4.00">
            <ide>
                <cUF>35</cUF>
                <cNF>52657546</cNF>
                <natOp>Compra de Mercadoria</natOp>
                <mod>55</mod>
                <serie>1</serie>
                <nNF>000396</nNF>
                <dhEmi>2025-10-31T13:11:06-03:00</dhEmi>
                <tpNF>0</tpNF>
                <idDest>1</idDest>
                <cMunFG>3550308</cMunFG>
                <tpImp>1</tpImp>
                <tpEmis>1</tpEmis>
                <cDV>9</cDV>
                <tpAmb>1</tpAmb>
                <finNFe>1</finNFe>
                <indFinal>1</indFinal>
                <indPres>1</indPres>
                <procEmi>0</procEmi>
                <verProc>NF-E SIMULADA</verProc>
            </ide>
            <emit>
                <CNPJ>37.240.185/0001-11</CNPJ>
                <xNome>ALMEIDA LTDA.</xNome>
            </emit>
            <dest>
                <CNPJ>18.042.935/0001-04</CNPJ>
                <xNome>HADASSA SOUZA</xNome>
            </dest>
            
    <det nItem="1">
        <prod>
            <cProd>3232727947099613</cProd>
            <xProd>REPELLAT</xProd>
            <NCM>01012100</NCM>
            <CFOP>5101</CFOP>
            <uCom>UN</uCom>
            <qCom>93.315</qCom>
            <vUnCom>261.77</vUnCom>
            <vProd>24427.07</vProd>
            <rastro>
                <nLote>8147210</nLote>
                <qLote>93.315</qLote>
                <dFab>2025-08-23</dFab>
                <dVal>2026-02-02</dVal>
            </rastro>
        </prod>
        <imposto>
            <ICMS>
                <ICMS00>
                    <orig>0</orig>
                    <CST>00</CST>
                    <pICMS>18.00</pICMS>
                    <vICMS>4396.87</vICMS>
                </ICMS00>
            </ICMS>
        </imposto>
    </det>
    
    <det nItem="2">
        <prod>
            <cProd>8788820997086423</cProd>
            <xProd>VELIT</xProd>
            <NCM>01012100</NCM>
            <CFOP>5101</CFOP>
            <uCom>UN</uCom>
            <qCom>88.645</qCom>
            <vUnCom>823.15</vUnCom>
            <vProd>72968.13</vProd>
            <rastro>
                <nLote>8600506</nLote>
                <qLote>88.645</qLote>
                <dFab>2025-10-28</dFab>
                <dVal>2026-04-28</dVal>
            </rastro>
        </prod>
        <imposto>
            <ICMS>
                <ICMS00>
                    <orig>0</orig>
                    <CST>00</CST>
                    <pICMS>18.00</pICMS>
                    <vICMS>13134.26</vICMS>
                </ICMS00>
            </ICMS>
        </imposto>
    </det>
    
            <total>
                <ICMSTot>
                    <vProd>97395.2</vProd>
                    <vICMS>17531.14</vICMS>
                    <vNF>97395.2</vNF>
                </ICMSTot>
            </total>
        </infNFe>
    </NFe>
</nfeProc>
