<?xml version="1.0" encoding="UTF-8"?>
<nfeProc xmlns="http://www.portalfiscal.inf.br/nfe" versao="4.00">
    <NFe xmlns="http://www.portalfiscal.inf.br/nfe">
        <infNFe Id="NFe79918698409415805242614236782349712425100673" versao="4.00">
            <ide>
                <cUF>35</cUF>
                <cNF>11567771</cNF>
                <natOp>Compra de Mercadoria</natOp>
                <mod>55</mod>
                <serie>1</serie>
                <nNF>000278</nNF>
                <dhEmi>2025-10-31T13:11:06-03:00</dhEmi>
                <tpNF>0</tpNF>
                <idDest>1</idDest>
                <cMunFG>3550308</cMunFG>
                <tpImp>1</tpImp>
                <tpEmis>1</tpEmis>
                <cDV>0</cDV>
                <tpAmb>1</tpAmb>
                <finNFe>1</finNFe>
                <indFinal>1</indFinal>
                <indPres>1</indPres>
                <procEmi>0</procEmi>
                <verProc>NF-E SIMULADA</verProc>
            </ide>
            <emit>
                <CNPJ>68.974.013/0001-03</CNPJ>
                <xNome>DA PAZ MACHADO E FILHOS</xNome>
            </emit>
            <dest>
                <CNPJ>25.607.418/0001-92</CNPJ>
                <xNome>OLIVER SIQUEIRA</xNome>
            </dest>
            
    <det nItem="1">
        <prod>
            <cProd>3195328007836410</cProd>
            <xProd>PORRO</xProd>
            <NCM>01012100</NCM>
            <CFOP>5101</CFOP>
            <uCom>UN</uCom>
            <qCom>34.576</qCom>
            <vUnCom>17.3</vUnCom>
            <vProd>598.16</vProd>
            <rastro>
                <nLote>3270046</nLote>
                <qLote>34.576</qLote>
                <dFab>2025-10-03</dFab>
                <dVal>2026-04-26</dVal>
            </rastro>
        </prod>
        <imposto>
            <ICMS>
                <ICMS00>
                    <orig>0</orig>
                    <CST>00</CST>
                    <pICMS>18.00</pICMS>
                    <vICMS>107.67</vICMS>
                </ICMS00>
            </ICMS>
        </imposto>
    </det>
    
    <det nItem="2">
        <prod>
            <cProd>5320482760364706</cProd>
            <xProd>REPELLAT</xProd>
            <NCM>01012100</NCM>
            <CFOP>5101</CFOP>
            <uCom>UN</uCom>
            <qCom>63.762</qCom>
            <vUnCom>460.7</vUnCom>
            <vProd>29375.15</vProd>
            <rastro>
                <nLote>2183273</nLote>
                <qLote>63.762</qLote>
                <dFab>2025-10-19</dFab>
                <dVal>2026-06-14</dVal>
            </rastro>
        </prod>
        <imposto>
            <ICMS>
                <ICMS00>
                    <orig>0</orig>
                    <CST>00</CST>
                    <pICMS>18.00</pICMS>
                    <vICMS>5287.53</vICMS>
                </ICMS00>
            </ICMS>
        </imposto>
    </det>
    
    <det nItem="3">
        <prod>
            <cProd>4671385940750784</cProd>
            <xProd>NIHIL</xProd>
            <NCM>01012100</NCM>
            <CFOP>5101</CFOP>
            <uCom>UN</uCom>
            <qCom>61.738</qCom>
            <vUnCom>286.95</vUnCom>
            <vProd>17715.72</vProd>
            <rastro>
                <nLote>8487645</nLote>
                <qLote>61.738</qLote>
                <dFab>2025-09-27</dFab>
                <dVal>2026-03-15</dVal>
            </rastro>
        </prod>
        <imposto>
            <ICMS>
                <ICMS00>
                    <orig>0</orig>
                    <CST>00</CST>
                    <pICMS>18.00</pICMS>
                    <vICMS>3188.83</vICMS>
                </ICMS00>
            </ICMS>
        </imposto>
    </det>
    
    <det nItem="4">
        <prod>
            <cProd>2625715450986591</cProd>
            <xProd>OCCAECATI</xProd>
            <NCM>01012100</NCM>
            <CFOP>5101</CFOP>
            <uCom>UN</uCom>
            <qCom>73.092</qCom>
            <vUnCom>232.97</vUnCom>
            <vProd>17028.24</vProd>
            <rastro>
                <nLote>5887393</nLote>
                <qLote>73.092</qLote>
                <dFab>2025-08-25</dFab>
                <dVal>2026-07-20</dVal>
            </rastro>
        </prod>
        <imposto>
            <ICMS>
                <ICMS00>
                    <orig>0</orig>
                    <CST>00</CST>
                    <pICMS>18.00</pICMS>
                    <vICMS>3065.08</vICMS>
                </ICMS00>
            </ICMS>
        </imposto>
    </det>
    
    <det nItem="5">
        <prod>
            <cProd>4151232130420466</cProd>
            <xProd>EAQUE</xProd>
            <NCM>01012100</NCM>
            <CFOP>5101</CFOP>
            <uCom>UN</uCom>
            <qCom>98.386</qCom>
            <vUnCom>124.55</vUnCom>
            <vProd>12253.98</vProd>
            <rastro>
                <nLote>2301600</nLote>
                <qLote>98.386</qLote>
                <dFab>2025-08-11</dFab>
                <dVal>2026-03-13</dVal>
            </rastro>
        </prod>
        <imposto>
            <ICMS>
                <ICMS00>
                    <orig>0</orig>
                    <CST>00</CST>
                    <pICMS>18.00</pICMS>
                    <vICMS>2205.72</vICMS>
                </ICMS00>
            </ICMS>
        </imposto>
    </det>
    
            <total>
                <ICMSTot>
                    <vProd>76971.25</vProd>
                    <vICMS>13854.82</vICMS>
                    <vNF>76971.25</vNF>
                </ICMSTot>
            </total>
        </infNFe>
    </NFe>
</nfeProc>
