<?xml version="1.0" encoding="UTF-8"?>
<nfeProc xmlns="http://www.portalfiscal.inf.br/nfe" versao="4.00">
    <NFe xmlns="http://www.portalfiscal.inf.br/nfe">
        <infNFe Id="NFe93294660368872783369282397603715347014757639" versao="4.00">
            <ide>
                <cUF>35</cUF>
                <cNF>63497532</cNF>
                <natOp>Venda de Mercadoria</natOp>
                <mod>55</mod>
                <serie>1</serie>
                <nNF>000273</nNF>
                <dhEmi>2025-10-31T13:11:06-03:00</dhEmi>
                <tpNF>1</tpNF>
                <idDest>1</idDest>
                <cMunFG>3550308</cMunFG>
                <tpImp>1</tpImp>
                <tpEmis>1</tpEmis>
                <cDV>4</cDV>
                <tpAmb>1</tpAmb>
                <finNFe>1</finNFe>
                <indFinal>1</indFinal>
                <indPres>1</indPres>
                <procEmi>0</procEmi>
                <verProc>NF-E SIMULADA</verProc>
            </ide>
            <emit>
                <CNPJ>61.543.709/0001-28</CNPJ>
                <xNome>CASSIANO LTDA.</xNome>
            </emit>
            <dest>
                <CNPJ>71.890.453/0001-89</CNPJ>
                <xNome>DRA. SARA SANTOS</xNome>
            </dest>
            
    <det nItem="1">
        <prod>
            <cProd>3858282847318370</cProd>
            <xProd>NAM</xProd>
            <NCM>01012100</NCM>
            <CFOP>5101</CFOP>
            <uCom>UN</uCom>
            <qCom>61.4</qCom>
            <vUnCom>590.86</vUnCom>
            <vProd>36278.8</vProd>
            <rastro>
                <nLote>9845906</nLote>
                <qLote>61.4</qLote>
                <dFab>2025-08-18</dFab>
                <dVal>2026-01-23</dVal>
            </rastro>
        </prod>
        <imposto>
            <ICMS>
                <ICMS00>
                    <orig>0</orig>
                    <CST>00</CST>
                    <pICMS>18.00</pICMS>
                    <vICMS>6530.18</vICMS>
                </ICMS00>
            </ICMS>
        </imposto>
    </det>
    
            <total>
                <ICMSTot>
                    <vProd>36278.8</vProd>
                    <vICMS>6530.18</vICMS>
                    <vNF>36278.8</vNF>
                </ICMSTot>
            </total>
        </infNFe>
    </NFe>
</nfeProc>
