<?xml version="1.0" encoding="UTF-8"?>
<nfeProc xmlns="http://www.portalfiscal.inf.br/nfe" versao="4.00">
    <NFe xmlns="http://www.portalfiscal.inf.br/nfe">
        <infNFe Id="NFe49332249520709219210049791706933723080812647" versao="4.00">
            <ide>
                <cUF>35</cUF>
                <cNF>91246365</cNF>
                <natOp>Venda de Mercadoria</natOp>
                <mod>55</mod>
                <serie>1</serie>
                <nNF>000178</nNF>
                <dhEmi>2025-10-31T13:11:06-03:00</dhEmi>
                <tpNF>1</tpNF>
                <idDest>1</idDest>
                <cMunFG>3550308</cMunFG>
                <tpImp>1</tpImp>
                <tpEmis>1</tpEmis>
                <cDV>0</cDV>
                <tpAmb>1</tpAmb>
                <finNFe>1</finNFe>
                <indFinal>1</indFinal>
                <indPres>1</indPres>
                <procEmi>0</procEmi>
                <verProc>NF-E SIMULADA</verProc>
            </ide>
            <emit>
                <CNPJ>84.253.706/0001-55</CNPJ>
                <xNome>PACHECO</xNome>
            </emit>
            <dest>
                <CNPJ>21.907.384/0001-09</CNPJ>
                <xNome>NINA CAMARGO</xNome>
            </dest>
            
    <det nItem="1">
        <prod>
            <cProd>3766331502163467</cProd>
            <xProd>VOLUPTAS</xProd>
            <NCM>01012100</NCM>
            <CFOP>5101</CFOP>
            <uCom>UN</uCom>
            <qCom>57.005</qCom>
            <vUnCom>263.01</vUnCom>
            <vProd>14992.89</vProd>
            <rastro>
                <nLote>7885756</nLote>
                <qLote>57.005</qLote>
                <dFab>2025-09-29</dFab>
                <dVal>2026-10-24</dVal>
            </rastro>
        </prod>
        <imposto>
            <ICMS>
                <ICMS00>
                    <orig>0</orig>
                    <CST>00</CST>
                    <pICMS>18.00</pICMS>
                    <vICMS>2698.72</vICMS>
                </ICMS00>
            </ICMS>
        </imposto>
    </det>
    
    <det nItem="2">
        <prod>
            <cProd>8074667410858981</cProd>
            <xProd>SINT</xProd>
            <NCM>01012100</NCM>
            <CFOP>5101</CFOP>
            <uCom>UN</uCom>
            <qCom>36.22</qCom>
            <vUnCom>413.03</vUnCom>
            <vProd>14959.95</vProd>
            <rastro>
                <nLote>5128794</nLote>
                <qLote>36.22</qLote>
                <dFab>2025-08-27</dFab>
                <dVal>2026-09-25</dVal>
            </rastro>
        </prod>
        <imposto>
            <ICMS>
                <ICMS00>
                    <orig>0</orig>
                    <CST>00</CST>
                    <pICMS>18.00</pICMS>
                    <vICMS>2692.79</vICMS>
                </ICMS00>
            </ICMS>
        </imposto>
    </det>
    
    <det nItem="3">
        <prod>
            <cProd>9076736405755236</cProd>
            <xProd>EXPEDITA</xProd>
            <NCM>01012100</NCM>
            <CFOP>5101</CFOP>
            <uCom>UN</uCom>
            <qCom>5.295</qCom>
            <vUnCom>452.38</vUnCom>
            <vProd>2395.35</vProd>
            <rastro>
                <nLote>4203532</nLote>
                <qLote>5.295</qLote>
                <dFab>2025-08-07</dFab>
                <dVal>2026-09-15</dVal>
            </rastro>
        </prod>
        <imposto>
            <ICMS>
                <ICMS00>
                    <orig>0</orig>
                    <CST>00</CST>
                    <pICMS>18.00</pICMS>
                    <vICMS>431.16</vICMS>
                </ICMS00>
            </ICMS>
        </imposto>
    </det>
    
            <total>
                <ICMSTot>
                    <vProd>32348.19</vProd>
                    <vICMS>5822.67</vICMS>
                    <vNF>32348.19</vNF>
                </ICMSTot>
            </total>
        </infNFe>
    </NFe>
</nfeProc>
