<?xml version="1.0" encoding="UTF-8"?>
<nfeProc xmlns="http://www.portalfiscal.inf.br/nfe" versao="4.00">
    <NFe xmlns="http://www.portalfiscal.inf.br/nfe">
        <infNFe Id="NFe96465587045304986079330552742373241014581404" versao="4.00">
            <ide>
                <cUF>35</cUF>
                <cNF>86207455</cNF>
                <natOp>Venda de Mercadoria</natOp>
                <mod>55</mod>
                <serie>1</serie>
                <nNF>000109</nNF>
                <dhEmi>2025-10-31T13:11:06-03:00</dhEmi>
                <tpNF>1</tpNF>
                <idDest>1</idDest>
                <cMunFG>3550308</cMunFG>
                <tpImp>1</tpImp>
                <tpEmis>1</tpEmis>
                <cDV>9</cDV>
                <tpAmb>1</tpAmb>
                <finNFe>1</finNFe>
                <indFinal>1</indFinal>
                <indPres>1</indPres>
                <procEmi>0</procEmi>
                <verProc>NF-E SIMULADA</verProc>
            </ide>
            <emit>
                <CNPJ>86.104.395/0001-98</CNPJ>
                <xNome>DIAS SOUZA S/A</xNome>
            </emit>
            <dest>
                <CNPJ>61.057.324/0001-50</CNPJ>
                <xNome>SARAH ARAGÃO</xNome>
            </dest>
            
    <det nItem="1">
        <prod>
            <cProd>6691023570608162</cProd>
            <xProd>MINIMA</xProd>
            <NCM>01012100</NCM>
            <CFOP>5101</CFOP>
            <uCom>UN</uCom>
            <qCom>50.814</qCom>
            <vUnCom>252.89</vUnCom>
            <vProd>12850.35</vProd>
            <rastro>
                <nLote>7325561</nLote>
                <qLote>50.814</qLote>
                <dFab>2025-09-12</dFab>
                <dVal>2026-09-23</dVal>
            </rastro>
        </prod>
        <imposto>
            <ICMS>
                <ICMS00>
                    <orig>0</orig>
                    <CST>00</CST>
                    <pICMS>18.00</pICMS>
                    <vICMS>2313.06</vICMS>
                </ICMS00>
            </ICMS>
        </imposto>
    </det>
    
    <det nItem="2">
        <prod>
            <cProd>6686053071671524</cProd>
            <xProd>ELIGENDI</xProd>
            <NCM>01012100</NCM>
            <CFOP>5101</CFOP>
            <uCom>UN</uCom>
            <qCom>33.669</qCom>
            <vUnCom>182.36</vUnCom>
            <vProd>6139.88</vProd>
            <rastro>
                <nLote>5869089</nLote>
                <qLote>33.669</qLote>
                <dFab>2025-09-07</dFab>
                <dVal>2026-09-16</dVal>
            </rastro>
        </prod>
        <imposto>
            <ICMS>
                <ICMS00>
                    <orig>0</orig>
                    <CST>00</CST>
                    <pICMS>18.00</pICMS>
                    <vICMS>1105.18</vICMS>
                </ICMS00>
            </ICMS>
        </imposto>
    </det>
    
    <det nItem="3">
        <prod>
            <cProd>3173113879133835</cProd>
            <xProd>MAIORES</xProd>
            <NCM>01012100</NCM>
            <CFOP>5101</CFOP>
            <uCom>UN</uCom>
            <qCom>84.608</qCom>
            <vUnCom>99.13</vUnCom>
            <vProd>8387.19</vProd>
            <rastro>
                <nLote>2252659</nLote>
                <qLote>84.608</qLote>
                <dFab>2025-10-29</dFab>
                <dVal>2026-09-25</dVal>
            </rastro>
        </prod>
        <imposto>
            <ICMS>
                <ICMS00>
                    <orig>0</orig>
                    <CST>00</CST>
                    <pICMS>18.00</pICMS>
                    <vICMS>1509.69</vICMS>
                </ICMS00>
            </ICMS>
        </imposto>
    </det>
    
            <total>
                <ICMSTot>
                    <vProd>27377.42</vProd>
                    <vICMS>4927.94</vICMS>
                    <vNF>27377.42</vNF>
                </ICMSTot>
            </total>
        </infNFe>
    </NFe>
</nfeProc>
