<?xml version="1.0" encoding="UTF-8"?>
<nfeProc xmlns="http://www.portalfiscal.inf.br/nfe" versao="4.00">
    <NFe xmlns="http://www.portalfiscal.inf.br/nfe">
        <infNFe Id="NFe41206878902706084000349683181412588834887111" versao="4.00">
            <ide>
                <cUF>35</cUF>
                <cNF>76442613</cNF>
                <natOp>Venda de Mercadoria</natOp>
                <mod>55</mod>
                <serie>1</serie>
                <nNF>000417</nNF>
                <dhEmi>2025-10-31T13:11:06-03:00</dhEmi>
                <tpNF>1</tpNF>
                <idDest>1</idDest>
                <cMunFG>3550308</cMunFG>
                <tpImp>1</tpImp>
                <tpEmis>1</tpEmis>
                <cDV>4</cDV>
                <tpAmb>1</tpAmb>
                <finNFe>1</finNFe>
                <indFinal>1</indFinal>
                <indPres>1</indPres>
                <procEmi>0</procEmi>
                <verProc>NF-E SIMULADA</verProc>
            </ide>
            <emit>
                <CNPJ>87.932.506/0001-17</CNPJ>
                <xNome>MELO SANTOS S.A.</xNome>
            </emit>
            <dest>
                <CNPJ>25.730.619/0001-82</CNPJ>
                <xNome>ALANA RIOS</xNome>
            </dest>
            
    <det nItem="1">
        <prod>
            <cProd>8478736367110915</cProd>
            <xProd>AUTEM</xProd>
            <NCM>01012100</NCM>
            <CFOP>5101</CFOP>
            <uCom>UN</uCom>
            <qCom>90.419</qCom>
            <vUnCom>836.96</vUnCom>
            <vProd>75677.09</vProd>
            <rastro>
                <nLote>8840436</nLote>
                <qLote>90.419</qLote>
                <dFab>2025-10-12</dFab>
                <dVal>2026-09-27</dVal>
            </rastro>
        </prod>
        <imposto>
            <ICMS>
                <ICMS00>
                    <orig>0</orig>
                    <CST>00</CST>
                    <pICMS>18.00</pICMS>
                    <vICMS>13621.88</vICMS>
                </ICMS00>
            </ICMS>
        </imposto>
    </det>
    
    <det nItem="2">
        <prod>
            <cProd>8711215160636974</cProd>
            <xProd>EIUS</xProd>
            <NCM>01012100</NCM>
            <CFOP>5101</CFOP>
            <uCom>UN</uCom>
            <qCom>6.247</qCom>
            <vUnCom>317.26</vUnCom>
            <vProd>1981.92</vProd>
            <rastro>
                <nLote>1459160</nLote>
                <qLote>6.247</qLote>
                <dFab>2025-08-11</dFab>
                <dVal>2026-04-20</dVal>
            </rastro>
        </prod>
        <imposto>
            <ICMS>
                <ICMS00>
                    <orig>0</orig>
                    <CST>00</CST>
                    <pICMS>18.00</pICMS>
                    <vICMS>356.75</vICMS>
                </ICMS00>
            </ICMS>
        </imposto>
    </det>
    
    <det nItem="3">
        <prod>
            <cProd>7514336782778027</cProd>
            <xProd>EXERCITATIONEM</xProd>
            <NCM>01012100</NCM>
            <CFOP>5101</CFOP>
            <uCom>UN</uCom>
            <qCom>81.8</qCom>
            <vUnCom>199.9</vUnCom>
            <vProd>16351.82</vProd>
            <rastro>
                <nLote>4717012</nLote>
                <qLote>81.8</qLote>
                <dFab>2025-10-25</dFab>
                <dVal>2026-02-24</dVal>
            </rastro>
        </prod>
        <imposto>
            <ICMS>
                <ICMS00>
                    <orig>0</orig>
                    <CST>00</CST>
                    <pICMS>18.00</pICMS>
                    <vICMS>2943.33</vICMS>
                </ICMS00>
            </ICMS>
        </imposto>
    </det>
    
    <det nItem="4">
        <prod>
            <cProd>2126595703473450</cProd>
            <xProd>NUMQUAM</xProd>
            <NCM>01012100</NCM>
            <CFOP>5101</CFOP>
            <uCom>UN</uCom>
            <qCom>87.072</qCom>
            <vUnCom>668.49</vUnCom>
            <vProd>58206.76</vProd>
            <rastro>
                <nLote>8037026</nLote>
                <qLote>87.072</qLote>
                <dFab>2025-10-28</dFab>
                <dVal>2026-02-02</dVal>
            </rastro>
        </prod>
        <imposto>
            <ICMS>
                <ICMS00>
                    <orig>0</orig>
                    <CST>00</CST>
                    <pICMS>18.00</pICMS>
                    <vICMS>10477.22</vICMS>
                </ICMS00>
            </ICMS>
        </imposto>
    </det>
    
            <total>
                <ICMSTot>
                    <vProd>152217.59</vProd>
                    <vICMS>27399.17</vICMS>
                    <vNF>152217.59</vNF>
                </ICMSTot>
            </total>
        </infNFe>
    </NFe>
</nfeProc>
