<?xml version="1.0" encoding="UTF-8"?>
<nfeProc xmlns="http://www.portalfiscal.inf.br/nfe" versao="4.00">
    <NFe xmlns="http://www.portalfiscal.inf.br/nfe">
        <infNFe Id="NFe67785154398244777901741614194979597126823013" versao="4.00">
            <ide>
                <cUF>35</cUF>
                <cNF>85686784</cNF>
                <natOp>Venda de Mercadoria</natOp>
                <mod>55</mod>
                <serie>1</serie>
                <nNF>000348</nNF>
                <dhEmi>2025-10-31T13:11:06-03:00</dhEmi>
                <tpNF>1</tpNF>
                <idDest>1</idDest>
                <cMunFG>3550308</cMunFG>
                <tpImp>1</tpImp>
                <tpEmis>1</tpEmis>
                <cDV>8</cDV>
                <tpAmb>1</tpAmb>
                <finNFe>1</finNFe>
                <indFinal>1</indFinal>
                <indPres>1</indPres>
                <procEmi>0</procEmi>
                <verProc>NF-E SIMULADA</verProc>
            </ide>
            <emit>
                <CNPJ>53.108.467/0001-16</CNPJ>
                <xNome>ROCHA</xNome>
            </emit>
            <dest>
                <CNPJ>41.058.237/0001-00</CNPJ>
                <xNome>SRA. ALÍCIA TEIXEIRA</xNome>
            </dest>
            
    <det nItem="1">
        <prod>
            <cProd>6547877959085235</cProd>
            <xProd>IN</xProd>
            <NCM>01012100</NCM>
            <CFOP>5101</CFOP>
            <uCom>UN</uCom>
            <qCom>54.878</qCom>
            <vUnCom>839.55</vUnCom>
            <vProd>46072.82</vProd>
            <rastro>
                <nLote>2247106</nLote>
                <qLote>54.878</qLote>
                <dFab>2025-10-30</dFab>
                <dVal>2026-05-17</dVal>
            </rastro>
        </prod>
        <imposto>
            <ICMS>
                <ICMS00>
                    <orig>0</orig>
                    <CST>00</CST>
                    <pICMS>18.00</pICMS>
                    <vICMS>8293.11</vICMS>
                </ICMS00>
            </ICMS>
        </imposto>
    </det>
    
    <det nItem="2">
        <prod>
            <cProd>7979727987203195</cProd>
            <xProd>SAEPE</xProd>
            <NCM>01012100</NCM>
            <CFOP>5101</CFOP>
            <uCom>UN</uCom>
            <qCom>99.198</qCom>
            <vUnCom>107.87</vUnCom>
            <vProd>10700.49</vProd>
            <rastro>
                <nLote>4506627</nLote>
                <qLote>99.198</qLote>
                <dFab>2025-08-07</dFab>
                <dVal>2025-12-14</dVal>
            </rastro>
        </prod>
        <imposto>
            <ICMS>
                <ICMS00>
                    <orig>0</orig>
                    <CST>00</CST>
                    <pICMS>18.00</pICMS>
                    <vICMS>1926.09</vICMS>
                </ICMS00>
            </ICMS>
        </imposto>
    </det>
    
            <total>
                <ICMSTot>
                    <vProd>56773.31</vProd>
                    <vICMS>10219.2</vICMS>
                    <vNF>56773.31</vNF>
                </ICMSTot>
            </total>
        </infNFe>
    </NFe>
</nfeProc>
