<?xml version="1.0" encoding="UTF-8"?>
<nfeProc xmlns="http://www.portalfiscal.inf.br/nfe" versao="4.00">
    <NFe xmlns="http://www.portalfiscal.inf.br/nfe">
        <infNFe Id="NFe18008624333596394963963681399266112877453615" versao="4.00">
            <ide>
                <cUF>35</cUF>
                <cNF>27776685</cNF>
                <natOp>Compra de Mercadoria</natOp>
                <mod>55</mod>
                <serie>1</serie>
                <nNF>000026</nNF>
                <dhEmi>2025-10-31T13:11:06-03:00</dhEmi>
                <tpNF>0</tpNF>
                <idDest>1</idDest>
                <cMunFG>3550308</cMunFG>
                <tpImp>1</tpImp>
                <tpEmis>1</tpEmis>
                <cDV>1</cDV>
                <tpAmb>1</tpAmb>
                <finNFe>1</finNFe>
                <indFinal>1</indFinal>
                <indPres>1</indPres>
                <procEmi>0</procEmi>
                <verProc>NF-E SIMULADA</verProc>
            </ide>
            <emit>
                <CNPJ>78.456.290/0001-70</CNPJ>
                <xNome>CAVALCANTI - EI</xNome>
            </emit>
            <dest>
                <CNPJ>45.063.192/0001-13</CNPJ>
                <xNome>MARCELA MENDONÇA</xNome>
            </dest>
            
    <det nItem="1">
        <prod>
            <cProd>6932766637970865</cProd>
            <xProd>SED</xProd>
            <NCM>01012100</NCM>
            <CFOP>5101</CFOP>
            <uCom>UN</uCom>
            <qCom>11.154</qCom>
            <vUnCom>394.2</vUnCom>
            <vProd>4396.91</vProd>
            <rastro>
                <nLote>2629743</nLote>
                <qLote>11.154</qLote>
                <dFab>2025-08-11</dFab>
                <dVal>2026-05-22</dVal>
            </rastro>
        </prod>
        <imposto>
            <ICMS>
                <ICMS00>
                    <orig>0</orig>
                    <CST>00</CST>
                    <pICMS>18.00</pICMS>
                    <vICMS>791.44</vICMS>
                </ICMS00>
            </ICMS>
        </imposto>
    </det>
    
    <det nItem="2">
        <prod>
            <cProd>4063877143570571</cProd>
            <xProd>ATQUE</xProd>
            <NCM>01012100</NCM>
            <CFOP>5101</CFOP>
            <uCom>UN</uCom>
            <qCom>5.271</qCom>
            <vUnCom>571.43</vUnCom>
            <vProd>3012.01</vProd>
            <rastro>
                <nLote>3439907</nLote>
                <qLote>5.271</qLote>
                <dFab>2025-07-31</dFab>
                <dVal>2026-08-07</dVal>
            </rastro>
        </prod>
        <imposto>
            <ICMS>
                <ICMS00>
                    <orig>0</orig>
                    <CST>00</CST>
                    <pICMS>18.00</pICMS>
                    <vICMS>542.16</vICMS>
                </ICMS00>
            </ICMS>
        </imposto>
    </det>
    
            <total>
                <ICMSTot>
                    <vProd>7408.92</vProd>
                    <vICMS>1333.61</vICMS>
                    <vNF>7408.92</vNF>
                </ICMSTot>
            </total>
        </infNFe>
    </NFe>
</nfeProc>
