<?xml version="1.0" encoding="UTF-8"?>
<nfeProc xmlns="http://www.portalfiscal.inf.br/nfe" versao="4.00">
    <NFe xmlns="http://www.portalfiscal.inf.br/nfe">
        <infNFe Id="NFe70032132729005998429533222996373613506730347" versao="4.00">
            <ide>
                <cUF>35</cUF>
                <cNF>42592814</cNF>
                <natOp>Compra de Mercadoria</natOp>
                <mod>55</mod>
                <serie>1</serie>
                <nNF>000263</nNF>
                <dhEmi>2025-10-31T13:11:06-03:00</dhEmi>
                <tpNF>0</tpNF>
                <idDest>1</idDest>
                <cMunFG>3550308</cMunFG>
                <tpImp>1</tpImp>
                <tpEmis>1</tpEmis>
                <cDV>5</cDV>
                <tpAmb>1</tpAmb>
                <finNFe>1</finNFe>
                <indFinal>1</indFinal>
                <indPres>1</indPres>
                <procEmi>0</procEmi>
                <verProc>NF-E SIMULADA</verProc>
            </ide>
            <emit>
                <CNPJ>86.590.274/0001-01</CNPJ>
                <xNome>REZENDE LTDA.</xNome>
            </emit>
            <dest>
                <CNPJ>31.809.574/0001-39</CNPJ>
                <xNome>MAITÊ SANTOS</xNome>
            </dest>
            
    <det nItem="1">
        <prod>
            <cProd>7615601889505401</cProd>
            <xProd>HIC</xProd>
            <NCM>01012100</NCM>
            <CFOP>5101</CFOP>
            <uCom>UN</uCom>
            <qCom>13.023</qCom>
            <vUnCom>107.6</vUnCom>
            <vProd>1401.27</vProd>
            <rastro>
                <nLote>1555502</nLote>
                <qLote>13.023</qLote>
                <dFab>2025-08-17</dFab>
                <dVal>2026-09-23</dVal>
            </rastro>
        </prod>
        <imposto>
            <ICMS>
                <ICMS00>
                    <orig>0</orig>
                    <CST>00</CST>
                    <pICMS>18.00</pICMS>
                    <vICMS>252.23</vICMS>
                </ICMS00>
            </ICMS>
        </imposto>
    </det>
    
            <total>
                <ICMSTot>
                    <vProd>1401.27</vProd>
                    <vICMS>252.23</vICMS>
                    <vNF>1401.27</vNF>
                </ICMSTot>
            </total>
        </infNFe>
    </NFe>
</nfeProc>
