<?xml version="1.0" encoding="UTF-8"?>
<nfeProc xmlns="http://www.portalfiscal.inf.br/nfe" versao="4.00">
    <NFe xmlns="http://www.portalfiscal.inf.br/nfe">
        <infNFe Id="NFe22826539703601137866969156334386961707187997" versao="4.00">
            <ide>
                <cUF>35</cUF>
                <cNF>90342812</cNF>
                <natOp>Compra de Mercadoria</natOp>
                <mod>55</mod>
                <serie>1</serie>
                <nNF>000284</nNF>
                <dhEmi>2025-10-31T13:11:06-03:00</dhEmi>
                <tpNF>0</tpNF>
                <idDest>1</idDest>
                <cMunFG>3550308</cMunFG>
                <tpImp>1</tpImp>
                <tpEmis>1</tpEmis>
                <cDV>4</cDV>
                <tpAmb>1</tpAmb>
                <finNFe>1</finNFe>
                <indFinal>1</indFinal>
                <indPres>1</indPres>
                <procEmi>0</procEmi>
                <verProc>NF-E SIMULADA</verProc>
            </ide>
            <emit>
                <CNPJ>82.076.153/0001-87</CNPJ>
                <xNome>MORAES S/A</xNome>
            </emit>
            <dest>
                <CNPJ>71.528.694/0001-82</CNPJ>
                <xNome>SR. ISAAC RIBEIRO</xNome>
            </dest>
            
    <det nItem="1">
        <prod>
            <cProd>2310173770871808</cProd>
            <xProd>SUNT</xProd>
            <NCM>01012100</NCM>
            <CFOP>5101</CFOP>
            <uCom>UN</uCom>
            <qCom>46.199</qCom>
            <vUnCom>902.52</vUnCom>
            <vProd>41695.52</vProd>
            <rastro>
                <nLote>9312755</nLote>
                <qLote>46.199</qLote>
                <dFab>2025-08-14</dFab>
                <dVal>2026-06-01</dVal>
            </rastro>
        </prod>
        <imposto>
            <ICMS>
                <ICMS00>
                    <orig>0</orig>
                    <CST>00</CST>
                    <pICMS>18.00</pICMS>
                    <vICMS>7505.19</vICMS>
                </ICMS00>
            </ICMS>
        </imposto>
    </det>
    
    <det nItem="2">
        <prod>
            <cProd>1415918807163855</cProd>
            <xProd>SOLUTA</xProd>
            <NCM>01012100</NCM>
            <CFOP>5101</CFOP>
            <uCom>UN</uCom>
            <qCom>37.242</qCom>
            <vUnCom>986.28</vUnCom>
            <vProd>36731.04</vProd>
            <rastro>
                <nLote>9092330</nLote>
                <qLote>37.242</qLote>
                <dFab>2025-09-20</dFab>
                <dVal>2025-12-31</dVal>
            </rastro>
        </prod>
        <imposto>
            <ICMS>
                <ICMS00>
                    <orig>0</orig>
                    <CST>00</CST>
                    <pICMS>18.00</pICMS>
                    <vICMS>6611.59</vICMS>
                </ICMS00>
            </ICMS>
        </imposto>
    </det>
    
    <det nItem="3">
        <prod>
            <cProd>6302903742419537</cProd>
            <xProd>VELIT</xProd>
            <NCM>01012100</NCM>
            <CFOP>5101</CFOP>
            <uCom>UN</uCom>
            <qCom>27.605</qCom>
            <vUnCom>966.43</vUnCom>
            <vProd>26678.3</vProd>
            <rastro>
                <nLote>1936336</nLote>
                <qLote>27.605</qLote>
                <dFab>2025-09-29</dFab>
                <dVal>2026-07-11</dVal>
            </rastro>
        </prod>
        <imposto>
            <ICMS>
                <ICMS00>
                    <orig>0</orig>
                    <CST>00</CST>
                    <pICMS>18.00</pICMS>
                    <vICMS>4802.09</vICMS>
                </ICMS00>
            </ICMS>
        </imposto>
    </det>
    
    <det nItem="4">
        <prod>
            <cProd>8196169425046912</cProd>
            <xProd>LABORIOSAM</xProd>
            <NCM>01012100</NCM>
            <CFOP>5101</CFOP>
            <uCom>UN</uCom>
            <qCom>37.794</qCom>
            <vUnCom>37.96</vUnCom>
            <vProd>1434.66</vProd>
            <rastro>
                <nLote>3301281</nLote>
                <qLote>37.794</qLote>
                <dFab>2025-08-13</dFab>
                <dVal>2026-07-20</dVal>
            </rastro>
        </prod>
        <imposto>
            <ICMS>
                <ICMS00>
                    <orig>0</orig>
                    <CST>00</CST>
                    <pICMS>18.00</pICMS>
                    <vICMS>258.24</vICMS>
                </ICMS00>
            </ICMS>
        </imposto>
    </det>
    
            <total>
                <ICMSTot>
                    <vProd>106539.52</vProd>
                    <vICMS>19177.11</vICMS>
                    <vNF>106539.52</vNF>
                </ICMSTot>
            </total>
        </infNFe>
    </NFe>
</nfeProc>
