<?xml version="1.0" encoding="UTF-8"?>
<nfeProc xmlns="http://www.portalfiscal.inf.br/nfe" versao="4.00">
    <NFe xmlns="http://www.portalfiscal.inf.br/nfe">
        <infNFe Id="NFe79235782051837687257422013063055549616677427" versao="4.00">
            <ide>
                <cUF>35</cUF>
                <cNF>58267854</cNF>
                <natOp>Venda de Mercadoria</natOp>
                <mod>55</mod>
                <serie>1</serie>
                <nNF>000214</nNF>
                <dhEmi>2025-10-31T13:11:06-03:00</dhEmi>
                <tpNF>1</tpNF>
                <idDest>1</idDest>
                <cMunFG>3550308</cMunFG>
                <tpImp>1</tpImp>
                <tpEmis>1</tpEmis>
                <cDV>6</cDV>
                <tpAmb>1</tpAmb>
                <finNFe>1</finNFe>
                <indFinal>1</indFinal>
                <indPres>1</indPres>
                <procEmi>0</procEmi>
                <verProc>NF-E SIMULADA</verProc>
            </ide>
            <emit>
                <CNPJ>87.951.342/0001-75</CNPJ>
                <xNome>DA CUNHA</xNome>
            </emit>
            <dest>
                <CNPJ>52.796.018/0001-45</CNPJ>
                <xNome>LAURA RODRIGUES</xNome>
            </dest>
            
    <det nItem="1">
        <prod>
            <cProd>5845640215396850</cProd>
            <xProd>REICIENDIS</xProd>
            <NCM>01012100</NCM>
            <CFOP>5101</CFOP>
            <uCom>UN</uCom>
            <qCom>11.894</qCom>
            <vUnCom>833.79</vUnCom>
            <vProd>9917.1</vProd>
            <rastro>
                <nLote>8651842</nLote>
                <qLote>11.894</qLote>
                <dFab>2025-10-19</dFab>
                <dVal>2026-06-15</dVal>
            </rastro>
        </prod>
        <imposto>
            <ICMS>
                <ICMS00>
                    <orig>0</orig>
                    <CST>00</CST>
                    <pICMS>18.00</pICMS>
                    <vICMS>1785.08</vICMS>
                </ICMS00>
            </ICMS>
        </imposto>
    </det>
    
    <det nItem="2">
        <prod>
            <cProd>5587458082969462</cProd>
            <xProd>OCCAECATI</xProd>
            <NCM>01012100</NCM>
            <CFOP>5101</CFOP>
            <uCom>UN</uCom>
            <qCom>49.801</qCom>
            <vUnCom>663.09</vUnCom>
            <vProd>33022.55</vProd>
            <rastro>
                <nLote>5157907</nLote>
                <qLote>49.801</qLote>
                <dFab>2025-09-28</dFab>
                <dVal>2026-04-10</dVal>
            </rastro>
        </prod>
        <imposto>
            <ICMS>
                <ICMS00>
                    <orig>0</orig>
                    <CST>00</CST>
                    <pICMS>18.00</pICMS>
                    <vICMS>5944.06</vICMS>
                </ICMS00>
            </ICMS>
        </imposto>
    </det>
    
            <total>
                <ICMSTot>
                    <vProd>42939.65</vProd>
                    <vICMS>7729.14</vICMS>
                    <vNF>42939.65</vNF>
                </ICMSTot>
            </total>
        </infNFe>
    </NFe>
</nfeProc>
