<?xml version="1.0" encoding="UTF-8"?>
<nfeProc xmlns="http://www.portalfiscal.inf.br/nfe" versao="4.00">
    <NFe xmlns="http://www.portalfiscal.inf.br/nfe">
        <infNFe Id="NFe99937001639598708775444363147183169398584455" versao="4.00">
            <ide>
                <cUF>35</cUF>
                <cNF>33347952</cNF>
                <natOp>Venda de Mercadoria</natOp>
                <mod>55</mod>
                <serie>1</serie>
                <nNF>000162</nNF>
                <dhEmi>2025-10-31T13:11:06-03:00</dhEmi>
                <tpNF>1</tpNF>
                <idDest>1</idDest>
                <cMunFG>3550308</cMunFG>
                <tpImp>1</tpImp>
                <tpEmis>1</tpEmis>
                <cDV>6</cDV>
                <tpAmb>1</tpAmb>
                <finNFe>1</finNFe>
                <indFinal>1</indFinal>
                <indPres>1</indPres>
                <procEmi>0</procEmi>
                <verProc>NF-E SIMULADA</verProc>
            </ide>
            <emit>
                <CNPJ>30.871.492/0001-51</CNPJ>
                <xNome>SÁ</xNome>
            </emit>
            <dest>
                <CNPJ>63.014.972/0001-55</CNPJ>
                <xNome>VITOR HUGO PIRES</xNome>
            </dest>
            
    <det nItem="1">
        <prod>
            <cProd>8846735801158057</cProd>
            <xProd>IUSTO</xProd>
            <NCM>01012100</NCM>
            <CFOP>5101</CFOP>
            <uCom>UN</uCom>
            <qCom>98.796</qCom>
            <vUnCom>758.4</vUnCom>
            <vProd>74926.89</vProd>
            <rastro>
                <nLote>4970715</nLote>
                <qLote>98.796</qLote>
                <dFab>2025-08-18</dFab>
                <dVal>2026-07-23</dVal>
            </rastro>
        </prod>
        <imposto>
            <ICMS>
                <ICMS00>
                    <orig>0</orig>
                    <CST>00</CST>
                    <pICMS>18.00</pICMS>
                    <vICMS>13486.84</vICMS>
                </ICMS00>
            </ICMS>
        </imposto>
    </det>
    
    <det nItem="2">
        <prod>
            <cProd>3868179586167061</cProd>
            <xProd>CUM</xProd>
            <NCM>01012100</NCM>
            <CFOP>5101</CFOP>
            <uCom>UN</uCom>
            <qCom>59.098</qCom>
            <vUnCom>175.41</vUnCom>
            <vProd>10366.38</vProd>
            <rastro>
                <nLote>6968149</nLote>
                <qLote>59.098</qLote>
                <dFab>2025-09-25</dFab>
                <dVal>2026-10-24</dVal>
            </rastro>
        </prod>
        <imposto>
            <ICMS>
                <ICMS00>
                    <orig>0</orig>
                    <CST>00</CST>
                    <pICMS>18.00</pICMS>
                    <vICMS>1865.95</vICMS>
                </ICMS00>
            </ICMS>
        </imposto>
    </det>
    
    <det nItem="3">
        <prod>
            <cProd>2319823018194856</cProd>
            <xProd>NIHIL</xProd>
            <NCM>01012100</NCM>
            <CFOP>5101</CFOP>
            <uCom>UN</uCom>
            <qCom>74.734</qCom>
            <vUnCom>163.54</vUnCom>
            <vProd>12222.0</vProd>
            <rastro>
                <nLote>3676518</nLote>
                <qLote>74.734</qLote>
                <dFab>2025-07-29</dFab>
                <dVal>2026-07-23</dVal>
            </rastro>
        </prod>
        <imposto>
            <ICMS>
                <ICMS00>
                    <orig>0</orig>
                    <CST>00</CST>
                    <pICMS>18.00</pICMS>
                    <vICMS>2199.96</vICMS>
                </ICMS00>
            </ICMS>
        </imposto>
    </det>
    
            <total>
                <ICMSTot>
                    <vProd>97515.27</vProd>
                    <vICMS>17552.75</vICMS>
                    <vNF>97515.27</vNF>
                </ICMSTot>
            </total>
        </infNFe>
    </NFe>
</nfeProc>
