<?xml version="1.0" encoding="UTF-8"?>
<nfeProc xmlns="http://www.portalfiscal.inf.br/nfe" versao="4.00">
    <NFe xmlns="http://www.portalfiscal.inf.br/nfe">
        <infNFe Id="NFe30188533857078729805370042858483054687664241" versao="4.00">
            <ide>
                <cUF>35</cUF>
                <cNF>12655429</cNF>
                <natOp>Compra de Mercadoria</natOp>
                <mod>55</mod>
                <serie>1</serie>
                <nNF>000042</nNF>
                <dhEmi>2025-10-31T13:11:06-03:00</dhEmi>
                <tpNF>0</tpNF>
                <idDest>1</idDest>
                <cMunFG>3550308</cMunFG>
                <tpImp>1</tpImp>
                <tpEmis>1</tpEmis>
                <cDV>0</cDV>
                <tpAmb>1</tpAmb>
                <finNFe>1</finNFe>
                <indFinal>1</indFinal>
                <indPres>1</indPres>
                <procEmi>0</procEmi>
                <verProc>NF-E SIMULADA</verProc>
            </ide>
            <emit>
                <CNPJ>10.472.986/0001-56</CNPJ>
                <xNome>MOURA - ME</xNome>
            </emit>
            <dest>
                <CNPJ>63.851.749/0001-62</CNPJ>
                <xNome>EMANUELLY MONTENEGRO</xNome>
            </dest>
            
    <det nItem="1">
        <prod>
            <cProd>9017505750815210</cProd>
            <xProd>NECESSITATIBUS</xProd>
            <NCM>01012100</NCM>
            <CFOP>5101</CFOP>
            <uCom>UN</uCom>
            <qCom>87.576</qCom>
            <vUnCom>925.81</vUnCom>
            <vProd>81078.74</vProd>
            <rastro>
                <nLote>2576038</nLote>
                <qLote>87.576</qLote>
                <dFab>2025-09-24</dFab>
                <dVal>2026-06-30</dVal>
            </rastro>
        </prod>
        <imposto>
            <ICMS>
                <ICMS00>
                    <orig>0</orig>
                    <CST>00</CST>
                    <pICMS>18.00</pICMS>
                    <vICMS>14594.17</vICMS>
                </ICMS00>
            </ICMS>
        </imposto>
    </det>
    
            <total>
                <ICMSTot>
                    <vProd>81078.74</vProd>
                    <vICMS>14594.17</vICMS>
                    <vNF>81078.74</vNF>
                </ICMSTot>
            </total>
        </infNFe>
    </NFe>
</nfeProc>
