<?xml version="1.0" encoding="UTF-8"?>
<nfeProc xmlns="http://www.portalfiscal.inf.br/nfe" versao="4.00">
    <NFe xmlns="http://www.portalfiscal.inf.br/nfe">
        <infNFe Id="NFe40979399637867582809828994314254606694565704" versao="4.00">
            <ide>
                <cUF>35</cUF>
                <cNF>48350545</cNF>
                <natOp>Compra de Mercadoria</natOp>
                <mod>55</mod>
                <serie>1</serie>
                <nNF>000027</nNF>
                <dhEmi>2025-10-31T13:11:06-03:00</dhEmi>
                <tpNF>0</tpNF>
                <idDest>1</idDest>
                <cMunFG>3550308</cMunFG>
                <tpImp>1</tpImp>
                <tpEmis>1</tpEmis>
                <cDV>3</cDV>
                <tpAmb>1</tpAmb>
                <finNFe>1</finNFe>
                <indFinal>1</indFinal>
                <indPres>1</indPres>
                <procEmi>0</procEmi>
                <verProc>NF-E SIMULADA</verProc>
            </ide>
            <emit>
                <CNPJ>64.051.798/0001-83</CNPJ>
                <xNome>DIAS</xNome>
            </emit>
            <dest>
                <CNPJ>98.374.061/0001-13</CNPJ>
                <xNome>MARIA LUÍSA DAS NEVES</xNome>
            </dest>
            
    <det nItem="1">
        <prod>
            <cProd>8331454633918415</cProd>
            <xProd>NEQUE</xProd>
            <NCM>01012100</NCM>
            <CFOP>5101</CFOP>
            <uCom>UN</uCom>
            <qCom>20.669</qCom>
            <vUnCom>165.25</vUnCom>
            <vProd>3415.55</vProd>
            <rastro>
                <nLote>5813408</nLote>
                <qLote>20.669</qLote>
                <dFab>2025-08-08</dFab>
                <dVal>2026-02-11</dVal>
            </rastro>
        </prod>
        <imposto>
            <ICMS>
                <ICMS00>
                    <orig>0</orig>
                    <CST>00</CST>
                    <pICMS>18.00</pICMS>
                    <vICMS>614.8</vICMS>
                </ICMS00>
            </ICMS>
        </imposto>
    </det>
    
    <det nItem="2">
        <prod>
            <cProd>1582569111826744</cProd>
            <xProd>AUT</xProd>
            <NCM>01012100</NCM>
            <CFOP>5101</CFOP>
            <uCom>UN</uCom>
            <qCom>17.965</qCom>
            <vUnCom>834.03</vUnCom>
            <vProd>14983.35</vProd>
            <rastro>
                <nLote>7610029</nLote>
                <qLote>17.965</qLote>
                <dFab>2025-08-25</dFab>
                <dVal>2026-04-14</dVal>
            </rastro>
        </prod>
        <imposto>
            <ICMS>
                <ICMS00>
                    <orig>0</orig>
                    <CST>00</CST>
                    <pICMS>18.00</pICMS>
                    <vICMS>2697.0</vICMS>
                </ICMS00>
            </ICMS>
        </imposto>
    </det>
    
            <total>
                <ICMSTot>
                    <vProd>18398.9</vProd>
                    <vICMS>3311.8</vICMS>
                    <vNF>18398.9</vNF>
                </ICMSTot>
            </total>
        </infNFe>
    </NFe>
</nfeProc>
