<?xml version="1.0" encoding="UTF-8"?>
<nfeProc xmlns="http://www.portalfiscal.inf.br/nfe" versao="4.00">
    <NFe xmlns="http://www.portalfiscal.inf.br/nfe">
        <infNFe Id="NFe84483576864870774206364052368008290690029552" versao="4.00">
            <ide>
                <cUF>35</cUF>
                <cNF>92017534</cNF>
                <natOp>Compra de Mercadoria</natOp>
                <mod>55</mod>
                <serie>1</serie>
                <nNF>000107</nNF>
                <dhEmi>2025-10-31T13:11:06-03:00</dhEmi>
                <tpNF>0</tpNF>
                <idDest>1</idDest>
                <cMunFG>3550308</cMunFG>
                <tpImp>1</tpImp>
                <tpEmis>1</tpEmis>
                <cDV>0</cDV>
                <tpAmb>1</tpAmb>
                <finNFe>1</finNFe>
                <indFinal>1</indFinal>
                <indPres>1</indPres>
                <procEmi>0</procEmi>
                <verProc>NF-E SIMULADA</verProc>
            </ide>
            <emit>
                <CNPJ>58.306.149/0001-83</CNPJ>
                <xNome>SAMPAIO CASA GRANDE S/A</xNome>
            </emit>
            <dest>
                <CNPJ>97.453.610/0001-82</CNPJ>
                <xNome>BÁRBARA NOVAIS</xNome>
            </dest>
            
    <det nItem="1">
        <prod>
            <cProd>9246842251755172</cProd>
            <xProd>SIMILIQUE</xProd>
            <NCM>01012100</NCM>
            <CFOP>5101</CFOP>
            <uCom>UN</uCom>
            <qCom>92.373</qCom>
            <vUnCom>559.51</vUnCom>
            <vProd>51683.62</vProd>
            <rastro>
                <nLote>9653354</nLote>
                <qLote>92.373</qLote>
                <dFab>2025-10-25</dFab>
                <dVal>2026-04-16</dVal>
            </rastro>
        </prod>
        <imposto>
            <ICMS>
                <ICMS00>
                    <orig>0</orig>
                    <CST>00</CST>
                    <pICMS>18.00</pICMS>
                    <vICMS>9303.05</vICMS>
                </ICMS00>
            </ICMS>
        </imposto>
    </det>
    
            <total>
                <ICMSTot>
                    <vProd>51683.62</vProd>
                    <vICMS>9303.05</vICMS>
                    <vNF>51683.62</vNF>
                </ICMSTot>
            </total>
        </infNFe>
    </NFe>
</nfeProc>
