<?xml version="1.0" encoding="UTF-8"?>
<nfeProc xmlns="http://www.portalfiscal.inf.br/nfe" versao="4.00">
    <NFe xmlns="http://www.portalfiscal.inf.br/nfe">
        <infNFe Id="NFe70496310296804336642152889124975400912489933" versao="4.00">
            <ide>
                <cUF>35</cUF>
                <cNF>14268203</cNF>
                <natOp>Compra de Mercadoria</natOp>
                <mod>55</mod>
                <serie>1</serie>
                <nNF>000283</nNF>
                <dhEmi>2025-10-31T13:11:06-03:00</dhEmi>
                <tpNF>0</tpNF>
                <idDest>1</idDest>
                <cMunFG>3550308</cMunFG>
                <tpImp>1</tpImp>
                <tpEmis>1</tpEmis>
                <cDV>1</cDV>
                <tpAmb>1</tpAmb>
                <finNFe>1</finNFe>
                <indFinal>1</indFinal>
                <indPres>1</indPres>
                <procEmi>0</procEmi>
                <verProc>NF-E SIMULADA</verProc>
            </ide>
            <emit>
                <CNPJ>03.715.829/0001-69</CNPJ>
                <xNome>FERNANDES</xNome>
            </emit>
            <dest>
                <CNPJ>80.547.216/0001-00</CNPJ>
                <xNome>MAITÊ CAVALCANTI</xNome>
            </dest>
            
    <det nItem="1">
        <prod>
            <cProd>6823198303555118</cProd>
            <xProd>EXPEDITA</xProd>
            <NCM>01012100</NCM>
            <CFOP>5101</CFOP>
            <uCom>UN</uCom>
            <qCom>26.927</qCom>
            <vUnCom>903.45</vUnCom>
            <vProd>24327.2</vProd>
            <rastro>
                <nLote>2822496</nLote>
                <qLote>26.927</qLote>
                <dFab>2025-09-04</dFab>
                <dVal>2026-07-13</dVal>
            </rastro>
        </prod>
        <imposto>
            <ICMS>
                <ICMS00>
                    <orig>0</orig>
                    <CST>00</CST>
                    <pICMS>18.00</pICMS>
                    <vICMS>4378.9</vICMS>
                </ICMS00>
            </ICMS>
        </imposto>
    </det>
    
    <det nItem="2">
        <prod>
            <cProd>5113630215004115</cProd>
            <xProd>ARCHITECTO</xProd>
            <NCM>01012100</NCM>
            <CFOP>5101</CFOP>
            <uCom>UN</uCom>
            <qCom>90.395</qCom>
            <vUnCom>69.97</vUnCom>
            <vProd>6324.94</vProd>
            <rastro>
                <nLote>6488098</nLote>
                <qLote>90.395</qLote>
                <dFab>2025-10-29</dFab>
                <dVal>2025-12-11</dVal>
            </rastro>
        </prod>
        <imposto>
            <ICMS>
                <ICMS00>
                    <orig>0</orig>
                    <CST>00</CST>
                    <pICMS>18.00</pICMS>
                    <vICMS>1138.49</vICMS>
                </ICMS00>
            </ICMS>
        </imposto>
    </det>
    
    <det nItem="3">
        <prod>
            <cProd>8509803909232925</cProd>
            <xProd>NUMQUAM</xProd>
            <NCM>01012100</NCM>
            <CFOP>5101</CFOP>
            <uCom>UN</uCom>
            <qCom>36.469</qCom>
            <vUnCom>496.69</vUnCom>
            <vProd>18113.79</vProd>
            <rastro>
                <nLote>6913632</nLote>
                <qLote>36.469</qLote>
                <dFab>2025-10-13</dFab>
                <dVal>2026-08-02</dVal>
            </rastro>
        </prod>
        <imposto>
            <ICMS>
                <ICMS00>
                    <orig>0</orig>
                    <CST>00</CST>
                    <pICMS>18.00</pICMS>
                    <vICMS>3260.48</vICMS>
                </ICMS00>
            </ICMS>
        </imposto>
    </det>
    
    <det nItem="4">
        <prod>
            <cProd>3594112285503105</cProd>
            <xProd>FUGIT</xProd>
            <NCM>01012100</NCM>
            <CFOP>5101</CFOP>
            <uCom>UN</uCom>
            <qCom>56.124</qCom>
            <vUnCom>794.13</vUnCom>
            <vProd>44569.75</vProd>
            <rastro>
                <nLote>9292873</nLote>
                <qLote>56.124</qLote>
                <dFab>2025-10-19</dFab>
                <dVal>2026-01-15</dVal>
            </rastro>
        </prod>
        <imposto>
            <ICMS>
                <ICMS00>
                    <orig>0</orig>
                    <CST>00</CST>
                    <pICMS>18.00</pICMS>
                    <vICMS>8022.55</vICMS>
                </ICMS00>
            </ICMS>
        </imposto>
    </det>
    
    <det nItem="5">
        <prod>
            <cProd>7218342384472803</cProd>
            <xProd>NOBIS</xProd>
            <NCM>01012100</NCM>
            <CFOP>5101</CFOP>
            <uCom>UN</uCom>
            <qCom>62.013</qCom>
            <vUnCom>480.17</vUnCom>
            <vProd>29776.78</vProd>
            <rastro>
                <nLote>4455011</nLote>
                <qLote>62.013</qLote>
                <dFab>2025-08-16</dFab>
                <dVal>2026-07-02</dVal>
            </rastro>
        </prod>
        <imposto>
            <ICMS>
                <ICMS00>
                    <orig>0</orig>
                    <CST>00</CST>
                    <pICMS>18.00</pICMS>
                    <vICMS>5359.82</vICMS>
                </ICMS00>
            </ICMS>
        </imposto>
    </det>
    
            <total>
                <ICMSTot>
                    <vProd>123112.46</vProd>
                    <vICMS>22160.24</vICMS>
                    <vNF>123112.46</vNF>
                </ICMSTot>
            </total>
        </infNFe>
    </NFe>
</nfeProc>
