<?xml version="1.0" encoding="UTF-8"?>
<nfeProc xmlns="http://www.portalfiscal.inf.br/nfe" versao="4.00">
    <NFe xmlns="http://www.portalfiscal.inf.br/nfe">
        <infNFe Id="NFe50776427436632428928727383946825596938052082" versao="4.00">
            <ide>
                <cUF>35</cUF>
                <cNF>15820432</cNF>
                <natOp>Compra de Mercadoria</natOp>
                <mod>55</mod>
                <serie>1</serie>
                <nNF>000367</nNF>
                <dhEmi>2025-10-31T13:11:06-03:00</dhEmi>
                <tpNF>0</tpNF>
                <idDest>1</idDest>
                <cMunFG>3550308</cMunFG>
                <tpImp>1</tpImp>
                <tpEmis>1</tpEmis>
                <cDV>6</cDV>
                <tpAmb>1</tpAmb>
                <finNFe>1</finNFe>
                <indFinal>1</indFinal>
                <indPres>1</indPres>
                <procEmi>0</procEmi>
                <verProc>NF-E SIMULADA</verProc>
            </ide>
            <emit>
                <CNPJ>69.417.358/0001-10</CNPJ>
                <xNome>APARECIDA</xNome>
            </emit>
            <dest>
                <CNPJ>63.745.018/0001-32</CNPJ>
                <xNome>ARTHUR MIGUEL MOREIRA</xNome>
            </dest>
            
    <det nItem="1">
        <prod>
            <cProd>2786538709490130</cProd>
            <xProd>DOLORIBUS</xProd>
            <NCM>01012100</NCM>
            <CFOP>5101</CFOP>
            <uCom>UN</uCom>
            <qCom>59.332</qCom>
            <vUnCom>940.75</vUnCom>
            <vProd>55816.58</vProd>
            <rastro>
                <nLote>2933687</nLote>
                <qLote>59.332</qLote>
                <dFab>2025-09-02</dFab>
                <dVal>2026-10-24</dVal>
            </rastro>
        </prod>
        <imposto>
            <ICMS>
                <ICMS00>
                    <orig>0</orig>
                    <CST>00</CST>
                    <pICMS>18.00</pICMS>
                    <vICMS>10046.98</vICMS>
                </ICMS00>
            </ICMS>
        </imposto>
    </det>
    
            <total>
                <ICMSTot>
                    <vProd>55816.58</vProd>
                    <vICMS>10046.98</vICMS>
                    <vNF>55816.58</vNF>
                </ICMSTot>
            </total>
        </infNFe>
    </NFe>
</nfeProc>
