<?xml version="1.0" encoding="UTF-8"?>
<nfeProc xmlns="http://www.portalfiscal.inf.br/nfe" versao="4.00">
    <NFe xmlns="http://www.portalfiscal.inf.br/nfe">
        <infNFe Id="NFe34725800364935704526753515342659430207893869" versao="4.00">
            <ide>
                <cUF>35</cUF>
                <cNF>40892968</cNF>
                <natOp>Venda de Mercadoria</natOp>
                <mod>55</mod>
                <serie>1</serie>
                <nNF>000371</nNF>
                <dhEmi>2025-10-31T13:11:06-03:00</dhEmi>
                <tpNF>1</tpNF>
                <idDest>1</idDest>
                <cMunFG>3550308</cMunFG>
                <tpImp>1</tpImp>
                <tpEmis>1</tpEmis>
                <cDV>3</cDV>
                <tpAmb>1</tpAmb>
                <finNFe>1</finNFe>
                <indFinal>1</indFinal>
                <indPres>1</indPres>
                <procEmi>0</procEmi>
                <verProc>NF-E SIMULADA</verProc>
            </ide>
            <emit>
                <CNPJ>65.849.370/0001-43</CNPJ>
                <xNome>CALDEIRA LTDA.</xNome>
            </emit>
            <dest>
                <CNPJ>71.643.952/0001-71</CNPJ>
                <xNome>JOÃO GUILHERME MENDONÇA</xNome>
            </dest>
            
    <det nItem="1">
        <prod>
            <cProd>2474568987009521</cProd>
            <xProd>DEBITIS</xProd>
            <NCM>01012100</NCM>
            <CFOP>5101</CFOP>
            <uCom>UN</uCom>
            <qCom>65.386</qCom>
            <vUnCom>516.45</vUnCom>
            <vProd>33768.6</vProd>
            <rastro>
                <nLote>6449972</nLote>
                <qLote>65.386</qLote>
                <dFab>2025-10-29</dFab>
                <dVal>2026-03-20</dVal>
            </rastro>
        </prod>
        <imposto>
            <ICMS>
                <ICMS00>
                    <orig>0</orig>
                    <CST>00</CST>
                    <pICMS>18.00</pICMS>
                    <vICMS>6078.35</vICMS>
                </ICMS00>
            </ICMS>
        </imposto>
    </det>
    
            <total>
                <ICMSTot>
                    <vProd>33768.6</vProd>
                    <vICMS>6078.35</vICMS>
                    <vNF>33768.6</vNF>
                </ICMSTot>
            </total>
        </infNFe>
    </NFe>
</nfeProc>
