<?xml version="1.0" encoding="UTF-8"?>
<nfeProc xmlns="http://www.portalfiscal.inf.br/nfe" versao="4.00">
    <NFe xmlns="http://www.portalfiscal.inf.br/nfe">
        <infNFe Id="NFe95748663885227967752655279334173029333284173" versao="4.00">
            <ide>
                <cUF>35</cUF>
                <cNF>66569590</cNF>
                <natOp>Compra de Mercadoria</natOp>
                <mod>55</mod>
                <serie>1</serie>
                <nNF>000257</nNF>
                <dhEmi>2025-10-31T13:11:06-03:00</dhEmi>
                <tpNF>0</tpNF>
                <idDest>1</idDest>
                <cMunFG>3550308</cMunFG>
                <tpImp>1</tpImp>
                <tpEmis>1</tpEmis>
                <cDV>5</cDV>
                <tpAmb>1</tpAmb>
                <finNFe>1</finNFe>
                <indFinal>1</indFinal>
                <indPres>1</indPres>
                <procEmi>0</procEmi>
                <verProc>NF-E SIMULADA</verProc>
            </ide>
            <emit>
                <CNPJ>96.413.587/0001-30</CNPJ>
                <xNome>DA ROSA - ME</xNome>
            </emit>
            <dest>
                <CNPJ>36.278.140/0001-73</CNPJ>
                <xNome>SR. BENTO MENDONÇA</xNome>
            </dest>
            
    <det nItem="1">
        <prod>
            <cProd>6426633219566541</cProd>
            <xProd>QUAM</xProd>
            <NCM>01012100</NCM>
            <CFOP>5101</CFOP>
            <uCom>UN</uCom>
            <qCom>24.9</qCom>
            <vUnCom>471.49</vUnCom>
            <vProd>11740.1</vProd>
            <rastro>
                <nLote>1477388</nLote>
                <qLote>24.9</qLote>
                <dFab>2025-09-14</dFab>
                <dVal>2026-01-13</dVal>
            </rastro>
        </prod>
        <imposto>
            <ICMS>
                <ICMS00>
                    <orig>0</orig>
                    <CST>00</CST>
                    <pICMS>18.00</pICMS>
                    <vICMS>2113.22</vICMS>
                </ICMS00>
            </ICMS>
        </imposto>
    </det>
    
    <det nItem="2">
        <prod>
            <cProd>8614370758282278</cProd>
            <xProd>VITAE</xProd>
            <NCM>01012100</NCM>
            <CFOP>5101</CFOP>
            <uCom>UN</uCom>
            <qCom>84.218</qCom>
            <vUnCom>684.37</vUnCom>
            <vProd>57636.27</vProd>
            <rastro>
                <nLote>3393439</nLote>
                <qLote>84.218</qLote>
                <dFab>2025-07-30</dFab>
                <dVal>2026-08-07</dVal>
            </rastro>
        </prod>
        <imposto>
            <ICMS>
                <ICMS00>
                    <orig>0</orig>
                    <CST>00</CST>
                    <pICMS>18.00</pICMS>
                    <vICMS>10374.53</vICMS>
                </ICMS00>
            </ICMS>
        </imposto>
    </det>
    
    <det nItem="3">
        <prod>
            <cProd>1754224479011361</cProd>
            <xProd>SAPIENTE</xProd>
            <NCM>01012100</NCM>
            <CFOP>5101</CFOP>
            <uCom>UN</uCom>
            <qCom>7.054</qCom>
            <vUnCom>218.68</vUnCom>
            <vProd>1542.57</vProd>
            <rastro>
                <nLote>3635534</nLote>
                <qLote>7.054</qLote>
                <dFab>2025-09-26</dFab>
                <dVal>2026-10-25</dVal>
            </rastro>
        </prod>
        <imposto>
            <ICMS>
                <ICMS00>
                    <orig>0</orig>
                    <CST>00</CST>
                    <pICMS>18.00</pICMS>
                    <vICMS>277.66</vICMS>
                </ICMS00>
            </ICMS>
        </imposto>
    </det>
    
            <total>
                <ICMSTot>
                    <vProd>70918.94</vProd>
                    <vICMS>12765.41</vICMS>
                    <vNF>70918.94</vNF>
                </ICMSTot>
            </total>
        </infNFe>
    </NFe>
</nfeProc>
