<?xml version="1.0" encoding="UTF-8"?>
<nfeProc xmlns="http://www.portalfiscal.inf.br/nfe" versao="4.00">
    <NFe xmlns="http://www.portalfiscal.inf.br/nfe">
        <infNFe Id="NFe34491743082442052698734883824097154538130697" versao="4.00">
            <ide>
                <cUF>35</cUF>
                <cNF>72939488</cNF>
                <natOp>Compra de Mercadoria</natOp>
                <mod>55</mod>
                <serie>1</serie>
                <nNF>000158</nNF>
                <dhEmi>2025-10-31T13:11:06-03:00</dhEmi>
                <tpNF>0</tpNF>
                <idDest>1</idDest>
                <cMunFG>3550308</cMunFG>
                <tpImp>1</tpImp>
                <tpEmis>1</tpEmis>
                <cDV>0</cDV>
                <tpAmb>1</tpAmb>
                <finNFe>1</finNFe>
                <indFinal>1</indFinal>
                <indPres>1</indPres>
                <procEmi>0</procEmi>
                <verProc>NF-E SIMULADA</verProc>
            </ide>
            <emit>
                <CNPJ>67.985.043/0001-44</CNPJ>
                <xNome>MACEDO</xNome>
            </emit>
            <dest>
                <CNPJ>04.769.851/0001-54</CNPJ>
                <xNome>PEDRO LUCAS VIANA</xNome>
            </dest>
            
    <det nItem="1">
        <prod>
            <cProd>5283680844199738</cProd>
            <xProd>EIUS</xProd>
            <NCM>01012100</NCM>
            <CFOP>5101</CFOP>
            <uCom>UN</uCom>
            <qCom>97.848</qCom>
            <vUnCom>684.57</vUnCom>
            <vProd>66983.81</vProd>
            <rastro>
                <nLote>1123105</nLote>
                <qLote>97.848</qLote>
                <dFab>2025-10-13</dFab>
                <dVal>2026-07-09</dVal>
            </rastro>
        </prod>
        <imposto>
            <ICMS>
                <ICMS00>
                    <orig>0</orig>
                    <CST>00</CST>
                    <pICMS>18.00</pICMS>
                    <vICMS>12057.09</vICMS>
                </ICMS00>
            </ICMS>
        </imposto>
    </det>
    
    <det nItem="2">
        <prod>
            <cProd>3079623578072317</cProd>
            <xProd>EARUM</xProd>
            <NCM>01012100</NCM>
            <CFOP>5101</CFOP>
            <uCom>UN</uCom>
            <qCom>29.77</qCom>
            <vUnCom>276.78</vUnCom>
            <vProd>8239.74</vProd>
            <rastro>
                <nLote>6388695</nLote>
                <qLote>29.77</qLote>
                <dFab>2025-07-31</dFab>
                <dVal>2026-05-17</dVal>
            </rastro>
        </prod>
        <imposto>
            <ICMS>
                <ICMS00>
                    <orig>0</orig>
                    <CST>00</CST>
                    <pICMS>18.00</pICMS>
                    <vICMS>1483.15</vICMS>
                </ICMS00>
            </ICMS>
        </imposto>
    </det>
    
    <det nItem="3">
        <prod>
            <cProd>7484333659426933</cProd>
            <xProd>QUAM</xProd>
            <NCM>01012100</NCM>
            <CFOP>5101</CFOP>
            <uCom>UN</uCom>
            <qCom>32.816</qCom>
            <vUnCom>86.58</vUnCom>
            <vProd>2841.21</vProd>
            <rastro>
                <nLote>8508468</nLote>
                <qLote>32.816</qLote>
                <dFab>2025-08-22</dFab>
                <dVal>2026-09-12</dVal>
            </rastro>
        </prod>
        <imposto>
            <ICMS>
                <ICMS00>
                    <orig>0</orig>
                    <CST>00</CST>
                    <pICMS>18.00</pICMS>
                    <vICMS>511.42</vICMS>
                </ICMS00>
            </ICMS>
        </imposto>
    </det>
    
    <det nItem="4">
        <prod>
            <cProd>7010406137554732</cProd>
            <xProd>LABORUM</xProd>
            <NCM>01012100</NCM>
            <CFOP>5101</CFOP>
            <uCom>UN</uCom>
            <qCom>39.01</qCom>
            <vUnCom>758.03</vUnCom>
            <vProd>29570.75</vProd>
            <rastro>
                <nLote>3878082</nLote>
                <qLote>39.01</qLote>
                <dFab>2025-09-01</dFab>
                <dVal>2026-10-01</dVal>
            </rastro>
        </prod>
        <imposto>
            <ICMS>
                <ICMS00>
                    <orig>0</orig>
                    <CST>00</CST>
                    <pICMS>18.00</pICMS>
                    <vICMS>5322.73</vICMS>
                </ICMS00>
            </ICMS>
        </imposto>
    </det>
    
            <total>
                <ICMSTot>
                    <vProd>107635.51</vProd>
                    <vICMS>19374.39</vICMS>
                    <vNF>107635.51</vNF>
                </ICMSTot>
            </total>
        </infNFe>
    </NFe>
</nfeProc>
