<?xml version="1.0" encoding="UTF-8"?>
<nfeProc xmlns="http://www.portalfiscal.inf.br/nfe" versao="4.00">
    <NFe xmlns="http://www.portalfiscal.inf.br/nfe">
        <infNFe Id="NFe41338433398657777615321632759312213164054165" versao="4.00">
            <ide>
                <cUF>35</cUF>
                <cNF>19806827</cNF>
                <natOp>Compra de Mercadoria</natOp>
                <mod>55</mod>
                <serie>1</serie>
                <nNF>000361</nNF>
                <dhEmi>2025-10-31T13:11:06-03:00</dhEmi>
                <tpNF>0</tpNF>
                <idDest>1</idDest>
                <cMunFG>3550308</cMunFG>
                <tpImp>1</tpImp>
                <tpEmis>1</tpEmis>
                <cDV>5</cDV>
                <tpAmb>1</tpAmb>
                <finNFe>1</finNFe>
                <indFinal>1</indFinal>
                <indPres>1</indPres>
                <procEmi>0</procEmi>
                <verProc>NF-E SIMULADA</verProc>
            </ide>
            <emit>
                <CNPJ>10.549.236/0001-35</CNPJ>
                <xNome>CORREIA MARTINS E FILHOS</xNome>
            </emit>
            <dest>
                <CNPJ>31.826.497/0001-25</CNPJ>
                <xNome>SRTA. MARIA ALICE MENDONÇA</xNome>
            </dest>
            
    <det nItem="1">
        <prod>
            <cProd>3942139323335890</cProd>
            <xProd>ACCUSANTIUM</xProd>
            <NCM>01012100</NCM>
            <CFOP>5101</CFOP>
            <uCom>UN</uCom>
            <qCom>76.664</qCom>
            <vUnCom>42.0</vUnCom>
            <vProd>3219.89</vProd>
            <rastro>
                <nLote>2855347</nLote>
                <qLote>76.664</qLote>
                <dFab>2025-10-26</dFab>
                <dVal>2026-04-24</dVal>
            </rastro>
        </prod>
        <imposto>
            <ICMS>
                <ICMS00>
                    <orig>0</orig>
                    <CST>00</CST>
                    <pICMS>18.00</pICMS>
                    <vICMS>579.58</vICMS>
                </ICMS00>
            </ICMS>
        </imposto>
    </det>
    
    <det nItem="2">
        <prod>
            <cProd>3863718423608453</cProd>
            <xProd>DISTINCTIO</xProd>
            <NCM>01012100</NCM>
            <CFOP>5101</CFOP>
            <uCom>UN</uCom>
            <qCom>68.606</qCom>
            <vUnCom>407.53</vUnCom>
            <vProd>27959.0</vProd>
            <rastro>
                <nLote>3681084</nLote>
                <qLote>68.606</qLote>
                <dFab>2025-10-16</dFab>
                <dVal>2026-06-13</dVal>
            </rastro>
        </prod>
        <imposto>
            <ICMS>
                <ICMS00>
                    <orig>0</orig>
                    <CST>00</CST>
                    <pICMS>18.00</pICMS>
                    <vICMS>5032.62</vICMS>
                </ICMS00>
            </ICMS>
        </imposto>
    </det>
    
    <det nItem="3">
        <prod>
            <cProd>1898980882524581</cProd>
            <xProd>SAPIENTE</xProd>
            <NCM>01012100</NCM>
            <CFOP>5101</CFOP>
            <uCom>UN</uCom>
            <qCom>10.736</qCom>
            <vUnCom>150.53</vUnCom>
            <vProd>1616.09</vProd>
            <rastro>
                <nLote>6022967</nLote>
                <qLote>10.736</qLote>
                <dFab>2025-09-14</dFab>
                <dVal>2026-10-12</dVal>
            </rastro>
        </prod>
        <imposto>
            <ICMS>
                <ICMS00>
                    <orig>0</orig>
                    <CST>00</CST>
                    <pICMS>18.00</pICMS>
                    <vICMS>290.9</vICMS>
                </ICMS00>
            </ICMS>
        </imposto>
    </det>
    
            <total>
                <ICMSTot>
                    <vProd>32794.98</vProd>
                    <vICMS>5903.1</vICMS>
                    <vNF>32794.98</vNF>
                </ICMSTot>
            </total>
        </infNFe>
    </NFe>
</nfeProc>
