<?xml version="1.0" encoding="UTF-8"?>
<nfeProc xmlns="http://www.portalfiscal.inf.br/nfe" versao="4.00">
    <NFe xmlns="http://www.portalfiscal.inf.br/nfe">
        <infNFe Id="NFe74552733298992411992846288528560168841286037" versao="4.00">
            <ide>
                <cUF>35</cUF>
                <cNF>67167740</cNF>
                <natOp>Venda de Mercadoria</natOp>
                <mod>55</mod>
                <serie>1</serie>
                <nNF>000498</nNF>
                <dhEmi>2025-10-31T13:11:06-03:00</dhEmi>
                <tpNF>1</tpNF>
                <idDest>1</idDest>
                <cMunFG>3550308</cMunFG>
                <tpImp>1</tpImp>
                <tpEmis>1</tpEmis>
                <cDV>2</cDV>
                <tpAmb>1</tpAmb>
                <finNFe>1</finNFe>
                <indFinal>1</indFinal>
                <indPres>1</indPres>
                <procEmi>0</procEmi>
                <verProc>NF-E SIMULADA</verProc>
            </ide>
            <emit>
                <CNPJ>06.549.278/0001-07</CNPJ>
                <xNome>ARAGÃO</xNome>
            </emit>
            <dest>
                <CNPJ>57.436.201/0001-53</CNPJ>
                <xNome>ANTHONY TEIXEIRA</xNome>
            </dest>
            
    <det nItem="1">
        <prod>
            <cProd>9018388373649087</cProd>
            <xProd>EXPLICABO</xProd>
            <NCM>01012100</NCM>
            <CFOP>5101</CFOP>
            <uCom>UN</uCom>
            <qCom>26.614</qCom>
            <vUnCom>338.68</vUnCom>
            <vProd>9013.63</vProd>
            <rastro>
                <nLote>8838391</nLote>
                <qLote>26.614</qLote>
                <dFab>2025-09-02</dFab>
                <dVal>2026-04-03</dVal>
            </rastro>
        </prod>
        <imposto>
            <ICMS>
                <ICMS00>
                    <orig>0</orig>
                    <CST>00</CST>
                    <pICMS>18.00</pICMS>
                    <vICMS>1622.45</vICMS>
                </ICMS00>
            </ICMS>
        </imposto>
    </det>
    
    <det nItem="2">
        <prod>
            <cProd>5091438156724581</cProd>
            <xProd>DIGNISSIMOS</xProd>
            <NCM>01012100</NCM>
            <CFOP>5101</CFOP>
            <uCom>UN</uCom>
            <qCom>73.929</qCom>
            <vUnCom>893.11</vUnCom>
            <vProd>66026.73</vProd>
            <rastro>
                <nLote>3082861</nLote>
                <qLote>73.929</qLote>
                <dFab>2025-08-12</dFab>
                <dVal>2025-12-15</dVal>
            </rastro>
        </prod>
        <imposto>
            <ICMS>
                <ICMS00>
                    <orig>0</orig>
                    <CST>00</CST>
                    <pICMS>18.00</pICMS>
                    <vICMS>11884.81</vICMS>
                </ICMS00>
            </ICMS>
        </imposto>
    </det>
    
    <det nItem="3">
        <prod>
            <cProd>6226189403649931</cProd>
            <xProd>VOLUPTATEM</xProd>
            <NCM>01012100</NCM>
            <CFOP>5101</CFOP>
            <uCom>UN</uCom>
            <qCom>16.554</qCom>
            <vUnCom>517.98</vUnCom>
            <vProd>8574.64</vProd>
            <rastro>
                <nLote>4064067</nLote>
                <qLote>16.554</qLote>
                <dFab>2025-08-23</dFab>
                <dVal>2026-08-31</dVal>
            </rastro>
        </prod>
        <imposto>
            <ICMS>
                <ICMS00>
                    <orig>0</orig>
                    <CST>00</CST>
                    <pICMS>18.00</pICMS>
                    <vICMS>1543.44</vICMS>
                </ICMS00>
            </ICMS>
        </imposto>
    </det>
    
            <total>
                <ICMSTot>
                    <vProd>83615.0</vProd>
                    <vICMS>15050.7</vICMS>
                    <vNF>83615.0</vNF>
                </ICMSTot>
            </total>
        </infNFe>
    </NFe>
</nfeProc>
