<?xml version="1.0" encoding="UTF-8"?>
<nfeProc xmlns="http://www.portalfiscal.inf.br/nfe" versao="4.00">
    <NFe xmlns="http://www.portalfiscal.inf.br/nfe">
        <infNFe Id="NFe32385777333156285958127224494787169703709849" versao="4.00">
            <ide>
                <cUF>35</cUF>
                <cNF>45046071</cNF>
                <natOp>Compra de Mercadoria</natOp>
                <mod>55</mod>
                <serie>1</serie>
                <nNF>000087</nNF>
                <dhEmi>2025-10-31T13:11:06-03:00</dhEmi>
                <tpNF>0</tpNF>
                <idDest>1</idDest>
                <cMunFG>3550308</cMunFG>
                <tpImp>1</tpImp>
                <tpEmis>1</tpEmis>
                <cDV>4</cDV>
                <tpAmb>1</tpAmb>
                <finNFe>1</finNFe>
                <indFinal>1</indFinal>
                <indPres>1</indPres>
                <procEmi>0</procEmi>
                <verProc>NF-E SIMULADA</verProc>
            </ide>
            <emit>
                <CNPJ>15.638.972/0001-83</CNPJ>
                <xNome>PIRES SÁ E FILHOS</xNome>
            </emit>
            <dest>
                <CNPJ>75.628.940/0001-29</CNPJ>
                <xNome>MARIA CLARA COSTA</xNome>
            </dest>
            
    <det nItem="1">
        <prod>
            <cProd>9644579141888501</cProd>
            <xProd>DISTINCTIO</xProd>
            <NCM>01012100</NCM>
            <CFOP>5101</CFOP>
            <uCom>UN</uCom>
            <qCom>99.97</qCom>
            <vUnCom>315.1</vUnCom>
            <vProd>31500.55</vProd>
            <rastro>
                <nLote>2318107</nLote>
                <qLote>99.97</qLote>
                <dFab>2025-10-05</dFab>
                <dVal>2026-02-18</dVal>
            </rastro>
        </prod>
        <imposto>
            <ICMS>
                <ICMS00>
                    <orig>0</orig>
                    <CST>00</CST>
                    <pICMS>18.00</pICMS>
                    <vICMS>5670.1</vICMS>
                </ICMS00>
            </ICMS>
        </imposto>
    </det>
    
    <det nItem="2">
        <prod>
            <cProd>3155248745703951</cProd>
            <xProd>NISI</xProd>
            <NCM>01012100</NCM>
            <CFOP>5101</CFOP>
            <uCom>UN</uCom>
            <qCom>54.46</qCom>
            <vUnCom>88.03</vUnCom>
            <vProd>4794.11</vProd>
            <rastro>
                <nLote>9263048</nLote>
                <qLote>54.46</qLote>
                <dFab>2025-08-25</dFab>
                <dVal>2026-07-23</dVal>
            </rastro>
        </prod>
        <imposto>
            <ICMS>
                <ICMS00>
                    <orig>0</orig>
                    <CST>00</CST>
                    <pICMS>18.00</pICMS>
                    <vICMS>862.94</vICMS>
                </ICMS00>
            </ICMS>
        </imposto>
    </det>
    
            <total>
                <ICMSTot>
                    <vProd>36294.66</vProd>
                    <vICMS>6533.04</vICMS>
                    <vNF>36294.66</vNF>
                </ICMSTot>
            </total>
        </infNFe>
    </NFe>
</nfeProc>
