<?xml version="1.0" encoding="UTF-8"?>
<nfeProc xmlns="http://www.portalfiscal.inf.br/nfe" versao="4.00">
    <NFe xmlns="http://www.portalfiscal.inf.br/nfe">
        <infNFe Id="NFe47927478498954916683682893140941881047808064" versao="4.00">
            <ide>
                <cUF>35</cUF>
                <cNF>85206617</cNF>
                <natOp>Compra de Mercadoria</natOp>
                <mod>55</mod>
                <serie>1</serie>
                <nNF>000435</nNF>
                <dhEmi>2025-10-31T13:11:06-03:00</dhEmi>
                <tpNF>0</tpNF>
                <idDest>1</idDest>
                <cMunFG>3550308</cMunFG>
                <tpImp>1</tpImp>
                <tpEmis>1</tpEmis>
                <cDV>4</cDV>
                <tpAmb>1</tpAmb>
                <finNFe>1</finNFe>
                <indFinal>1</indFinal>
                <indPres>1</indPres>
                <procEmi>0</procEmi>
                <verProc>NF-E SIMULADA</verProc>
            </ide>
            <emit>
                <CNPJ>59.674.102/0001-35</CNPJ>
                <xNome>TEIXEIRA</xNome>
            </emit>
            <dest>
                <CNPJ>14.206.895/0001-20</CNPJ>
                <xNome>DR. JOÃO VITOR ABREU</xNome>
            </dest>
            
    <det nItem="1">
        <prod>
            <cProd>4617186360887211</cProd>
            <xProd>NISI</xProd>
            <NCM>01012100</NCM>
            <CFOP>5101</CFOP>
            <uCom>UN</uCom>
            <qCom>51.162</qCom>
            <vUnCom>20.22</vUnCom>
            <vProd>1034.5</vProd>
            <rastro>
                <nLote>1967149</nLote>
                <qLote>51.162</qLote>
                <dFab>2025-10-27</dFab>
                <dVal>2026-10-31</dVal>
            </rastro>
        </prod>
        <imposto>
            <ICMS>
                <ICMS00>
                    <orig>0</orig>
                    <CST>00</CST>
                    <pICMS>18.00</pICMS>
                    <vICMS>186.21</vICMS>
                </ICMS00>
            </ICMS>
        </imposto>
    </det>
    
            <total>
                <ICMSTot>
                    <vProd>1034.5</vProd>
                    <vICMS>186.21</vICMS>
                    <vNF>1034.5</vNF>
                </ICMSTot>
            </total>
        </infNFe>
    </NFe>
</nfeProc>
