<?xml version="1.0" encoding="UTF-8"?>
<nfeProc xmlns="http://www.portalfiscal.inf.br/nfe" versao="4.00">
    <NFe xmlns="http://www.portalfiscal.inf.br/nfe">
        <infNFe Id="NFe94517177694952672307928766539096836733040309" versao="4.00">
            <ide>
                <cUF>35</cUF>
                <cNF>73230088</cNF>
                <natOp>Compra de Mercadoria</natOp>
                <mod>55</mod>
                <serie>1</serie>
                <nNF>000221</nNF>
                <dhEmi>2025-10-31T13:11:06-03:00</dhEmi>
                <tpNF>0</tpNF>
                <idDest>1</idDest>
                <cMunFG>3550308</cMunFG>
                <tpImp>1</tpImp>
                <tpEmis>1</tpEmis>
                <cDV>6</cDV>
                <tpAmb>1</tpAmb>
                <finNFe>1</finNFe>
                <indFinal>1</indFinal>
                <indPres>1</indPres>
                <procEmi>0</procEmi>
                <verProc>NF-E SIMULADA</verProc>
            </ide>
            <emit>
                <CNPJ>74.269.583/0001-97</CNPJ>
                <xNome>FERREIRA</xNome>
            </emit>
            <dest>
                <CNPJ>24.163.908/0001-84</CNPJ>
                <xNome>SR. ANDRÉ PEIXOTO</xNome>
            </dest>
            
    <det nItem="1">
        <prod>
            <cProd>2019783039654281</cProd>
            <xProd>TOTAM</xProd>
            <NCM>01012100</NCM>
            <CFOP>5101</CFOP>
            <uCom>UN</uCom>
            <qCom>76.765</qCom>
            <vUnCom>150.17</vUnCom>
            <vProd>11527.8</vProd>
            <rastro>
                <nLote>5485566</nLote>
                <qLote>76.765</qLote>
                <dFab>2025-08-16</dFab>
                <dVal>2026-10-18</dVal>
            </rastro>
        </prod>
        <imposto>
            <ICMS>
                <ICMS00>
                    <orig>0</orig>
                    <CST>00</CST>
                    <pICMS>18.00</pICMS>
                    <vICMS>2075.0</vICMS>
                </ICMS00>
            </ICMS>
        </imposto>
    </det>
    
    <det nItem="2">
        <prod>
            <cProd>3522287634915894</cProd>
            <xProd>NIHIL</xProd>
            <NCM>01012100</NCM>
            <CFOP>5101</CFOP>
            <uCom>UN</uCom>
            <qCom>7.609</qCom>
            <vUnCom>718.28</vUnCom>
            <vProd>5465.39</vProd>
            <rastro>
                <nLote>9273324</nLote>
                <qLote>7.609</qLote>
                <dFab>2025-08-08</dFab>
                <dVal>2026-06-06</dVal>
            </rastro>
        </prod>
        <imposto>
            <ICMS>
                <ICMS00>
                    <orig>0</orig>
                    <CST>00</CST>
                    <pICMS>18.00</pICMS>
                    <vICMS>983.77</vICMS>
                </ICMS00>
            </ICMS>
        </imposto>
    </det>
    
    <det nItem="3">
        <prod>
            <cProd>9700597832588234</cProd>
            <xProd>EA</xProd>
            <NCM>01012100</NCM>
            <CFOP>5101</CFOP>
            <uCom>UN</uCom>
            <qCom>54.77</qCom>
            <vUnCom>374.13</vUnCom>
            <vProd>20491.1</vProd>
            <rastro>
                <nLote>3748212</nLote>
                <qLote>54.77</qLote>
                <dFab>2025-10-15</dFab>
                <dVal>2026-03-16</dVal>
            </rastro>
        </prod>
        <imposto>
            <ICMS>
                <ICMS00>
                    <orig>0</orig>
                    <CST>00</CST>
                    <pICMS>18.00</pICMS>
                    <vICMS>3688.4</vICMS>
                </ICMS00>
            </ICMS>
        </imposto>
    </det>
    
    <det nItem="4">
        <prod>
            <cProd>3894268696401308</cProd>
            <xProd>LABORIOSAM</xProd>
            <NCM>01012100</NCM>
            <CFOP>5101</CFOP>
            <uCom>UN</uCom>
            <qCom>45.974</qCom>
            <vUnCom>474.8</vUnCom>
            <vProd>21828.46</vProd>
            <rastro>
                <nLote>3139750</nLote>
                <qLote>45.974</qLote>
                <dFab>2025-09-03</dFab>
                <dVal>2026-03-15</dVal>
            </rastro>
        </prod>
        <imposto>
            <ICMS>
                <ICMS00>
                    <orig>0</orig>
                    <CST>00</CST>
                    <pICMS>18.00</pICMS>
                    <vICMS>3929.12</vICMS>
                </ICMS00>
            </ICMS>
        </imposto>
    </det>
    
            <total>
                <ICMSTot>
                    <vProd>59312.75</vProd>
                    <vICMS>10676.3</vICMS>
                    <vNF>59312.75</vNF>
                </ICMSTot>
            </total>
        </infNFe>
    </NFe>
</nfeProc>
