<?xml version="1.0" encoding="UTF-8"?>
<nfeProc xmlns="http://www.portalfiscal.inf.br/nfe" versao="4.00">
    <NFe xmlns="http://www.portalfiscal.inf.br/nfe">
        <infNFe Id="NFe91319445416559892597351376605128129155101752" versao="4.00">
            <ide>
                <cUF>35</cUF>
                <cNF>98189305</cNF>
                <natOp>Compra de Mercadoria</natOp>
                <mod>55</mod>
                <serie>1</serie>
                <nNF>000123</nNF>
                <dhEmi>2025-10-31T13:11:06-03:00</dhEmi>
                <tpNF>0</tpNF>
                <idDest>1</idDest>
                <cMunFG>3550308</cMunFG>
                <tpImp>1</tpImp>
                <tpEmis>1</tpEmis>
                <cDV>4</cDV>
                <tpAmb>1</tpAmb>
                <finNFe>1</finNFe>
                <indFinal>1</indFinal>
                <indPres>1</indPres>
                <procEmi>0</procEmi>
                <verProc>NF-E SIMULADA</verProc>
            </ide>
            <emit>
                <CNPJ>19.368.405/0001-05</CNPJ>
                <xNome>CIRINO</xNome>
            </emit>
            <dest>
                <CNPJ>75.013.264/0001-89</CNPJ>
                <xNome>SOFIA FERNANDES</xNome>
            </dest>
            
    <det nItem="1">
        <prod>
            <cProd>3374593355983744</cProd>
            <xProd>IPSAM</xProd>
            <NCM>01012100</NCM>
            <CFOP>5101</CFOP>
            <uCom>UN</uCom>
            <qCom>14.535</qCom>
            <vUnCom>536.34</vUnCom>
            <vProd>7795.7</vProd>
            <rastro>
                <nLote>8966071</nLote>
                <qLote>14.535</qLote>
                <dFab>2025-08-25</dFab>
                <dVal>2026-04-15</dVal>
            </rastro>
        </prod>
        <imposto>
            <ICMS>
                <ICMS00>
                    <orig>0</orig>
                    <CST>00</CST>
                    <pICMS>18.00</pICMS>
                    <vICMS>1403.23</vICMS>
                </ICMS00>
            </ICMS>
        </imposto>
    </det>
    
            <total>
                <ICMSTot>
                    <vProd>7795.7</vProd>
                    <vICMS>1403.23</vICMS>
                    <vNF>7795.7</vNF>
                </ICMSTot>
            </total>
        </infNFe>
    </NFe>
</nfeProc>
