<?xml version="1.0" encoding="UTF-8"?>
<nfeProc xmlns="http://www.portalfiscal.inf.br/nfe" versao="4.00">
    <NFe xmlns="http://www.portalfiscal.inf.br/nfe">
        <infNFe Id="NFe76597584723217676192334090497842705118478444" versao="4.00">
            <ide>
                <cUF>35</cUF>
                <cNF>57369085</cNF>
                <natOp>Compra de Mercadoria</natOp>
                <mod>55</mod>
                <serie>1</serie>
                <nNF>000355</nNF>
                <dhEmi>2025-10-31T13:11:06-03:00</dhEmi>
                <tpNF>0</tpNF>
                <idDest>1</idDest>
                <cMunFG>3550308</cMunFG>
                <tpImp>1</tpImp>
                <tpEmis>1</tpEmis>
                <cDV>3</cDV>
                <tpAmb>1</tpAmb>
                <finNFe>1</finNFe>
                <indFinal>1</indFinal>
                <indPres>1</indPres>
                <procEmi>0</procEmi>
                <verProc>NF-E SIMULADA</verProc>
            </ide>
            <emit>
                <CNPJ>96.325.041/0001-27</CNPJ>
                <xNome>MENDES S.A.</xNome>
            </emit>
            <dest>
                <CNPJ>92.570.416/0001-63</CNPJ>
                <xNome>BRUNO REZENDE</xNome>
            </dest>
            
    <det nItem="1">
        <prod>
            <cProd>9226246471170204</cProd>
            <xProd>NECESSITATIBUS</xProd>
            <NCM>01012100</NCM>
            <CFOP>5101</CFOP>
            <uCom>UN</uCom>
            <qCom>6.005</qCom>
            <vUnCom>369.38</vUnCom>
            <vProd>2218.13</vProd>
            <rastro>
                <nLote>9667376</nLote>
                <qLote>6.005</qLote>
                <dFab>2025-10-18</dFab>
                <dVal>2026-02-25</dVal>
            </rastro>
        </prod>
        <imposto>
            <ICMS>
                <ICMS00>
                    <orig>0</orig>
                    <CST>00</CST>
                    <pICMS>18.00</pICMS>
                    <vICMS>399.26</vICMS>
                </ICMS00>
            </ICMS>
        </imposto>
    </det>
    
    <det nItem="2">
        <prod>
            <cProd>3226402865690138</cProd>
            <xProd>CONSECTETUR</xProd>
            <NCM>01012100</NCM>
            <CFOP>5101</CFOP>
            <uCom>UN</uCom>
            <qCom>9.362</qCom>
            <vUnCom>331.62</vUnCom>
            <vProd>3104.63</vProd>
            <rastro>
                <nLote>6017713</nLote>
                <qLote>9.362</qLote>
                <dFab>2025-10-10</dFab>
                <dVal>2026-09-05</dVal>
            </rastro>
        </prod>
        <imposto>
            <ICMS>
                <ICMS00>
                    <orig>0</orig>
                    <CST>00</CST>
                    <pICMS>18.00</pICMS>
                    <vICMS>558.83</vICMS>
                </ICMS00>
            </ICMS>
        </imposto>
    </det>
    
    <det nItem="3">
        <prod>
            <cProd>3354145099749195</cProd>
            <xProd>EXPEDITA</xProd>
            <NCM>01012100</NCM>
            <CFOP>5101</CFOP>
            <uCom>UN</uCom>
            <qCom>34.165</qCom>
            <vUnCom>942.38</vUnCom>
            <vProd>32196.41</vProd>
            <rastro>
                <nLote>9138614</nLote>
                <qLote>34.165</qLote>
                <dFab>2025-08-24</dFab>
                <dVal>2026-06-04</dVal>
            </rastro>
        </prod>
        <imposto>
            <ICMS>
                <ICMS00>
                    <orig>0</orig>
                    <CST>00</CST>
                    <pICMS>18.00</pICMS>
                    <vICMS>5795.35</vICMS>
                </ICMS00>
            </ICMS>
        </imposto>
    </det>
    
    <det nItem="4">
        <prod>
            <cProd>9759416944037891</cProd>
            <xProd>AUTEM</xProd>
            <NCM>01012100</NCM>
            <CFOP>5101</CFOP>
            <uCom>UN</uCom>
            <qCom>95.247</qCom>
            <vUnCom>48.97</vUnCom>
            <vProd>4664.25</vProd>
            <rastro>
                <nLote>8829855</nLote>
                <qLote>95.247</qLote>
                <dFab>2025-08-23</dFab>
                <dVal>2026-02-06</dVal>
            </rastro>
        </prod>
        <imposto>
            <ICMS>
                <ICMS00>
                    <orig>0</orig>
                    <CST>00</CST>
                    <pICMS>18.00</pICMS>
                    <vICMS>839.56</vICMS>
                </ICMS00>
            </ICMS>
        </imposto>
    </det>
    
    <det nItem="5">
        <prod>
            <cProd>5884227148750496</cProd>
            <xProd>IPSUM</xProd>
            <NCM>01012100</NCM>
            <CFOP>5101</CFOP>
            <uCom>UN</uCom>
            <qCom>42.283</qCom>
            <vUnCom>704.02</vUnCom>
            <vProd>29768.08</vProd>
            <rastro>
                <nLote>9722115</nLote>
                <qLote>42.283</qLote>
                <dFab>2025-09-21</dFab>
                <dVal>2026-06-12</dVal>
            </rastro>
        </prod>
        <imposto>
            <ICMS>
                <ICMS00>
                    <orig>0</orig>
                    <CST>00</CST>
                    <pICMS>18.00</pICMS>
                    <vICMS>5358.25</vICMS>
                </ICMS00>
            </ICMS>
        </imposto>
    </det>
    
            <total>
                <ICMSTot>
                    <vProd>71951.5</vProd>
                    <vICMS>12951.27</vICMS>
                    <vNF>71951.5</vNF>
                </ICMSTot>
            </total>
        </infNFe>
    </NFe>
</nfeProc>
