<?xml version="1.0" encoding="UTF-8"?>
<nfeProc xmlns="http://www.portalfiscal.inf.br/nfe" versao="4.00">
    <NFe xmlns="http://www.portalfiscal.inf.br/nfe">
        <infNFe Id="NFe85500428092359238089699946962680794389700323" versao="4.00">
            <ide>
                <cUF>35</cUF>
                <cNF>29251588</cNF>
                <natOp>Venda de Mercadoria</natOp>
                <mod>55</mod>
                <serie>1</serie>
                <nNF>000191</nNF>
                <dhEmi>2025-10-31T13:11:06-03:00</dhEmi>
                <tpNF>1</tpNF>
                <idDest>1</idDest>
                <cMunFG>3550308</cMunFG>
                <tpImp>1</tpImp>
                <tpEmis>1</tpEmis>
                <cDV>9</cDV>
                <tpAmb>1</tpAmb>
                <finNFe>1</finNFe>
                <indFinal>1</indFinal>
                <indPres>1</indPres>
                <procEmi>0</procEmi>
                <verProc>NF-E SIMULADA</verProc>
            </ide>
            <emit>
                <CNPJ>91.604.382/0001-18</CNPJ>
                <xNome>DA COSTA</xNome>
            </emit>
            <dest>
                <CNPJ>87.309.426/0001-00</CNPJ>
                <xNome>MARIA GOMES</xNome>
            </dest>
            
    <det nItem="1">
        <prod>
            <cProd>5128482175558806</cProd>
            <xProd>FACILIS</xProd>
            <NCM>01012100</NCM>
            <CFOP>5101</CFOP>
            <uCom>UN</uCom>
            <qCom>34.098</qCom>
            <vUnCom>632.55</vUnCom>
            <vProd>21568.69</vProd>
            <rastro>
                <nLote>4140649</nLote>
                <qLote>34.098</qLote>
                <dFab>2025-08-07</dFab>
                <dVal>2026-03-05</dVal>
            </rastro>
        </prod>
        <imposto>
            <ICMS>
                <ICMS00>
                    <orig>0</orig>
                    <CST>00</CST>
                    <pICMS>18.00</pICMS>
                    <vICMS>3882.36</vICMS>
                </ICMS00>
            </ICMS>
        </imposto>
    </det>
    
    <det nItem="2">
        <prod>
            <cProd>8200866794701378</cProd>
            <xProd>RERUM</xProd>
            <NCM>01012100</NCM>
            <CFOP>5101</CFOP>
            <uCom>UN</uCom>
            <qCom>40.534</qCom>
            <vUnCom>765.18</vUnCom>
            <vProd>31015.81</vProd>
            <rastro>
                <nLote>6897198</nLote>
                <qLote>40.534</qLote>
                <dFab>2025-08-08</dFab>
                <dVal>2026-02-28</dVal>
            </rastro>
        </prod>
        <imposto>
            <ICMS>
                <ICMS00>
                    <orig>0</orig>
                    <CST>00</CST>
                    <pICMS>18.00</pICMS>
                    <vICMS>5582.85</vICMS>
                </ICMS00>
            </ICMS>
        </imposto>
    </det>
    
    <det nItem="3">
        <prod>
            <cProd>6881778381393145</cProd>
            <xProd>SIMILIQUE</xProd>
            <NCM>01012100</NCM>
            <CFOP>5101</CFOP>
            <uCom>UN</uCom>
            <qCom>64.057</qCom>
            <vUnCom>956.18</vUnCom>
            <vProd>61250.02</vProd>
            <rastro>
                <nLote>9621777</nLote>
                <qLote>64.057</qLote>
                <dFab>2025-10-24</dFab>
                <dVal>2026-09-02</dVal>
            </rastro>
        </prod>
        <imposto>
            <ICMS>
                <ICMS00>
                    <orig>0</orig>
                    <CST>00</CST>
                    <pICMS>18.00</pICMS>
                    <vICMS>11025.0</vICMS>
                </ICMS00>
            </ICMS>
        </imposto>
    </det>
    
    <det nItem="4">
        <prod>
            <cProd>4731722550851172</cProd>
            <xProd>DUCIMUS</xProd>
            <NCM>01012100</NCM>
            <CFOP>5101</CFOP>
            <uCom>UN</uCom>
            <qCom>88.691</qCom>
            <vUnCom>198.66</vUnCom>
            <vProd>17619.35</vProd>
            <rastro>
                <nLote>3179930</nLote>
                <qLote>88.691</qLote>
                <dFab>2025-07-24</dFab>
                <dVal>2026-04-07</dVal>
            </rastro>
        </prod>
        <imposto>
            <ICMS>
                <ICMS00>
                    <orig>0</orig>
                    <CST>00</CST>
                    <pICMS>18.00</pICMS>
                    <vICMS>3171.48</vICMS>
                </ICMS00>
            </ICMS>
        </imposto>
    </det>
    
    <det nItem="5">
        <prod>
            <cProd>5521580135260426</cProd>
            <xProd>DELECTUS</xProd>
            <NCM>01012100</NCM>
            <CFOP>5101</CFOP>
            <uCom>UN</uCom>
            <qCom>74.648</qCom>
            <vUnCom>681.54</vUnCom>
            <vProd>50875.6</vProd>
            <rastro>
                <nLote>5321961</nLote>
                <qLote>74.648</qLote>
                <dFab>2025-09-17</dFab>
                <dVal>2026-04-18</dVal>
            </rastro>
        </prod>
        <imposto>
            <ICMS>
                <ICMS00>
                    <orig>0</orig>
                    <CST>00</CST>
                    <pICMS>18.00</pICMS>
                    <vICMS>9157.61</vICMS>
                </ICMS00>
            </ICMS>
        </imposto>
    </det>
    
            <total>
                <ICMSTot>
                    <vProd>182329.47</vProd>
                    <vICMS>32819.3</vICMS>
                    <vNF>182329.47</vNF>
                </ICMSTot>
            </total>
        </infNFe>
    </NFe>
</nfeProc>
