<?xml version="1.0" encoding="UTF-8"?>
<nfeProc xmlns="http://www.portalfiscal.inf.br/nfe" versao="4.00">
    <NFe xmlns="http://www.portalfiscal.inf.br/nfe">
        <infNFe Id="NFe78425985685190162149711416425358683934204065" versao="4.00">
            <ide>
                <cUF>35</cUF>
                <cNF>97305015</cNF>
                <natOp>Venda de Mercadoria</natOp>
                <mod>55</mod>
                <serie>1</serie>
                <nNF>000499</nNF>
                <dhEmi>2025-10-31T13:11:06-03:00</dhEmi>
                <tpNF>1</tpNF>
                <idDest>1</idDest>
                <cMunFG>3550308</cMunFG>
                <tpImp>1</tpImp>
                <tpEmis>1</tpEmis>
                <cDV>5</cDV>
                <tpAmb>1</tpAmb>
                <finNFe>1</finNFe>
                <indFinal>1</indFinal>
                <indPres>1</indPres>
                <procEmi>0</procEmi>
                <verProc>NF-E SIMULADA</verProc>
            </ide>
            <emit>
                <CNPJ>19.423.065/0001-78</CNPJ>
                <xNome>JESUS - EI</xNome>
            </emit>
            <dest>
                <CNPJ>26.891.370/0001-50</CNPJ>
                <xNome>FELIPE NOVAIS</xNome>
            </dest>
            
    <det nItem="1">
        <prod>
            <cProd>4897636359358942</cProd>
            <xProd>HIC</xProd>
            <NCM>01012100</NCM>
            <CFOP>5101</CFOP>
            <uCom>UN</uCom>
            <qCom>33.472</qCom>
            <vUnCom>837.1</vUnCom>
            <vProd>28019.41</vProd>
            <rastro>
                <nLote>8503088</nLote>
                <qLote>33.472</qLote>
                <dFab>2025-08-14</dFab>
                <dVal>2026-09-26</dVal>
            </rastro>
        </prod>
        <imposto>
            <ICMS>
                <ICMS00>
                    <orig>0</orig>
                    <CST>00</CST>
                    <pICMS>18.00</pICMS>
                    <vICMS>5043.49</vICMS>
                </ICMS00>
            </ICMS>
        </imposto>
    </det>
    
            <total>
                <ICMSTot>
                    <vProd>28019.41</vProd>
                    <vICMS>5043.49</vICMS>
                    <vNF>28019.41</vNF>
                </ICMSTot>
            </total>
        </infNFe>
    </NFe>
</nfeProc>
