<?xml version="1.0" encoding="UTF-8"?>
<nfeProc xmlns="http://www.portalfiscal.inf.br/nfe" versao="4.00">
    <NFe xmlns="http://www.portalfiscal.inf.br/nfe">
        <infNFe Id="NFe97913059624864107840385264651995247817254951" versao="4.00">
            <ide>
                <cUF>35</cUF>
                <cNF>59393263</cNF>
                <natOp>Compra de Mercadoria</natOp>
                <mod>55</mod>
                <serie>1</serie>
                <nNF>000347</nNF>
                <dhEmi>2025-10-31T13:11:06-03:00</dhEmi>
                <tpNF>0</tpNF>
                <idDest>1</idDest>
                <cMunFG>3550308</cMunFG>
                <tpImp>1</tpImp>
                <tpEmis>1</tpEmis>
                <cDV>6</cDV>
                <tpAmb>1</tpAmb>
                <finNFe>1</finNFe>
                <indFinal>1</indFinal>
                <indPres>1</indPres>
                <procEmi>0</procEmi>
                <verProc>NF-E SIMULADA</verProc>
            </ide>
            <emit>
                <CNPJ>01.983.274/0001-00</CNPJ>
                <xNome>REZENDE - EI</xNome>
            </emit>
            <dest>
                <CNPJ>98.436.205/0001-19</CNPJ>
                <xNome>VINICIUS MELO</xNome>
            </dest>
            
    <det nItem="1">
        <prod>
            <cProd>3545088954609993</cProd>
            <xProd>MAGNI</xProd>
            <NCM>01012100</NCM>
            <CFOP>5101</CFOP>
            <uCom>UN</uCom>
            <qCom>58.65</qCom>
            <vUnCom>753.52</vUnCom>
            <vProd>44193.95</vProd>
            <rastro>
                <nLote>6229859</nLote>
                <qLote>58.65</qLote>
                <dFab>2025-10-21</dFab>
                <dVal>2025-12-28</dVal>
            </rastro>
        </prod>
        <imposto>
            <ICMS>
                <ICMS00>
                    <orig>0</orig>
                    <CST>00</CST>
                    <pICMS>18.00</pICMS>
                    <vICMS>7954.91</vICMS>
                </ICMS00>
            </ICMS>
        </imposto>
    </det>
    
            <total>
                <ICMSTot>
                    <vProd>44193.95</vProd>
                    <vICMS>7954.91</vICMS>
                    <vNF>44193.95</vNF>
                </ICMSTot>
            </total>
        </infNFe>
    </NFe>
</nfeProc>
