<?xml version="1.0" encoding="UTF-8"?>
<nfeProc xmlns="http://www.portalfiscal.inf.br/nfe" versao="4.00">
    <NFe xmlns="http://www.portalfiscal.inf.br/nfe">
        <infNFe Id="NFe17169054633465392351334569766251648687638448" versao="4.00">
            <ide>
                <cUF>35</cUF>
                <cNF>78948432</cNF>
                <natOp>Compra de Mercadoria</natOp>
                <mod>55</mod>
                <serie>1</serie>
                <nNF>000232</nNF>
                <dhEmi>2025-10-31T13:11:06-03:00</dhEmi>
                <tpNF>0</tpNF>
                <idDest>1</idDest>
                <cMunFG>3550308</cMunFG>
                <tpImp>1</tpImp>
                <tpEmis>1</tpEmis>
                <cDV>1</cDV>
                <tpAmb>1</tpAmb>
                <finNFe>1</finNFe>
                <indFinal>1</indFinal>
                <indPres>1</indPres>
                <procEmi>0</procEmi>
                <verProc>NF-E SIMULADA</verProc>
            </ide>
            <emit>
                <CNPJ>69.824.570/0001-00</CNPJ>
                <xNome>RODRIGUES - ME</xNome>
            </emit>
            <dest>
                <CNPJ>13.962.478/0001-44</CNPJ>
                <xNome>DRA. MARIAH MARQUES</xNome>
            </dest>
            
    <det nItem="1">
        <prod>
            <cProd>1308334703105733</cProd>
            <xProd>ODIO</xProd>
            <NCM>01012100</NCM>
            <CFOP>5101</CFOP>
            <uCom>UN</uCom>
            <qCom>22.258</qCom>
            <vUnCom>15.91</vUnCom>
            <vProd>354.12</vProd>
            <rastro>
                <nLote>7138618</nLote>
                <qLote>22.258</qLote>
                <dFab>2025-10-19</dFab>
                <dVal>2026-03-13</dVal>
            </rastro>
        </prod>
        <imposto>
            <ICMS>
                <ICMS00>
                    <orig>0</orig>
                    <CST>00</CST>
                    <pICMS>18.00</pICMS>
                    <vICMS>63.74</vICMS>
                </ICMS00>
            </ICMS>
        </imposto>
    </det>
    
    <det nItem="2">
        <prod>
            <cProd>3516068826046893</cProd>
            <xProd>QUISQUAM</xProd>
            <NCM>01012100</NCM>
            <CFOP>5101</CFOP>
            <uCom>UN</uCom>
            <qCom>66.242</qCom>
            <vUnCom>142.72</vUnCom>
            <vProd>9454.06</vProd>
            <rastro>
                <nLote>7554639</nLote>
                <qLote>66.242</qLote>
                <dFab>2025-08-30</dFab>
                <dVal>2026-05-10</dVal>
            </rastro>
        </prod>
        <imposto>
            <ICMS>
                <ICMS00>
                    <orig>0</orig>
                    <CST>00</CST>
                    <pICMS>18.00</pICMS>
                    <vICMS>1701.73</vICMS>
                </ICMS00>
            </ICMS>
        </imposto>
    </det>
    
            <total>
                <ICMSTot>
                    <vProd>9808.18</vProd>
                    <vICMS>1765.47</vICMS>
                    <vNF>9808.18</vNF>
                </ICMSTot>
            </total>
        </infNFe>
    </NFe>
</nfeProc>
