<?xml version="1.0" encoding="UTF-8"?>
<nfeProc xmlns="http://www.portalfiscal.inf.br/nfe" versao="4.00">
    <NFe xmlns="http://www.portalfiscal.inf.br/nfe">
        <infNFe Id="NFe64055158476724700742798986974041522689368423" versao="4.00">
            <ide>
                <cUF>35</cUF>
                <cNF>98923355</cNF>
                <natOp>Compra de Mercadoria</natOp>
                <mod>55</mod>
                <serie>1</serie>
                <nNF>000069</nNF>
                <dhEmi>2025-10-31T13:11:06-03:00</dhEmi>
                <tpNF>0</tpNF>
                <idDest>1</idDest>
                <cMunFG>3550308</cMunFG>
                <tpImp>1</tpImp>
                <tpEmis>1</tpEmis>
                <cDV>8</cDV>
                <tpAmb>1</tpAmb>
                <finNFe>1</finNFe>
                <indFinal>1</indFinal>
                <indPres>1</indPres>
                <procEmi>0</procEmi>
                <verProc>NF-E SIMULADA</verProc>
            </ide>
            <emit>
                <CNPJ>04.913.852/0001-20</CNPJ>
                <xNome>FERREIRA</xNome>
            </emit>
            <dest>
                <CNPJ>20.584.163/0001-76</CNPJ>
                <xNome>MARIANA PACHECO</xNome>
            </dest>
            
    <det nItem="1">
        <prod>
            <cProd>7491741761504510</cProd>
            <xProd>VERO</xProd>
            <NCM>01012100</NCM>
            <CFOP>5101</CFOP>
            <uCom>UN</uCom>
            <qCom>65.322</qCom>
            <vUnCom>282.94</vUnCom>
            <vProd>18482.21</vProd>
            <rastro>
                <nLote>2183543</nLote>
                <qLote>65.322</qLote>
                <dFab>2025-08-10</dFab>
                <dVal>2026-06-04</dVal>
            </rastro>
        </prod>
        <imposto>
            <ICMS>
                <ICMS00>
                    <orig>0</orig>
                    <CST>00</CST>
                    <pICMS>18.00</pICMS>
                    <vICMS>3326.8</vICMS>
                </ICMS00>
            </ICMS>
        </imposto>
    </det>
    
    <det nItem="2">
        <prod>
            <cProd>3694626546615420</cProd>
            <xProd>ACCUSANTIUM</xProd>
            <NCM>01012100</NCM>
            <CFOP>5101</CFOP>
            <uCom>UN</uCom>
            <qCom>90.762</qCom>
            <vUnCom>556.03</vUnCom>
            <vProd>50466.39</vProd>
            <rastro>
                <nLote>4212549</nLote>
                <qLote>90.762</qLote>
                <dFab>2025-08-24</dFab>
                <dVal>2026-07-30</dVal>
            </rastro>
        </prod>
        <imposto>
            <ICMS>
                <ICMS00>
                    <orig>0</orig>
                    <CST>00</CST>
                    <pICMS>18.00</pICMS>
                    <vICMS>9083.95</vICMS>
                </ICMS00>
            </ICMS>
        </imposto>
    </det>
    
            <total>
                <ICMSTot>
                    <vProd>68948.6</vProd>
                    <vICMS>12410.75</vICMS>
                    <vNF>68948.6</vNF>
                </ICMSTot>
            </total>
        </infNFe>
    </NFe>
</nfeProc>
