<?xml version="1.0" encoding="UTF-8"?>
<nfeProc xmlns="http://www.portalfiscal.inf.br/nfe" versao="4.00">
    <NFe xmlns="http://www.portalfiscal.inf.br/nfe">
        <infNFe Id="NFe44964549444502155541254826513670806530784402" versao="4.00">
            <ide>
                <cUF>35</cUF>
                <cNF>47339758</cNF>
                <natOp>Venda de Mercadoria</natOp>
                <mod>55</mod>
                <serie>1</serie>
                <nNF>000458</nNF>
                <dhEmi>2025-10-31T13:11:06-03:00</dhEmi>
                <tpNF>1</tpNF>
                <idDest>1</idDest>
                <cMunFG>3550308</cMunFG>
                <tpImp>1</tpImp>
                <tpEmis>1</tpEmis>
                <cDV>6</cDV>
                <tpAmb>1</tpAmb>
                <finNFe>1</finNFe>
                <indFinal>1</indFinal>
                <indPres>1</indPres>
                <procEmi>0</procEmi>
                <verProc>NF-E SIMULADA</verProc>
            </ide>
            <emit>
                <CNPJ>86.210.459/0001-35</CNPJ>
                <xNome>COSTA MARTINS S.A.</xNome>
            </emit>
            <dest>
                <CNPJ>14.853.067/0001-83</CNPJ>
                <xNome>LORENA LEÃO</xNome>
            </dest>
            
    <det nItem="1">
        <prod>
            <cProd>2195697340000502</cProd>
            <xProd>EA</xProd>
            <NCM>01012100</NCM>
            <CFOP>5101</CFOP>
            <uCom>UN</uCom>
            <qCom>41.702</qCom>
            <vUnCom>22.31</vUnCom>
            <vProd>930.37</vProd>
            <rastro>
                <nLote>7508846</nLote>
                <qLote>41.702</qLote>
                <dFab>2025-10-06</dFab>
                <dVal>2026-02-02</dVal>
            </rastro>
        </prod>
        <imposto>
            <ICMS>
                <ICMS00>
                    <orig>0</orig>
                    <CST>00</CST>
                    <pICMS>18.00</pICMS>
                    <vICMS>167.47</vICMS>
                </ICMS00>
            </ICMS>
        </imposto>
    </det>
    
            <total>
                <ICMSTot>
                    <vProd>930.37</vProd>
                    <vICMS>167.47</vICMS>
                    <vNF>930.37</vNF>
                </ICMSTot>
            </total>
        </infNFe>
    </NFe>
</nfeProc>
