<?xml version="1.0" encoding="UTF-8"?>
<nfeProc xmlns="http://www.portalfiscal.inf.br/nfe" versao="4.00">
    <NFe xmlns="http://www.portalfiscal.inf.br/nfe">
        <infNFe Id="NFe59482581310294723685361891033758662128306863" versao="4.00">
            <ide>
                <cUF>35</cUF>
                <cNF>86425461</cNF>
                <natOp>Compra de Mercadoria</natOp>
                <mod>55</mod>
                <serie>1</serie>
                <nNF>000334</nNF>
                <dhEmi>2025-10-31T13:11:06-03:00</dhEmi>
                <tpNF>0</tpNF>
                <idDest>1</idDest>
                <cMunFG>3550308</cMunFG>
                <tpImp>1</tpImp>
                <tpEmis>1</tpEmis>
                <cDV>1</cDV>
                <tpAmb>1</tpAmb>
                <finNFe>1</finNFe>
                <indFinal>1</indFinal>
                <indPres>1</indPres>
                <procEmi>0</procEmi>
                <verProc>NF-E SIMULADA</verProc>
            </ide>
            <emit>
                <CNPJ>18.743.560/0001-00</CNPJ>
                <xNome>CASA GRANDE</xNome>
            </emit>
            <dest>
                <CNPJ>17.834.965/0001-82</CNPJ>
                <xNome>SR. LUAN GARCIA</xNome>
            </dest>
            
    <det nItem="1">
        <prod>
            <cProd>9411692586484895</cProd>
            <xProd>DELENITI</xProd>
            <NCM>01012100</NCM>
            <CFOP>5101</CFOP>
            <uCom>UN</uCom>
            <qCom>70.832</qCom>
            <vUnCom>143.28</vUnCom>
            <vProd>10148.81</vProd>
            <rastro>
                <nLote>9733156</nLote>
                <qLote>70.832</qLote>
                <dFab>2025-09-08</dFab>
                <dVal>2026-02-16</dVal>
            </rastro>
        </prod>
        <imposto>
            <ICMS>
                <ICMS00>
                    <orig>0</orig>
                    <CST>00</CST>
                    <pICMS>18.00</pICMS>
                    <vICMS>1826.79</vICMS>
                </ICMS00>
            </ICMS>
        </imposto>
    </det>
    
    <det nItem="2">
        <prod>
            <cProd>1937124715183826</cProd>
            <xProd>TOTAM</xProd>
            <NCM>01012100</NCM>
            <CFOP>5101</CFOP>
            <uCom>UN</uCom>
            <qCom>39.188</qCom>
            <vUnCom>952.07</vUnCom>
            <vProd>37309.72</vProd>
            <rastro>
                <nLote>4245926</nLote>
                <qLote>39.188</qLote>
                <dFab>2025-09-11</dFab>
                <dVal>2026-09-22</dVal>
            </rastro>
        </prod>
        <imposto>
            <ICMS>
                <ICMS00>
                    <orig>0</orig>
                    <CST>00</CST>
                    <pICMS>18.00</pICMS>
                    <vICMS>6715.75</vICMS>
                </ICMS00>
            </ICMS>
        </imposto>
    </det>
    
    <det nItem="3">
        <prod>
            <cProd>3233719855419639</cProd>
            <xProd>FACILIS</xProd>
            <NCM>01012100</NCM>
            <CFOP>5101</CFOP>
            <uCom>UN</uCom>
            <qCom>96.33</qCom>
            <vUnCom>343.41</vUnCom>
            <vProd>33080.69</vProd>
            <rastro>
                <nLote>8107174</nLote>
                <qLote>96.33</qLote>
                <dFab>2025-08-28</dFab>
                <dVal>2026-04-27</dVal>
            </rastro>
        </prod>
        <imposto>
            <ICMS>
                <ICMS00>
                    <orig>0</orig>
                    <CST>00</CST>
                    <pICMS>18.00</pICMS>
                    <vICMS>5954.52</vICMS>
                </ICMS00>
            </ICMS>
        </imposto>
    </det>
    
    <det nItem="4">
        <prod>
            <cProd>8621059720379653</cProd>
            <xProd>AMET</xProd>
            <NCM>01012100</NCM>
            <CFOP>5101</CFOP>
            <uCom>UN</uCom>
            <qCom>17.216</qCom>
            <vUnCom>195.92</vUnCom>
            <vProd>3372.96</vProd>
            <rastro>
                <nLote>2026176</nLote>
                <qLote>17.216</qLote>
                <dFab>2025-10-16</dFab>
                <dVal>2026-08-13</dVal>
            </rastro>
        </prod>
        <imposto>
            <ICMS>
                <ICMS00>
                    <orig>0</orig>
                    <CST>00</CST>
                    <pICMS>18.00</pICMS>
                    <vICMS>607.13</vICMS>
                </ICMS00>
            </ICMS>
        </imposto>
    </det>
    
    <det nItem="5">
        <prod>
            <cProd>9754549677840078</cProd>
            <xProd>NATUS</xProd>
            <NCM>01012100</NCM>
            <CFOP>5101</CFOP>
            <uCom>UN</uCom>
            <qCom>58.213</qCom>
            <vUnCom>770.78</vUnCom>
            <vProd>44869.42</vProd>
            <rastro>
                <nLote>8540951</nLote>
                <qLote>58.213</qLote>
                <dFab>2025-10-16</dFab>
                <dVal>2026-06-30</dVal>
            </rastro>
        </prod>
        <imposto>
            <ICMS>
                <ICMS00>
                    <orig>0</orig>
                    <CST>00</CST>
                    <pICMS>18.00</pICMS>
                    <vICMS>8076.5</vICMS>
                </ICMS00>
            </ICMS>
        </imposto>
    </det>
    
            <total>
                <ICMSTot>
                    <vProd>128781.6</vProd>
                    <vICMS>23180.69</vICMS>
                    <vNF>128781.6</vNF>
                </ICMSTot>
            </total>
        </infNFe>
    </NFe>
</nfeProc>
