<?xml version="1.0" encoding="UTF-8"?>
<nfeProc xmlns="http://www.portalfiscal.inf.br/nfe" versao="4.00">
    <NFe xmlns="http://www.portalfiscal.inf.br/nfe">
        <infNFe Id="NFe58115745479718296285564626797774077064583552" versao="4.00">
            <ide>
                <cUF>35</cUF>
                <cNF>49244606</cNF>
                <natOp>Compra de Mercadoria</natOp>
                <mod>55</mod>
                <serie>1</serie>
                <nNF>000244</nNF>
                <dhEmi>2025-10-31T13:11:06-03:00</dhEmi>
                <tpNF>0</tpNF>
                <idDest>1</idDest>
                <cMunFG>3550308</cMunFG>
                <tpImp>1</tpImp>
                <tpEmis>1</tpEmis>
                <cDV>8</cDV>
                <tpAmb>1</tpAmb>
                <finNFe>1</finNFe>
                <indFinal>1</indFinal>
                <indPres>1</indPres>
                <procEmi>0</procEmi>
                <verProc>NF-E SIMULADA</verProc>
            </ide>
            <emit>
                <CNPJ>60.418.297/0001-31</CNPJ>
                <xNome>APARECIDA MELO S/A</xNome>
            </emit>
            <dest>
                <CNPJ>10.567.392/0001-29</CNPJ>
                <xNome>LAÍS NOVAIS</xNome>
            </dest>
            
    <det nItem="1">
        <prod>
            <cProd>4020424105620024</cProd>
            <xProd>UT</xProd>
            <NCM>01012100</NCM>
            <CFOP>5101</CFOP>
            <uCom>UN</uCom>
            <qCom>64.347</qCom>
            <vUnCom>988.24</vUnCom>
            <vProd>63590.28</vProd>
            <rastro>
                <nLote>1014341</nLote>
                <qLote>64.347</qLote>
                <dFab>2025-07-30</dFab>
                <dVal>2026-10-18</dVal>
            </rastro>
        </prod>
        <imposto>
            <ICMS>
                <ICMS00>
                    <orig>0</orig>
                    <CST>00</CST>
                    <pICMS>18.00</pICMS>
                    <vICMS>11446.25</vICMS>
                </ICMS00>
            </ICMS>
        </imposto>
    </det>
    
            <total>
                <ICMSTot>
                    <vProd>63590.28</vProd>
                    <vICMS>11446.25</vICMS>
                    <vNF>63590.28</vNF>
                </ICMSTot>
            </total>
        </infNFe>
    </NFe>
</nfeProc>
