<?xml version="1.0" encoding="UTF-8"?>
<nfeProc xmlns="http://www.portalfiscal.inf.br/nfe" versao="4.00">
    <NFe xmlns="http://www.portalfiscal.inf.br/nfe">
        <infNFe Id="NFe40749361894748595332493987883989710020616423" versao="4.00">
            <ide>
                <cUF>35</cUF>
                <cNF>26788266</cNF>
                <natOp>Compra de Mercadoria</natOp>
                <mod>55</mod>
                <serie>1</serie>
                <nNF>000262</nNF>
                <dhEmi>2025-10-31T13:11:06-03:00</dhEmi>
                <tpNF>0</tpNF>
                <idDest>1</idDest>
                <cMunFG>3550308</cMunFG>
                <tpImp>1</tpImp>
                <tpEmis>1</tpEmis>
                <cDV>2</cDV>
                <tpAmb>1</tpAmb>
                <finNFe>1</finNFe>
                <indFinal>1</indFinal>
                <indPres>1</indPres>
                <procEmi>0</procEmi>
                <verProc>NF-E SIMULADA</verProc>
            </ide>
            <emit>
                <CNPJ>74.120.356/0001-03</CNPJ>
                <xNome>CARVALHO</xNome>
            </emit>
            <dest>
                <CNPJ>48.769.231/0001-90</CNPJ>
                <xNome>DR. THIAGO ALBUQUERQUE</xNome>
            </dest>
            
    <det nItem="1">
        <prod>
            <cProd>9171066015324317</cProd>
            <xProd>LABORUM</xProd>
            <NCM>01012100</NCM>
            <CFOP>5101</CFOP>
            <uCom>UN</uCom>
            <qCom>34.481</qCom>
            <vUnCom>904.26</vUnCom>
            <vProd>31179.79</vProd>
            <rastro>
                <nLote>5087520</nLote>
                <qLote>34.481</qLote>
                <dFab>2025-10-11</dFab>
                <dVal>2026-05-18</dVal>
            </rastro>
        </prod>
        <imposto>
            <ICMS>
                <ICMS00>
                    <orig>0</orig>
                    <CST>00</CST>
                    <pICMS>18.00</pICMS>
                    <vICMS>5612.36</vICMS>
                </ICMS00>
            </ICMS>
        </imposto>
    </det>
    
    <det nItem="2">
        <prod>
            <cProd>3826754030063371</cProd>
            <xProd>ITAQUE</xProd>
            <NCM>01012100</NCM>
            <CFOP>5101</CFOP>
            <uCom>UN</uCom>
            <qCom>19.115</qCom>
            <vUnCom>785.42</vUnCom>
            <vProd>15013.3</vProd>
            <rastro>
                <nLote>7764747</nLote>
                <qLote>19.115</qLote>
                <dFab>2025-10-23</dFab>
                <dVal>2026-01-05</dVal>
            </rastro>
        </prod>
        <imposto>
            <ICMS>
                <ICMS00>
                    <orig>0</orig>
                    <CST>00</CST>
                    <pICMS>18.00</pICMS>
                    <vICMS>2702.39</vICMS>
                </ICMS00>
            </ICMS>
        </imposto>
    </det>
    
    <det nItem="3">
        <prod>
            <cProd>5589349997824738</cProd>
            <xProd>MOLESTIAE</xProd>
            <NCM>01012100</NCM>
            <CFOP>5101</CFOP>
            <uCom>UN</uCom>
            <qCom>18.269</qCom>
            <vUnCom>806.85</vUnCom>
            <vProd>14740.34</vProd>
            <rastro>
                <nLote>4742732</nLote>
                <qLote>18.269</qLote>
                <dFab>2025-10-07</dFab>
                <dVal>2026-07-05</dVal>
            </rastro>
        </prod>
        <imposto>
            <ICMS>
                <ICMS00>
                    <orig>0</orig>
                    <CST>00</CST>
                    <pICMS>18.00</pICMS>
                    <vICMS>2653.26</vICMS>
                </ICMS00>
            </ICMS>
        </imposto>
    </det>
    
    <det nItem="4">
        <prod>
            <cProd>8084984360850023</cProd>
            <xProd>ESSE</xProd>
            <NCM>01012100</NCM>
            <CFOP>5101</CFOP>
            <uCom>UN</uCom>
            <qCom>79.692</qCom>
            <vUnCom>165.24</vUnCom>
            <vProd>13168.31</vProd>
            <rastro>
                <nLote>9905767</nLote>
                <qLote>79.692</qLote>
                <dFab>2025-10-06</dFab>
                <dVal>2026-05-14</dVal>
            </rastro>
        </prod>
        <imposto>
            <ICMS>
                <ICMS00>
                    <orig>0</orig>
                    <CST>00</CST>
                    <pICMS>18.00</pICMS>
                    <vICMS>2370.3</vICMS>
                </ICMS00>
            </ICMS>
        </imposto>
    </det>
    
    <det nItem="5">
        <prod>
            <cProd>2690166296416740</cProd>
            <xProd>BLANDITIIS</xProd>
            <NCM>01012100</NCM>
            <CFOP>5101</CFOP>
            <uCom>UN</uCom>
            <qCom>34.115</qCom>
            <vUnCom>273.15</vUnCom>
            <vProd>9318.51</vProd>
            <rastro>
                <nLote>3828139</nLote>
                <qLote>34.115</qLote>
                <dFab>2025-10-07</dFab>
                <dVal>2026-01-07</dVal>
            </rastro>
        </prod>
        <imposto>
            <ICMS>
                <ICMS00>
                    <orig>0</orig>
                    <CST>00</CST>
                    <pICMS>18.00</pICMS>
                    <vICMS>1677.33</vICMS>
                </ICMS00>
            </ICMS>
        </imposto>
    </det>
    
            <total>
                <ICMSTot>
                    <vProd>83420.25</vProd>
                    <vICMS>15015.64</vICMS>
                    <vNF>83420.25</vNF>
                </ICMSTot>
            </total>
        </infNFe>
    </NFe>
</nfeProc>
