<?xml version="1.0" encoding="UTF-8"?>
<nfeProc xmlns="http://www.portalfiscal.inf.br/nfe" versao="4.00">
    <NFe xmlns="http://www.portalfiscal.inf.br/nfe">
        <infNFe Id="NFe44090360253674120410797221884884077052104074" versao="4.00">
            <ide>
                <cUF>35</cUF>
                <cNF>14088049</cNF>
                <natOp>Venda de Mercadoria</natOp>
                <mod>55</mod>
                <serie>1</serie>
                <nNF>000277</nNF>
                <dhEmi>2025-10-31T13:11:06-03:00</dhEmi>
                <tpNF>1</tpNF>
                <idDest>1</idDest>
                <cMunFG>3550308</cMunFG>
                <tpImp>1</tpImp>
                <tpEmis>1</tpEmis>
                <cDV>3</cDV>
                <tpAmb>1</tpAmb>
                <finNFe>1</finNFe>
                <indFinal>1</indFinal>
                <indPres>1</indPres>
                <procEmi>0</procEmi>
                <verProc>NF-E SIMULADA</verProc>
            </ide>
            <emit>
                <CNPJ>48.907.362/0001-97</CNPJ>
                <xNome>ARAÚJO S/A</xNome>
            </emit>
            <dest>
                <CNPJ>61.804.279/0001-50</CNPJ>
                <xNome>DR. ENRICO TEIXEIRA</xNome>
            </dest>
            
    <det nItem="1">
        <prod>
            <cProd>3498610762386264</cProd>
            <xProd>IURE</xProd>
            <NCM>01012100</NCM>
            <CFOP>5101</CFOP>
            <uCom>UN</uCom>
            <qCom>32.152</qCom>
            <vUnCom>475.15</vUnCom>
            <vProd>15277.02</vProd>
            <rastro>
                <nLote>2961078</nLote>
                <qLote>32.152</qLote>
                <dFab>2025-09-19</dFab>
                <dVal>2025-12-11</dVal>
            </rastro>
        </prod>
        <imposto>
            <ICMS>
                <ICMS00>
                    <orig>0</orig>
                    <CST>00</CST>
                    <pICMS>18.00</pICMS>
                    <vICMS>2749.86</vICMS>
                </ICMS00>
            </ICMS>
        </imposto>
    </det>
    
            <total>
                <ICMSTot>
                    <vProd>15277.02</vProd>
                    <vICMS>2749.86</vICMS>
                    <vNF>15277.02</vNF>
                </ICMSTot>
            </total>
        </infNFe>
    </NFe>
</nfeProc>
