<?xml version="1.0" encoding="UTF-8"?>
<nfeProc xmlns="http://www.portalfiscal.inf.br/nfe" versao="4.00">
    <NFe xmlns="http://www.portalfiscal.inf.br/nfe">
        <infNFe Id="NFe49434570573519702875053902056272049092433923" versao="4.00">
            <ide>
                <cUF>35</cUF>
                <cNF>12834288</cNF>
                <natOp>Venda de Mercadoria</natOp>
                <mod>55</mod>
                <serie>1</serie>
                <nNF>000148</nNF>
                <dhEmi>2025-10-31T13:11:06-03:00</dhEmi>
                <tpNF>1</tpNF>
                <idDest>1</idDest>
                <cMunFG>3550308</cMunFG>
                <tpImp>1</tpImp>
                <tpEmis>1</tpEmis>
                <cDV>5</cDV>
                <tpAmb>1</tpAmb>
                <finNFe>1</finNFe>
                <indFinal>1</indFinal>
                <indPres>1</indPres>
                <procEmi>0</procEmi>
                <verProc>NF-E SIMULADA</verProc>
            </ide>
            <emit>
                <CNPJ>82.045.963/0001-76</CNPJ>
                <xNome>MOREIRA TEIXEIRA S/A</xNome>
            </emit>
            <dest>
                <CNPJ>91.584.763/0001-82</CNPJ>
                <xNome>DR. JOÃO FREITAS</xNome>
            </dest>
            
    <det nItem="1">
        <prod>
            <cProd>5172014213361211</cProd>
            <xProd>VELIT</xProd>
            <NCM>01012100</NCM>
            <CFOP>5101</CFOP>
            <uCom>UN</uCom>
            <qCom>6.586</qCom>
            <vUnCom>422.38</vUnCom>
            <vProd>2781.79</vProd>
            <rastro>
                <nLote>5148766</nLote>
                <qLote>6.586</qLote>
                <dFab>2025-08-23</dFab>
                <dVal>2026-03-23</dVal>
            </rastro>
        </prod>
        <imposto>
            <ICMS>
                <ICMS00>
                    <orig>0</orig>
                    <CST>00</CST>
                    <pICMS>18.00</pICMS>
                    <vICMS>500.72</vICMS>
                </ICMS00>
            </ICMS>
        </imposto>
    </det>
    
    <det nItem="2">
        <prod>
            <cProd>3962439148313204</cProd>
            <xProd>LABORIOSAM</xProd>
            <NCM>01012100</NCM>
            <CFOP>5101</CFOP>
            <uCom>UN</uCom>
            <qCom>55.093</qCom>
            <vUnCom>771.67</vUnCom>
            <vProd>42513.62</vProd>
            <rastro>
                <nLote>8841805</nLote>
                <qLote>55.093</qLote>
                <dFab>2025-07-28</dFab>
                <dVal>2026-01-12</dVal>
            </rastro>
        </prod>
        <imposto>
            <ICMS>
                <ICMS00>
                    <orig>0</orig>
                    <CST>00</CST>
                    <pICMS>18.00</pICMS>
                    <vICMS>7652.45</vICMS>
                </ICMS00>
            </ICMS>
        </imposto>
    </det>
    
            <total>
                <ICMSTot>
                    <vProd>45295.41</vProd>
                    <vICMS>8153.17</vICMS>
                    <vNF>45295.41</vNF>
                </ICMSTot>
            </total>
        </infNFe>
    </NFe>
</nfeProc>
