<?xml version="1.0" encoding="UTF-8"?>
<nfeProc xmlns="http://www.portalfiscal.inf.br/nfe" versao="4.00">
    <NFe xmlns="http://www.portalfiscal.inf.br/nfe">
        <infNFe Id="NFe61773845151112530193533074996784267543981370" versao="4.00">
            <ide>
                <cUF>35</cUF>
                <cNF>99137906</cNF>
                <natOp>Compra de Mercadoria</natOp>
                <mod>55</mod>
                <serie>1</serie>
                <nNF>000386</nNF>
                <dhEmi>2025-10-31T13:11:06-03:00</dhEmi>
                <tpNF>0</tpNF>
                <idDest>1</idDest>
                <cMunFG>3550308</cMunFG>
                <tpImp>1</tpImp>
                <tpEmis>1</tpEmis>
                <cDV>2</cDV>
                <tpAmb>1</tpAmb>
                <finNFe>1</finNFe>
                <indFinal>1</indFinal>
                <indPres>1</indPres>
                <procEmi>0</procEmi>
                <verProc>NF-E SIMULADA</verProc>
            </ide>
            <emit>
                <CNPJ>76.820.359/0001-77</CNPJ>
                <xNome>DAS NEVES FONSECA - ME</xNome>
            </emit>
            <dest>
                <CNPJ>96.821.307/0001-22</CNPJ>
                <xNome>AYLLA CASSIANO</xNome>
            </dest>
            
    <det nItem="1">
        <prod>
            <cProd>7537682335634238</cProd>
            <xProd>APERIAM</xProd>
            <NCM>01012100</NCM>
            <CFOP>5101</CFOP>
            <uCom>UN</uCom>
            <qCom>81.847</qCom>
            <vUnCom>731.32</vUnCom>
            <vProd>59856.35</vProd>
            <rastro>
                <nLote>7092297</nLote>
                <qLote>81.847</qLote>
                <dFab>2025-08-11</dFab>
                <dVal>2026-02-13</dVal>
            </rastro>
        </prod>
        <imposto>
            <ICMS>
                <ICMS00>
                    <orig>0</orig>
                    <CST>00</CST>
                    <pICMS>18.00</pICMS>
                    <vICMS>10774.14</vICMS>
                </ICMS00>
            </ICMS>
        </imposto>
    </det>
    
    <det nItem="2">
        <prod>
            <cProd>3958549571751631</cProd>
            <xProd>EST</xProd>
            <NCM>01012100</NCM>
            <CFOP>5101</CFOP>
            <uCom>UN</uCom>
            <qCom>68.473</qCom>
            <vUnCom>105.78</vUnCom>
            <vProd>7243.07</vProd>
            <rastro>
                <nLote>5026547</nLote>
                <qLote>68.473</qLote>
                <dFab>2025-09-21</dFab>
                <dVal>2026-06-16</dVal>
            </rastro>
        </prod>
        <imposto>
            <ICMS>
                <ICMS00>
                    <orig>0</orig>
                    <CST>00</CST>
                    <pICMS>18.00</pICMS>
                    <vICMS>1303.75</vICMS>
                </ICMS00>
            </ICMS>
        </imposto>
    </det>
    
    <det nItem="3">
        <prod>
            <cProd>4316129710569926</cProd>
            <xProd>ALIQUID</xProd>
            <NCM>01012100</NCM>
            <CFOP>5101</CFOP>
            <uCom>UN</uCom>
            <qCom>83.875</qCom>
            <vUnCom>701.28</vUnCom>
            <vProd>58819.86</vProd>
            <rastro>
                <nLote>6405086</nLote>
                <qLote>83.875</qLote>
                <dFab>2025-10-11</dFab>
                <dVal>2026-06-07</dVal>
            </rastro>
        </prod>
        <imposto>
            <ICMS>
                <ICMS00>
                    <orig>0</orig>
                    <CST>00</CST>
                    <pICMS>18.00</pICMS>
                    <vICMS>10587.57</vICMS>
                </ICMS00>
            </ICMS>
        </imposto>
    </det>
    
    <det nItem="4">
        <prod>
            <cProd>6170018991235493</cProd>
            <xProd>APERIAM</xProd>
            <NCM>01012100</NCM>
            <CFOP>5101</CFOP>
            <uCom>UN</uCom>
            <qCom>24.131</qCom>
            <vUnCom>77.37</vUnCom>
            <vProd>1867.02</vProd>
            <rastro>
                <nLote>4444185</nLote>
                <qLote>24.131</qLote>
                <dFab>2025-08-29</dFab>
                <dVal>2026-06-21</dVal>
            </rastro>
        </prod>
        <imposto>
            <ICMS>
                <ICMS00>
                    <orig>0</orig>
                    <CST>00</CST>
                    <pICMS>18.00</pICMS>
                    <vICMS>336.06</vICMS>
                </ICMS00>
            </ICMS>
        </imposto>
    </det>
    
    <det nItem="5">
        <prod>
            <cProd>9330777671297746</cProd>
            <xProd>QUIDEM</xProd>
            <NCM>01012100</NCM>
            <CFOP>5101</CFOP>
            <uCom>UN</uCom>
            <qCom>6.502</qCom>
            <vUnCom>679.38</vUnCom>
            <vProd>4417.33</vProd>
            <rastro>
                <nLote>7194299</nLote>
                <qLote>6.502</qLote>
                <dFab>2025-08-12</dFab>
                <dVal>2026-08-21</dVal>
            </rastro>
        </prod>
        <imposto>
            <ICMS>
                <ICMS00>
                    <orig>0</orig>
                    <CST>00</CST>
                    <pICMS>18.00</pICMS>
                    <vICMS>795.12</vICMS>
                </ICMS00>
            </ICMS>
        </imposto>
    </det>
    
            <total>
                <ICMSTot>
                    <vProd>132203.63</vProd>
                    <vICMS>23796.65</vICMS>
                    <vNF>132203.63</vNF>
                </ICMSTot>
            </total>
        </infNFe>
    </NFe>
</nfeProc>
