<?xml version="1.0" encoding="UTF-8"?>
<nfeProc xmlns="http://www.portalfiscal.inf.br/nfe" versao="4.00">
    <NFe xmlns="http://www.portalfiscal.inf.br/nfe">
        <infNFe Id="NFe55889396867896477951027839050299865225526012" versao="4.00">
            <ide>
                <cUF>35</cUF>
                <cNF>92377571</cNF>
                <natOp>Compra de Mercadoria</natOp>
                <mod>55</mod>
                <serie>1</serie>
                <nNF>000080</nNF>
                <dhEmi>2025-10-31T13:11:06-03:00</dhEmi>
                <tpNF>0</tpNF>
                <idDest>1</idDest>
                <cMunFG>3550308</cMunFG>
                <tpImp>1</tpImp>
                <tpEmis>1</tpEmis>
                <cDV>8</cDV>
                <tpAmb>1</tpAmb>
                <finNFe>1</finNFe>
                <indFinal>1</indFinal>
                <indPres>1</indPres>
                <procEmi>0</procEmi>
                <verProc>NF-E SIMULADA</verProc>
            </ide>
            <emit>
                <CNPJ>82.516.479/0001-88</CNPJ>
                <xNome>ALBUQUERQUE</xNome>
            </emit>
            <dest>
                <CNPJ>82.346.017/0001-60</CNPJ>
                <xNome>SRTA. CECÍLIA PINTO</xNome>
            </dest>
            
    <det nItem="1">
        <prod>
            <cProd>2366321983168590</cProd>
            <xProd>MOLESTIAS</xProd>
            <NCM>01012100</NCM>
            <CFOP>5101</CFOP>
            <uCom>UN</uCom>
            <qCom>65.924</qCom>
            <vUnCom>971.02</vUnCom>
            <vProd>64013.52</vProd>
            <rastro>
                <nLote>9906720</nLote>
                <qLote>65.924</qLote>
                <dFab>2025-07-23</dFab>
                <dVal>2026-06-30</dVal>
            </rastro>
        </prod>
        <imposto>
            <ICMS>
                <ICMS00>
                    <orig>0</orig>
                    <CST>00</CST>
                    <pICMS>18.00</pICMS>
                    <vICMS>11522.43</vICMS>
                </ICMS00>
            </ICMS>
        </imposto>
    </det>
    
            <total>
                <ICMSTot>
                    <vProd>64013.52</vProd>
                    <vICMS>11522.43</vICMS>
                    <vNF>64013.52</vNF>
                </ICMSTot>
            </total>
        </infNFe>
    </NFe>
</nfeProc>
