<?xml version="1.0" encoding="UTF-8"?>
<nfeProc xmlns="http://www.portalfiscal.inf.br/nfe" versao="4.00">
    <NFe xmlns="http://www.portalfiscal.inf.br/nfe">
        <infNFe Id="NFe94531498868785934726101459443097448065701725" versao="4.00">
            <ide>
                <cUF>35</cUF>
                <cNF>35912969</cNF>
                <natOp>Venda de Mercadoria</natOp>
                <mod>55</mod>
                <serie>1</serie>
                <nNF>000280</nNF>
                <dhEmi>2025-10-31T13:11:06-03:00</dhEmi>
                <tpNF>1</tpNF>
                <idDest>1</idDest>
                <cMunFG>3550308</cMunFG>
                <tpImp>1</tpImp>
                <tpEmis>1</tpEmis>
                <cDV>1</cDV>
                <tpAmb>1</tpAmb>
                <finNFe>1</finNFe>
                <indFinal>1</indFinal>
                <indPres>1</indPres>
                <procEmi>0</procEmi>
                <verProc>NF-E SIMULADA</verProc>
            </ide>
            <emit>
                <CNPJ>69.405.283/0001-58</CNPJ>
                <xNome>MOREIRA</xNome>
            </emit>
            <dest>
                <CNPJ>87.639.425/0001-23</CNPJ>
                <xNome>LUIZ FELIPE CARVALHO</xNome>
            </dest>
            
    <det nItem="1">
        <prod>
            <cProd>9010647103992103</cProd>
            <xProd>ET</xProd>
            <NCM>01012100</NCM>
            <CFOP>5101</CFOP>
            <uCom>UN</uCom>
            <qCom>32.986</qCom>
            <vUnCom>717.28</vUnCom>
            <vProd>23660.2</vProd>
            <rastro>
                <nLote>7331765</nLote>
                <qLote>32.986</qLote>
                <dFab>2025-10-22</dFab>
                <dVal>2026-04-30</dVal>
            </rastro>
        </prod>
        <imposto>
            <ICMS>
                <ICMS00>
                    <orig>0</orig>
                    <CST>00</CST>
                    <pICMS>18.00</pICMS>
                    <vICMS>4258.84</vICMS>
                </ICMS00>
            </ICMS>
        </imposto>
    </det>
    
            <total>
                <ICMSTot>
                    <vProd>23660.2</vProd>
                    <vICMS>4258.84</vICMS>
                    <vNF>23660.2</vNF>
                </ICMSTot>
            </total>
        </infNFe>
    </NFe>
</nfeProc>
