<?xml version="1.0" encoding="UTF-8"?>
<nfeProc xmlns="http://www.portalfiscal.inf.br/nfe" versao="4.00">
    <NFe xmlns="http://www.portalfiscal.inf.br/nfe">
        <infNFe Id="NFe56621126430217104816805428544068053310281977" versao="4.00">
            <ide>
                <cUF>35</cUF>
                <cNF>38782215</cNF>
                <natOp>Venda de Mercadoria</natOp>
                <mod>55</mod>
                <serie>1</serie>
                <nNF>000172</nNF>
                <dhEmi>2025-10-31T13:11:06-03:00</dhEmi>
                <tpNF>1</tpNF>
                <idDest>1</idDest>
                <cMunFG>3550308</cMunFG>
                <tpImp>1</tpImp>
                <tpEmis>1</tpEmis>
                <cDV>7</cDV>
                <tpAmb>1</tpAmb>
                <finNFe>1</finNFe>
                <indFinal>1</indFinal>
                <indPres>1</indPres>
                <procEmi>0</procEmi>
                <verProc>NF-E SIMULADA</verProc>
            </ide>
            <emit>
                <CNPJ>94.128.307/0001-16</CNPJ>
                <xNome>DUARTE</xNome>
            </emit>
            <dest>
                <CNPJ>98.047.236/0001-88</CNPJ>
                <xNome>LORENA CAMARGO</xNome>
            </dest>
            
    <det nItem="1">
        <prod>
            <cProd>4905070633570418</cProd>
            <xProd>CUMQUE</xProd>
            <NCM>01012100</NCM>
            <CFOP>5101</CFOP>
            <uCom>UN</uCom>
            <qCom>82.607</qCom>
            <vUnCom>99.93</vUnCom>
            <vProd>8254.92</vProd>
            <rastro>
                <nLote>8075575</nLote>
                <qLote>82.607</qLote>
                <dFab>2025-09-14</dFab>
                <dVal>2026-09-05</dVal>
            </rastro>
        </prod>
        <imposto>
            <ICMS>
                <ICMS00>
                    <orig>0</orig>
                    <CST>00</CST>
                    <pICMS>18.00</pICMS>
                    <vICMS>1485.89</vICMS>
                </ICMS00>
            </ICMS>
        </imposto>
    </det>
    
    <det nItem="2">
        <prod>
            <cProd>6660436257115596</cProd>
            <xProd>QUASI</xProd>
            <NCM>01012100</NCM>
            <CFOP>5101</CFOP>
            <uCom>UN</uCom>
            <qCom>91.093</qCom>
            <vUnCom>494.74</vUnCom>
            <vProd>45067.35</vProd>
            <rastro>
                <nLote>6663724</nLote>
                <qLote>91.093</qLote>
                <dFab>2025-09-18</dFab>
                <dVal>2026-02-10</dVal>
            </rastro>
        </prod>
        <imposto>
            <ICMS>
                <ICMS00>
                    <orig>0</orig>
                    <CST>00</CST>
                    <pICMS>18.00</pICMS>
                    <vICMS>8112.12</vICMS>
                </ICMS00>
            </ICMS>
        </imposto>
    </det>
    
            <total>
                <ICMSTot>
                    <vProd>53322.27</vProd>
                    <vICMS>9598.01</vICMS>
                    <vNF>53322.27</vNF>
                </ICMSTot>
            </total>
        </infNFe>
    </NFe>
</nfeProc>
