<?xml version="1.0" encoding="UTF-8"?>
<nfeProc xmlns="http://www.portalfiscal.inf.br/nfe" versao="4.00">
    <NFe xmlns="http://www.portalfiscal.inf.br/nfe">
        <infNFe Id="NFe27777252957361522994938746783604396217838843" versao="4.00">
            <ide>
                <cUF>35</cUF>
                <cNF>29086337</cNF>
                <natOp>Compra de Mercadoria</natOp>
                <mod>55</mod>
                <serie>1</serie>
                <nNF>000038</nNF>
                <dhEmi>2025-10-31T13:11:06-03:00</dhEmi>
                <tpNF>0</tpNF>
                <idDest>1</idDest>
                <cMunFG>3550308</cMunFG>
                <tpImp>1</tpImp>
                <tpEmis>1</tpEmis>
                <cDV>0</cDV>
                <tpAmb>1</tpAmb>
                <finNFe>1</finNFe>
                <indFinal>1</indFinal>
                <indPres>1</indPres>
                <procEmi>0</procEmi>
                <verProc>NF-E SIMULADA</verProc>
            </ide>
            <emit>
                <CNPJ>43.781.259/0001-20</CNPJ>
                <xNome>CASSIANO</xNome>
            </emit>
            <dest>
                <CNPJ>79.308.641/0001-68</CNPJ>
                <xNome>YASMIN PINTO</xNome>
            </dest>
            
    <det nItem="1">
        <prod>
            <cProd>5782569473895339</cProd>
            <xProd>AB</xProd>
            <NCM>01012100</NCM>
            <CFOP>5101</CFOP>
            <uCom>UN</uCom>
            <qCom>7.579</qCom>
            <vUnCom>329.49</vUnCom>
            <vProd>2497.2</vProd>
            <rastro>
                <nLote>2606081</nLote>
                <qLote>7.579</qLote>
                <dFab>2025-07-27</dFab>
                <dVal>2026-03-25</dVal>
            </rastro>
        </prod>
        <imposto>
            <ICMS>
                <ICMS00>
                    <orig>0</orig>
                    <CST>00</CST>
                    <pICMS>18.00</pICMS>
                    <vICMS>449.5</vICMS>
                </ICMS00>
            </ICMS>
        </imposto>
    </det>
    
            <total>
                <ICMSTot>
                    <vProd>2497.2</vProd>
                    <vICMS>449.5</vICMS>
                    <vNF>2497.2</vNF>
                </ICMSTot>
            </total>
        </infNFe>
    </NFe>
</nfeProc>
