<?xml version="1.0" encoding="UTF-8"?>
<nfeProc xmlns="http://www.portalfiscal.inf.br/nfe" versao="4.00">
    <NFe xmlns="http://www.portalfiscal.inf.br/nfe">
        <infNFe Id="NFe62968563614910408759874015667788721335405082" versao="4.00">
            <ide>
                <cUF>35</cUF>
                <cNF>79266617</cNF>
                <natOp>Compra de Mercadoria</natOp>
                <mod>55</mod>
                <serie>1</serie>
                <nNF>000236</nNF>
                <dhEmi>2025-10-31T13:11:06-03:00</dhEmi>
                <tpNF>0</tpNF>
                <idDest>1</idDest>
                <cMunFG>3550308</cMunFG>
                <tpImp>1</tpImp>
                <tpEmis>1</tpEmis>
                <cDV>5</cDV>
                <tpAmb>1</tpAmb>
                <finNFe>1</finNFe>
                <indFinal>1</indFinal>
                <indPres>1</indPres>
                <procEmi>0</procEmi>
                <verProc>NF-E SIMULADA</verProc>
            </ide>
            <emit>
                <CNPJ>45.279.803/0001-65</CNPJ>
                <xNome>DA COSTA</xNome>
            </emit>
            <dest>
                <CNPJ>13.240.975/0001-39</CNPJ>
                <xNome>DIOGO ROCHA</xNome>
            </dest>
            
    <det nItem="1">
        <prod>
            <cProd>1254205303853109</cProd>
            <xProd>INCIDUNT</xProd>
            <NCM>01012100</NCM>
            <CFOP>5101</CFOP>
            <uCom>UN</uCom>
            <qCom>49.19</qCom>
            <vUnCom>743.98</vUnCom>
            <vProd>36596.38</vProd>
            <rastro>
                <nLote>8531601</nLote>
                <qLote>49.19</qLote>
                <dFab>2025-08-30</dFab>
                <dVal>2026-07-11</dVal>
            </rastro>
        </prod>
        <imposto>
            <ICMS>
                <ICMS00>
                    <orig>0</orig>
                    <CST>00</CST>
                    <pICMS>18.00</pICMS>
                    <vICMS>6587.35</vICMS>
                </ICMS00>
            </ICMS>
        </imposto>
    </det>
    
    <det nItem="2">
        <prod>
            <cProd>4248092835678227</cProd>
            <xProd>QUISQUAM</xProd>
            <NCM>01012100</NCM>
            <CFOP>5101</CFOP>
            <uCom>UN</uCom>
            <qCom>6.469</qCom>
            <vUnCom>320.4</vUnCom>
            <vProd>2072.67</vProd>
            <rastro>
                <nLote>9484750</nLote>
                <qLote>6.469</qLote>
                <dFab>2025-10-15</dFab>
                <dVal>2026-08-16</dVal>
            </rastro>
        </prod>
        <imposto>
            <ICMS>
                <ICMS00>
                    <orig>0</orig>
                    <CST>00</CST>
                    <pICMS>18.00</pICMS>
                    <vICMS>373.08</vICMS>
                </ICMS00>
            </ICMS>
        </imposto>
    </det>
    
    <det nItem="3">
        <prod>
            <cProd>4063476847914055</cProd>
            <xProd>CONSEQUUNTUR</xProd>
            <NCM>01012100</NCM>
            <CFOP>5101</CFOP>
            <uCom>UN</uCom>
            <qCom>82.054</qCom>
            <vUnCom>835.55</vUnCom>
            <vProd>68560.22</vProd>
            <rastro>
                <nLote>4275408</nLote>
                <qLote>82.054</qLote>
                <dFab>2025-10-06</dFab>
                <dVal>2026-05-24</dVal>
            </rastro>
        </prod>
        <imposto>
            <ICMS>
                <ICMS00>
                    <orig>0</orig>
                    <CST>00</CST>
                    <pICMS>18.00</pICMS>
                    <vICMS>12340.84</vICMS>
                </ICMS00>
            </ICMS>
        </imposto>
    </det>
    
            <total>
                <ICMSTot>
                    <vProd>107229.27</vProd>
                    <vICMS>19301.27</vICMS>
                    <vNF>107229.27</vNF>
                </ICMSTot>
            </total>
        </infNFe>
    </NFe>
</nfeProc>
