<?xml version="1.0" encoding="UTF-8"?>
<nfeProc xmlns="http://www.portalfiscal.inf.br/nfe" versao="4.00">
    <NFe xmlns="http://www.portalfiscal.inf.br/nfe">
        <infNFe Id="NFe41711581520708489689628881852064230529148567" versao="4.00">
            <ide>
                <cUF>35</cUF>
                <cNF>27210546</cNF>
                <natOp>Venda de Mercadoria</natOp>
                <mod>55</mod>
                <serie>1</serie>
                <nNF>000314</nNF>
                <dhEmi>2025-10-31T13:11:06-03:00</dhEmi>
                <tpNF>1</tpNF>
                <idDest>1</idDest>
                <cMunFG>3550308</cMunFG>
                <tpImp>1</tpImp>
                <tpEmis>1</tpEmis>
                <cDV>6</cDV>
                <tpAmb>1</tpAmb>
                <finNFe>1</finNFe>
                <indFinal>1</indFinal>
                <indPres>1</indPres>
                <procEmi>0</procEmi>
                <verProc>NF-E SIMULADA</verProc>
            </ide>
            <emit>
                <CNPJ>58.096.247/0001-33</CNPJ>
                <xNome>PEIXOTO</xNome>
            </emit>
            <dest>
                <CNPJ>18.270.364/0001-57</CNPJ>
                <xNome>DRA. CECÍLIA MONTENEGRO</xNome>
            </dest>
            
    <det nItem="1">
        <prod>
            <cProd>2017087907904791</cProd>
            <xProd>AUT</xProd>
            <NCM>01012100</NCM>
            <CFOP>5101</CFOP>
            <uCom>UN</uCom>
            <qCom>91.624</qCom>
            <vUnCom>377.81</vUnCom>
            <vProd>34616.46</vProd>
            <rastro>
                <nLote>4043294</nLote>
                <qLote>91.624</qLote>
                <dFab>2025-10-14</dFab>
                <dVal>2026-04-05</dVal>
            </rastro>
        </prod>
        <imposto>
            <ICMS>
                <ICMS00>
                    <orig>0</orig>
                    <CST>00</CST>
                    <pICMS>18.00</pICMS>
                    <vICMS>6230.96</vICMS>
                </ICMS00>
            </ICMS>
        </imposto>
    </det>
    
            <total>
                <ICMSTot>
                    <vProd>34616.46</vProd>
                    <vICMS>6230.96</vICMS>
                    <vNF>34616.46</vNF>
                </ICMSTot>
            </total>
        </infNFe>
    </NFe>
</nfeProc>
