<?xml version="1.0" encoding="UTF-8"?>
<nfeProc xmlns="http://www.portalfiscal.inf.br/nfe" versao="4.00">
    <NFe xmlns="http://www.portalfiscal.inf.br/nfe">
        <infNFe Id="NFe33686386656158524194671481125437968943406428" versao="4.00">
            <ide>
                <cUF>35</cUF>
                <cNF>59930716</cNF>
                <natOp>Venda de Mercadoria</natOp>
                <mod>55</mod>
                <serie>1</serie>
                <nNF>000182</nNF>
                <dhEmi>2025-10-31T13:11:06-03:00</dhEmi>
                <tpNF>1</tpNF>
                <idDest>1</idDest>
                <cMunFG>3550308</cMunFG>
                <tpImp>1</tpImp>
                <tpEmis>1</tpEmis>
                <cDV>0</cDV>
                <tpAmb>1</tpAmb>
                <finNFe>1</finNFe>
                <indFinal>1</indFinal>
                <indPres>1</indPres>
                <procEmi>0</procEmi>
                <verProc>NF-E SIMULADA</verProc>
            </ide>
            <emit>
                <CNPJ>69.138.504/0001-79</CNPJ>
                <xNome>VIEIRA</xNome>
            </emit>
            <dest>
                <CNPJ>35.079.146/0001-59</CNPJ>
                <xNome>STELLA DA ROCHA</xNome>
            </dest>
            
    <det nItem="1">
        <prod>
            <cProd>3276647002803080</cProd>
            <xProd>PERFERENDIS</xProd>
            <NCM>01012100</NCM>
            <CFOP>5101</CFOP>
            <uCom>UN</uCom>
            <qCom>71.994</qCom>
            <vUnCom>762.58</vUnCom>
            <vProd>54901.18</vProd>
            <rastro>
                <nLote>8962092</nLote>
                <qLote>71.994</qLote>
                <dFab>2025-08-26</dFab>
                <dVal>2026-04-28</dVal>
            </rastro>
        </prod>
        <imposto>
            <ICMS>
                <ICMS00>
                    <orig>0</orig>
                    <CST>00</CST>
                    <pICMS>18.00</pICMS>
                    <vICMS>9882.21</vICMS>
                </ICMS00>
            </ICMS>
        </imposto>
    </det>
    
    <det nItem="2">
        <prod>
            <cProd>7742637616682543</cProd>
            <xProd>ITAQUE</xProd>
            <NCM>01012100</NCM>
            <CFOP>5101</CFOP>
            <uCom>UN</uCom>
            <qCom>4.141</qCom>
            <vUnCom>636.61</vUnCom>
            <vProd>2636.2</vProd>
            <rastro>
                <nLote>2946681</nLote>
                <qLote>4.141</qLote>
                <dFab>2025-10-04</dFab>
                <dVal>2025-12-24</dVal>
            </rastro>
        </prod>
        <imposto>
            <ICMS>
                <ICMS00>
                    <orig>0</orig>
                    <CST>00</CST>
                    <pICMS>18.00</pICMS>
                    <vICMS>474.52</vICMS>
                </ICMS00>
            </ICMS>
        </imposto>
    </det>
    
    <det nItem="3">
        <prod>
            <cProd>6297130555312069</cProd>
            <xProd>NIHIL</xProd>
            <NCM>01012100</NCM>
            <CFOP>5101</CFOP>
            <uCom>UN</uCom>
            <qCom>4.84</qCom>
            <vUnCom>709.07</vUnCom>
            <vProd>3431.9</vProd>
            <rastro>
                <nLote>4167029</nLote>
                <qLote>4.84</qLote>
                <dFab>2025-08-09</dFab>
                <dVal>2026-05-04</dVal>
            </rastro>
        </prod>
        <imposto>
            <ICMS>
                <ICMS00>
                    <orig>0</orig>
                    <CST>00</CST>
                    <pICMS>18.00</pICMS>
                    <vICMS>617.74</vICMS>
                </ICMS00>
            </ICMS>
        </imposto>
    </det>
    
    <det nItem="4">
        <prod>
            <cProd>7031488342608367</cProd>
            <xProd>QUIS</xProd>
            <NCM>01012100</NCM>
            <CFOP>5101</CFOP>
            <uCom>UN</uCom>
            <qCom>61.525</qCom>
            <vUnCom>218.41</vUnCom>
            <vProd>13437.68</vProd>
            <rastro>
                <nLote>3117424</nLote>
                <qLote>61.525</qLote>
                <dFab>2025-10-16</dFab>
                <dVal>2026-08-06</dVal>
            </rastro>
        </prod>
        <imposto>
            <ICMS>
                <ICMS00>
                    <orig>0</orig>
                    <CST>00</CST>
                    <pICMS>18.00</pICMS>
                    <vICMS>2418.78</vICMS>
                </ICMS00>
            </ICMS>
        </imposto>
    </det>
    
    <det nItem="5">
        <prod>
            <cProd>5879318491927769</cProd>
            <xProd>IPSUM</xProd>
            <NCM>01012100</NCM>
            <CFOP>5101</CFOP>
            <uCom>UN</uCom>
            <qCom>72.211</qCom>
            <vUnCom>403.21</vUnCom>
            <vProd>29116.2</vProd>
            <rastro>
                <nLote>8720420</nLote>
                <qLote>72.211</qLote>
                <dFab>2025-08-27</dFab>
                <dVal>2026-01-27</dVal>
            </rastro>
        </prod>
        <imposto>
            <ICMS>
                <ICMS00>
                    <orig>0</orig>
                    <CST>00</CST>
                    <pICMS>18.00</pICMS>
                    <vICMS>5240.92</vICMS>
                </ICMS00>
            </ICMS>
        </imposto>
    </det>
    
            <total>
                <ICMSTot>
                    <vProd>103523.16</vProd>
                    <vICMS>18634.17</vICMS>
                    <vNF>103523.16</vNF>
                </ICMSTot>
            </total>
        </infNFe>
    </NFe>
</nfeProc>
