<?xml version="1.0" encoding="UTF-8"?>
<nfeProc xmlns="http://www.portalfiscal.inf.br/nfe" versao="4.00">
    <NFe xmlns="http://www.portalfiscal.inf.br/nfe">
        <infNFe Id="NFe31644677079569394262891076216136595067536674" versao="4.00">
            <ide>
                <cUF>35</cUF>
                <cNF>66454556</cNF>
                <natOp>Compra de Mercadoria</natOp>
                <mod>55</mod>
                <serie>1</serie>
                <nNF>000259</nNF>
                <dhEmi>2025-10-31T13:11:06-03:00</dhEmi>
                <tpNF>0</tpNF>
                <idDest>1</idDest>
                <cMunFG>3550308</cMunFG>
                <tpImp>1</tpImp>
                <tpEmis>1</tpEmis>
                <cDV>3</cDV>
                <tpAmb>1</tpAmb>
                <finNFe>1</finNFe>
                <indFinal>1</indFinal>
                <indPres>1</indPres>
                <procEmi>0</procEmi>
                <verProc>NF-E SIMULADA</verProc>
            </ide>
            <emit>
                <CNPJ>72.085.136/0001-52</CNPJ>
                <xNome>MACHADO</xNome>
            </emit>
            <dest>
                <CNPJ>26.485.907/0001-81</CNPJ>
                <xNome>SABRINA SILVA</xNome>
            </dest>
            
    <det nItem="1">
        <prod>
            <cProd>8086399990001476</cProd>
            <xProd>VERITATIS</xProd>
            <NCM>01012100</NCM>
            <CFOP>5101</CFOP>
            <uCom>UN</uCom>
            <qCom>13.057</qCom>
            <vUnCom>934.89</vUnCom>
            <vProd>12206.86</vProd>
            <rastro>
                <nLote>6301441</nLote>
                <qLote>13.057</qLote>
                <dFab>2025-07-26</dFab>
                <dVal>2026-05-14</dVal>
            </rastro>
        </prod>
        <imposto>
            <ICMS>
                <ICMS00>
                    <orig>0</orig>
                    <CST>00</CST>
                    <pICMS>18.00</pICMS>
                    <vICMS>2197.23</vICMS>
                </ICMS00>
            </ICMS>
        </imposto>
    </det>
    
    <det nItem="2">
        <prod>
            <cProd>6969718365900459</cProd>
            <xProd>FUGA</xProd>
            <NCM>01012100</NCM>
            <CFOP>5101</CFOP>
            <uCom>UN</uCom>
            <qCom>49.007</qCom>
            <vUnCom>837.02</vUnCom>
            <vProd>41019.84</vProd>
            <rastro>
                <nLote>4724983</nLote>
                <qLote>49.007</qLote>
                <dFab>2025-10-13</dFab>
                <dVal>2026-08-20</dVal>
            </rastro>
        </prod>
        <imposto>
            <ICMS>
                <ICMS00>
                    <orig>0</orig>
                    <CST>00</CST>
                    <pICMS>18.00</pICMS>
                    <vICMS>7383.57</vICMS>
                </ICMS00>
            </ICMS>
        </imposto>
    </det>
    
    <det nItem="3">
        <prod>
            <cProd>9901804906931174</cProd>
            <xProd>LIBERO</xProd>
            <NCM>01012100</NCM>
            <CFOP>5101</CFOP>
            <uCom>UN</uCom>
            <qCom>89.84</qCom>
            <vUnCom>982.09</vUnCom>
            <vProd>88230.97</vProd>
            <rastro>
                <nLote>1832162</nLote>
                <qLote>89.84</qLote>
                <dFab>2025-10-22</dFab>
                <dVal>2026-06-08</dVal>
            </rastro>
        </prod>
        <imposto>
            <ICMS>
                <ICMS00>
                    <orig>0</orig>
                    <CST>00</CST>
                    <pICMS>18.00</pICMS>
                    <vICMS>15881.57</vICMS>
                </ICMS00>
            </ICMS>
        </imposto>
    </det>
    
    <det nItem="4">
        <prod>
            <cProd>3874143913198721</cProd>
            <xProd>DESERUNT</xProd>
            <NCM>01012100</NCM>
            <CFOP>5101</CFOP>
            <uCom>UN</uCom>
            <qCom>75.138</qCom>
            <vUnCom>810.94</vUnCom>
            <vProd>60932.41</vProd>
            <rastro>
                <nLote>5528717</nLote>
                <qLote>75.138</qLote>
                <dFab>2025-10-12</dFab>
                <dVal>2026-03-21</dVal>
            </rastro>
        </prod>
        <imposto>
            <ICMS>
                <ICMS00>
                    <orig>0</orig>
                    <CST>00</CST>
                    <pICMS>18.00</pICMS>
                    <vICMS>10967.83</vICMS>
                </ICMS00>
            </ICMS>
        </imposto>
    </det>
    
            <total>
                <ICMSTot>
                    <vProd>202390.08</vProd>
                    <vICMS>36430.21</vICMS>
                    <vNF>202390.08</vNF>
                </ICMSTot>
            </total>
        </infNFe>
    </NFe>
</nfeProc>
