<?xml version="1.0" encoding="UTF-8"?>
<nfeProc xmlns="http://www.portalfiscal.inf.br/nfe" versao="4.00">
    <NFe xmlns="http://www.portalfiscal.inf.br/nfe">
        <infNFe Id="NFe61714539487619049925667813374886847117397866" versao="4.00">
            <ide>
                <cUF>35</cUF>
                <cNF>20208895</cNF>
                <natOp>Venda de Mercadoria</natOp>
                <mod>55</mod>
                <serie>1</serie>
                <nNF>000141</nNF>
                <dhEmi>2025-10-31T13:11:06-03:00</dhEmi>
                <tpNF>1</tpNF>
                <idDest>1</idDest>
                <cMunFG>3550308</cMunFG>
                <tpImp>1</tpImp>
                <tpEmis>1</tpEmis>
                <cDV>7</cDV>
                <tpAmb>1</tpAmb>
                <finNFe>1</finNFe>
                <indFinal>1</indFinal>
                <indPres>1</indPres>
                <procEmi>0</procEmi>
                <verProc>NF-E SIMULADA</verProc>
            </ide>
            <emit>
                <CNPJ>51.982.467/0001-15</CNPJ>
                <xNome>PIMENTA</xNome>
            </emit>
            <dest>
                <CNPJ>60.134.285/0001-85</CNPJ>
                <xNome>JOSUÉ VARGAS</xNome>
            </dest>
            
    <det nItem="1">
        <prod>
            <cProd>4364040778593976</cProd>
            <xProd>DOLOREM</xProd>
            <NCM>01012100</NCM>
            <CFOP>5101</CFOP>
            <uCom>UN</uCom>
            <qCom>11.742</qCom>
            <vUnCom>372.81</vUnCom>
            <vProd>4377.54</vProd>
            <rastro>
                <nLote>9983482</nLote>
                <qLote>11.742</qLote>
                <dFab>2025-10-14</dFab>
                <dVal>2025-12-31</dVal>
            </rastro>
        </prod>
        <imposto>
            <ICMS>
                <ICMS00>
                    <orig>0</orig>
                    <CST>00</CST>
                    <pICMS>18.00</pICMS>
                    <vICMS>787.96</vICMS>
                </ICMS00>
            </ICMS>
        </imposto>
    </det>
    
    <det nItem="2">
        <prod>
            <cProd>2548338002842801</cProd>
            <xProd>DESERUNT</xProd>
            <NCM>01012100</NCM>
            <CFOP>5101</CFOP>
            <uCom>UN</uCom>
            <qCom>69.977</qCom>
            <vUnCom>996.66</vUnCom>
            <vProd>69743.28</vProd>
            <rastro>
                <nLote>9732699</nLote>
                <qLote>69.977</qLote>
                <dFab>2025-08-28</dFab>
                <dVal>2026-07-05</dVal>
            </rastro>
        </prod>
        <imposto>
            <ICMS>
                <ICMS00>
                    <orig>0</orig>
                    <CST>00</CST>
                    <pICMS>18.00</pICMS>
                    <vICMS>12553.79</vICMS>
                </ICMS00>
            </ICMS>
        </imposto>
    </det>
    
    <det nItem="3">
        <prod>
            <cProd>1665941541506563</cProd>
            <xProd>SEQUI</xProd>
            <NCM>01012100</NCM>
            <CFOP>5101</CFOP>
            <uCom>UN</uCom>
            <qCom>98.589</qCom>
            <vUnCom>719.2</vUnCom>
            <vProd>70905.21</vProd>
            <rastro>
                <nLote>3888025</nLote>
                <qLote>98.589</qLote>
                <dFab>2025-08-27</dFab>
                <dVal>2026-08-16</dVal>
            </rastro>
        </prod>
        <imposto>
            <ICMS>
                <ICMS00>
                    <orig>0</orig>
                    <CST>00</CST>
                    <pICMS>18.00</pICMS>
                    <vICMS>12762.94</vICMS>
                </ICMS00>
            </ICMS>
        </imposto>
    </det>
    
            <total>
                <ICMSTot>
                    <vProd>145026.03</vProd>
                    <vICMS>26104.69</vICMS>
                    <vNF>145026.03</vNF>
                </ICMSTot>
            </total>
        </infNFe>
    </NFe>
</nfeProc>
