<?xml version="1.0" encoding="UTF-8"?>
<nfeProc xmlns="http://www.portalfiscal.inf.br/nfe" versao="4.00">
    <NFe xmlns="http://www.portalfiscal.inf.br/nfe">
        <infNFe Id="NFe30879477401799422551289970731510324383678747" versao="4.00">
            <ide>
                <cUF>35</cUF>
                <cNF>23868743</cNF>
                <natOp>Compra de Mercadoria</natOp>
                <mod>55</mod>
                <serie>1</serie>
                <nNF>000288</nNF>
                <dhEmi>2025-10-31T13:11:06-03:00</dhEmi>
                <tpNF>0</tpNF>
                <idDest>1</idDest>
                <cMunFG>3550308</cMunFG>
                <tpImp>1</tpImp>
                <tpEmis>1</tpEmis>
                <cDV>6</cDV>
                <tpAmb>1</tpAmb>
                <finNFe>1</finNFe>
                <indFinal>1</indFinal>
                <indPres>1</indPres>
                <procEmi>0</procEmi>
                <verProc>NF-E SIMULADA</verProc>
            </ide>
            <emit>
                <CNPJ>74.856.390/0001-32</CNPJ>
                <xNome>PIMENTA LTDA.</xNome>
            </emit>
            <dest>
                <CNPJ>31.607.425/0001-97</CNPJ>
                <xNome>DR. RAVI PEREIRA</xNome>
            </dest>
            
    <det nItem="1">
        <prod>
            <cProd>6049100499265182</cProd>
            <xProd>QUIS</xProd>
            <NCM>01012100</NCM>
            <CFOP>5101</CFOP>
            <uCom>UN</uCom>
            <qCom>77.651</qCom>
            <vUnCom>660.38</vUnCom>
            <vProd>51279.17</vProd>
            <rastro>
                <nLote>1713868</nLote>
                <qLote>77.651</qLote>
                <dFab>2025-10-18</dFab>
                <dVal>2026-08-15</dVal>
            </rastro>
        </prod>
        <imposto>
            <ICMS>
                <ICMS00>
                    <orig>0</orig>
                    <CST>00</CST>
                    <pICMS>18.00</pICMS>
                    <vICMS>9230.25</vICMS>
                </ICMS00>
            </ICMS>
        </imposto>
    </det>
    
    <det nItem="2">
        <prod>
            <cProd>8669600025892186</cProd>
            <xProd>IUSTO</xProd>
            <NCM>01012100</NCM>
            <CFOP>5101</CFOP>
            <uCom>UN</uCom>
            <qCom>53.222</qCom>
            <vUnCom>214.16</vUnCom>
            <vProd>11398.02</vProd>
            <rastro>
                <nLote>1346884</nLote>
                <qLote>53.222</qLote>
                <dFab>2025-08-31</dFab>
                <dVal>2025-12-20</dVal>
            </rastro>
        </prod>
        <imposto>
            <ICMS>
                <ICMS00>
                    <orig>0</orig>
                    <CST>00</CST>
                    <pICMS>18.00</pICMS>
                    <vICMS>2051.64</vICMS>
                </ICMS00>
            </ICMS>
        </imposto>
    </det>
    
    <det nItem="3">
        <prod>
            <cProd>4775785409085424</cProd>
            <xProd>VERO</xProd>
            <NCM>01012100</NCM>
            <CFOP>5101</CFOP>
            <uCom>UN</uCom>
            <qCom>38.912</qCom>
            <vUnCom>279.34</vUnCom>
            <vProd>10869.68</vProd>
            <rastro>
                <nLote>1304430</nLote>
                <qLote>38.912</qLote>
                <dFab>2025-10-05</dFab>
                <dVal>2026-08-05</dVal>
            </rastro>
        </prod>
        <imposto>
            <ICMS>
                <ICMS00>
                    <orig>0</orig>
                    <CST>00</CST>
                    <pICMS>18.00</pICMS>
                    <vICMS>1956.54</vICMS>
                </ICMS00>
            </ICMS>
        </imposto>
    </det>
    
            <total>
                <ICMSTot>
                    <vProd>73546.87</vProd>
                    <vICMS>13238.44</vICMS>
                    <vNF>73546.87</vNF>
                </ICMSTot>
            </total>
        </infNFe>
    </NFe>
</nfeProc>
