<?xml version="1.0" encoding="UTF-8"?>
<nfeProc xmlns="http://www.portalfiscal.inf.br/nfe" versao="4.00">
    <NFe xmlns="http://www.portalfiscal.inf.br/nfe">
        <infNFe Id="NFe52364199616484751439873374690912583961567528" versao="4.00">
            <ide>
                <cUF>35</cUF>
                <cNF>14910201</cNF>
                <natOp>Venda de Mercadoria</natOp>
                <mod>55</mod>
                <serie>1</serie>
                <nNF>000153</nNF>
                <dhEmi>2025-10-31T13:11:06-03:00</dhEmi>
                <tpNF>1</tpNF>
                <idDest>1</idDest>
                <cMunFG>3550308</cMunFG>
                <tpImp>1</tpImp>
                <tpEmis>1</tpEmis>
                <cDV>1</cDV>
                <tpAmb>1</tpAmb>
                <finNFe>1</finNFe>
                <indFinal>1</indFinal>
                <indPres>1</indPres>
                <procEmi>0</procEmi>
                <verProc>NF-E SIMULADA</verProc>
            </ide>
            <emit>
                <CNPJ>32.648.910/0001-71</CNPJ>
                <xNome>SAMPAIO</xNome>
            </emit>
            <dest>
                <CNPJ>06.397.458/0001-02</CNPJ>
                <xNome>ISADORA ARAÚJO</xNome>
            </dest>
            
    <det nItem="1">
        <prod>
            <cProd>7140190356005194</cProd>
            <xProd>SUSCIPIT</xProd>
            <NCM>01012100</NCM>
            <CFOP>5101</CFOP>
            <uCom>UN</uCom>
            <qCom>67.24</qCom>
            <vUnCom>421.17</vUnCom>
            <vProd>28319.47</vProd>
            <rastro>
                <nLote>6831171</nLote>
                <qLote>67.24</qLote>
                <dFab>2025-10-05</dFab>
                <dVal>2026-08-18</dVal>
            </rastro>
        </prod>
        <imposto>
            <ICMS>
                <ICMS00>
                    <orig>0</orig>
                    <CST>00</CST>
                    <pICMS>18.00</pICMS>
                    <vICMS>5097.5</vICMS>
                </ICMS00>
            </ICMS>
        </imposto>
    </det>
    
    <det nItem="2">
        <prod>
            <cProd>3085322631855124</cProd>
            <xProd>ESSE</xProd>
            <NCM>01012100</NCM>
            <CFOP>5101</CFOP>
            <uCom>UN</uCom>
            <qCom>41.056</qCom>
            <vUnCom>516.66</vUnCom>
            <vProd>21211.99</vProd>
            <rastro>
                <nLote>4091856</nLote>
                <qLote>41.056</qLote>
                <dFab>2025-09-13</dFab>
                <dVal>2026-05-09</dVal>
            </rastro>
        </prod>
        <imposto>
            <ICMS>
                <ICMS00>
                    <orig>0</orig>
                    <CST>00</CST>
                    <pICMS>18.00</pICMS>
                    <vICMS>3818.16</vICMS>
                </ICMS00>
            </ICMS>
        </imposto>
    </det>
    
            <total>
                <ICMSTot>
                    <vProd>49531.46</vProd>
                    <vICMS>8915.66</vICMS>
                    <vNF>49531.46</vNF>
                </ICMSTot>
            </total>
        </infNFe>
    </NFe>
</nfeProc>
