<?xml version="1.0" encoding="UTF-8"?>
<nfeProc xmlns="http://www.portalfiscal.inf.br/nfe" versao="4.00">
    <NFe xmlns="http://www.portalfiscal.inf.br/nfe">
        <infNFe Id="NFe46923716644330005192296606491878774479053477" versao="4.00">
            <ide>
                <cUF>35</cUF>
                <cNF>42391561</cNF>
                <natOp>Venda de Mercadoria</natOp>
                <mod>55</mod>
                <serie>1</serie>
                <nNF>000230</nNF>
                <dhEmi>2025-10-31T13:11:06-03:00</dhEmi>
                <tpNF>1</tpNF>
                <idDest>1</idDest>
                <cMunFG>3550308</cMunFG>
                <tpImp>1</tpImp>
                <tpEmis>1</tpEmis>
                <cDV>5</cDV>
                <tpAmb>1</tpAmb>
                <finNFe>1</finNFe>
                <indFinal>1</indFinal>
                <indPres>1</indPres>
                <procEmi>0</procEmi>
                <verProc>NF-E SIMULADA</verProc>
            </ide>
            <emit>
                <CNPJ>34.675.082/0001-96</CNPJ>
                <xNome>SOUZA</xNome>
            </emit>
            <dest>
                <CNPJ>98.651.732/0001-46</CNPJ>
                <xNome>PEDRO APARECIDA</xNome>
            </dest>
            
    <det nItem="1">
        <prod>
            <cProd>2212007217884105</cProd>
            <xProd>QUAS</xProd>
            <NCM>01012100</NCM>
            <CFOP>5101</CFOP>
            <uCom>UN</uCom>
            <qCom>54.655</qCom>
            <vUnCom>466.5</vUnCom>
            <vProd>25496.56</vProd>
            <rastro>
                <nLote>6382846</nLote>
                <qLote>54.655</qLote>
                <dFab>2025-09-09</dFab>
                <dVal>2026-07-27</dVal>
            </rastro>
        </prod>
        <imposto>
            <ICMS>
                <ICMS00>
                    <orig>0</orig>
                    <CST>00</CST>
                    <pICMS>18.00</pICMS>
                    <vICMS>4589.38</vICMS>
                </ICMS00>
            </ICMS>
        </imposto>
    </det>
    
    <det nItem="2">
        <prod>
            <cProd>6152942027499599</cProd>
            <xProd>PORRO</xProd>
            <NCM>01012100</NCM>
            <CFOP>5101</CFOP>
            <uCom>UN</uCom>
            <qCom>15.675</qCom>
            <vUnCom>912.35</vUnCom>
            <vProd>14301.09</vProd>
            <rastro>
                <nLote>3438827</nLote>
                <qLote>15.675</qLote>
                <dFab>2025-09-14</dFab>
                <dVal>2026-02-15</dVal>
            </rastro>
        </prod>
        <imposto>
            <ICMS>
                <ICMS00>
                    <orig>0</orig>
                    <CST>00</CST>
                    <pICMS>18.00</pICMS>
                    <vICMS>2574.2</vICMS>
                </ICMS00>
            </ICMS>
        </imposto>
    </det>
    
    <det nItem="3">
        <prod>
            <cProd>4248291848861151</cProd>
            <xProd>UNDE</xProd>
            <NCM>01012100</NCM>
            <CFOP>5101</CFOP>
            <uCom>UN</uCom>
            <qCom>69.984</qCom>
            <vUnCom>147.66</vUnCom>
            <vProd>10333.84</vProd>
            <rastro>
                <nLote>3674438</nLote>
                <qLote>69.984</qLote>
                <dFab>2025-08-04</dFab>
                <dVal>2026-08-23</dVal>
            </rastro>
        </prod>
        <imposto>
            <ICMS>
                <ICMS00>
                    <orig>0</orig>
                    <CST>00</CST>
                    <pICMS>18.00</pICMS>
                    <vICMS>1860.09</vICMS>
                </ICMS00>
            </ICMS>
        </imposto>
    </det>
    
    <det nItem="4">
        <prod>
            <cProd>2675825296672188</cProd>
            <xProd>ACCUSANTIUM</xProd>
            <NCM>01012100</NCM>
            <CFOP>5101</CFOP>
            <uCom>UN</uCom>
            <qCom>83.651</qCom>
            <vUnCom>669.13</vUnCom>
            <vProd>55973.39</vProd>
            <rastro>
                <nLote>2317943</nLote>
                <qLote>83.651</qLote>
                <dFab>2025-10-26</dFab>
                <dVal>2026-08-12</dVal>
            </rastro>
        </prod>
        <imposto>
            <ICMS>
                <ICMS00>
                    <orig>0</orig>
                    <CST>00</CST>
                    <pICMS>18.00</pICMS>
                    <vICMS>10075.21</vICMS>
                </ICMS00>
            </ICMS>
        </imposto>
    </det>
    
    <det nItem="5">
        <prod>
            <cProd>5316306771122881</cProd>
            <xProd>OFFICIA</xProd>
            <NCM>01012100</NCM>
            <CFOP>5101</CFOP>
            <uCom>UN</uCom>
            <qCom>77.216</qCom>
            <vUnCom>470.67</vUnCom>
            <vProd>36343.25</vProd>
            <rastro>
                <nLote>6757953</nLote>
                <qLote>77.216</qLote>
                <dFab>2025-09-14</dFab>
                <dVal>2026-08-02</dVal>
            </rastro>
        </prod>
        <imposto>
            <ICMS>
                <ICMS00>
                    <orig>0</orig>
                    <CST>00</CST>
                    <pICMS>18.00</pICMS>
                    <vICMS>6541.78</vICMS>
                </ICMS00>
            </ICMS>
        </imposto>
    </det>
    
            <total>
                <ICMSTot>
                    <vProd>142448.13</vProd>
                    <vICMS>25640.66</vICMS>
                    <vNF>142448.13</vNF>
                </ICMSTot>
            </total>
        </infNFe>
    </NFe>
</nfeProc>
