<?xml version="1.0" encoding="UTF-8"?>
<nfeProc xmlns="http://www.portalfiscal.inf.br/nfe" versao="4.00">
    <NFe xmlns="http://www.portalfiscal.inf.br/nfe">
        <infNFe Id="NFe84752672025009330493981485453217084122867029" versao="4.00">
            <ide>
                <cUF>35</cUF>
                <cNF>50789739</cNF>
                <natOp>Venda de Mercadoria</natOp>
                <mod>55</mod>
                <serie>1</serie>
                <nNF>000203</nNF>
                <dhEmi>2025-10-31T13:11:06-03:00</dhEmi>
                <tpNF>1</tpNF>
                <idDest>1</idDest>
                <cMunFG>3550308</cMunFG>
                <tpImp>1</tpImp>
                <tpEmis>1</tpEmis>
                <cDV>4</cDV>
                <tpAmb>1</tpAmb>
                <finNFe>1</finNFe>
                <indFinal>1</indFinal>
                <indPres>1</indPres>
                <procEmi>0</procEmi>
                <verProc>NF-E SIMULADA</verProc>
            </ide>
            <emit>
                <CNPJ>72.613.985/0001-31</CNPJ>
                <xNome>CAMPOS RIBEIRO E FILHOS</xNome>
            </emit>
            <dest>
                <CNPJ>08.972.641/0001-10</CNPJ>
                <xNome>ISADORA BORGES</xNome>
            </dest>
            
    <det nItem="1">
        <prod>
            <cProd>8896074771942373</cProd>
            <xProd>ERROR</xProd>
            <NCM>01012100</NCM>
            <CFOP>5101</CFOP>
            <uCom>UN</uCom>
            <qCom>41.313</qCom>
            <vUnCom>797.75</vUnCom>
            <vProd>32957.45</vProd>
            <rastro>
                <nLote>8339147</nLote>
                <qLote>41.313</qLote>
                <dFab>2025-09-08</dFab>
                <dVal>2026-09-15</dVal>
            </rastro>
        </prod>
        <imposto>
            <ICMS>
                <ICMS00>
                    <orig>0</orig>
                    <CST>00</CST>
                    <pICMS>18.00</pICMS>
                    <vICMS>5932.34</vICMS>
                </ICMS00>
            </ICMS>
        </imposto>
    </det>
    
            <total>
                <ICMSTot>
                    <vProd>32957.45</vProd>
                    <vICMS>5932.34</vICMS>
                    <vNF>32957.45</vNF>
                </ICMSTot>
            </total>
        </infNFe>
    </NFe>
</nfeProc>
