<?xml version="1.0" encoding="UTF-8"?>
<nfeProc xmlns="http://www.portalfiscal.inf.br/nfe" versao="4.00">
    <NFe xmlns="http://www.portalfiscal.inf.br/nfe">
        <infNFe Id="NFe43832610646462514853111600681358246830075067" versao="4.00">
            <ide>
                <cUF>35</cUF>
                <cNF>49851316</cNF>
                <natOp>Venda de Mercadoria</natOp>
                <mod>55</mod>
                <serie>1</serie>
                <nNF>000266</nNF>
                <dhEmi>2025-10-31T13:11:06-03:00</dhEmi>
                <tpNF>1</tpNF>
                <idDest>1</idDest>
                <cMunFG>3550308</cMunFG>
                <tpImp>1</tpImp>
                <tpEmis>1</tpEmis>
                <cDV>9</cDV>
                <tpAmb>1</tpAmb>
                <finNFe>1</finNFe>
                <indFinal>1</indFinal>
                <indPres>1</indPres>
                <procEmi>0</procEmi>
                <verProc>NF-E SIMULADA</verProc>
            </ide>
            <emit>
                <CNPJ>57.123.890/0001-46</CNPJ>
                <xNome>ROCHA NOVAES - EI</xNome>
            </emit>
            <dest>
                <CNPJ>84.206.193/0001-21</CNPJ>
                <xNome>BERNARDO COSTA</xNome>
            </dest>
            
    <det nItem="1">
        <prod>
            <cProd>6993322194041953</cProd>
            <xProd>VOLUPTATUM</xProd>
            <NCM>01012100</NCM>
            <CFOP>5101</CFOP>
            <uCom>UN</uCom>
            <qCom>61.487</qCom>
            <vUnCom>569.45</vUnCom>
            <vProd>35013.77</vProd>
            <rastro>
                <nLote>1867674</nLote>
                <qLote>61.487</qLote>
                <dFab>2025-10-27</dFab>
                <dVal>2026-03-26</dVal>
            </rastro>
        </prod>
        <imposto>
            <ICMS>
                <ICMS00>
                    <orig>0</orig>
                    <CST>00</CST>
                    <pICMS>18.00</pICMS>
                    <vICMS>6302.48</vICMS>
                </ICMS00>
            </ICMS>
        </imposto>
    </det>
    
            <total>
                <ICMSTot>
                    <vProd>35013.77</vProd>
                    <vICMS>6302.48</vICMS>
                    <vNF>35013.77</vNF>
                </ICMSTot>
            </total>
        </infNFe>
    </NFe>
</nfeProc>
