<?xml version="1.0" encoding="UTF-8"?>
<nfeProc xmlns="http://www.portalfiscal.inf.br/nfe" versao="4.00">
    <NFe xmlns="http://www.portalfiscal.inf.br/nfe">
        <infNFe Id="NFe99292771003713017319185712594507453451147786" versao="4.00">
            <ide>
                <cUF>35</cUF>
                <cNF>23194607</cNF>
                <natOp>Venda de Mercadoria</natOp>
                <mod>55</mod>
                <serie>1</serie>
                <nNF>000154</nNF>
                <dhEmi>2025-10-31T13:11:06-03:00</dhEmi>
                <tpNF>1</tpNF>
                <idDest>1</idDest>
                <cMunFG>3550308</cMunFG>
                <tpImp>1</tpImp>
                <tpEmis>1</tpEmis>
                <cDV>7</cDV>
                <tpAmb>1</tpAmb>
                <finNFe>1</finNFe>
                <indFinal>1</indFinal>
                <indPres>1</indPres>
                <procEmi>0</procEmi>
                <verProc>NF-E SIMULADA</verProc>
            </ide>
            <emit>
                <CNPJ>57.630.841/0001-08</CNPJ>
                <xNome>LEÃO</xNome>
            </emit>
            <dest>
                <CNPJ>79.054.631/0001-43</CNPJ>
                <xNome>ANA LIZ ROCHA</xNome>
            </dest>
            
    <det nItem="1">
        <prod>
            <cProd>8755656843702920</cProd>
            <xProd>DICTA</xProd>
            <NCM>01012100</NCM>
            <CFOP>5101</CFOP>
            <uCom>UN</uCom>
            <qCom>9.353</qCom>
            <vUnCom>100.22</vUnCom>
            <vProd>937.36</vProd>
            <rastro>
                <nLote>6333640</nLote>
                <qLote>9.353</qLote>
                <dFab>2025-09-12</dFab>
                <dVal>2026-05-30</dVal>
            </rastro>
        </prod>
        <imposto>
            <ICMS>
                <ICMS00>
                    <orig>0</orig>
                    <CST>00</CST>
                    <pICMS>18.00</pICMS>
                    <vICMS>168.72</vICMS>
                </ICMS00>
            </ICMS>
        </imposto>
    </det>
    
            <total>
                <ICMSTot>
                    <vProd>937.36</vProd>
                    <vICMS>168.72</vICMS>
                    <vNF>937.36</vNF>
                </ICMSTot>
            </total>
        </infNFe>
    </NFe>
</nfeProc>
