<?xml version="1.0" encoding="UTF-8"?>
<nfeProc xmlns="http://www.portalfiscal.inf.br/nfe" versao="4.00">
    <NFe xmlns="http://www.portalfiscal.inf.br/nfe">
        <infNFe Id="NFe87372574908856570071016312475948599344911715" versao="4.00">
            <ide>
                <cUF>35</cUF>
                <cNF>78969397</cNF>
                <natOp>Compra de Mercadoria</natOp>
                <mod>55</mod>
                <serie>1</serie>
                <nNF>000004</nNF>
                <dhEmi>2025-10-31T13:11:06-03:00</dhEmi>
                <tpNF>0</tpNF>
                <idDest>1</idDest>
                <cMunFG>3550308</cMunFG>
                <tpImp>1</tpImp>
                <tpEmis>1</tpEmis>
                <cDV>5</cDV>
                <tpAmb>1</tpAmb>
                <finNFe>1</finNFe>
                <indFinal>1</indFinal>
                <indPres>1</indPres>
                <procEmi>0</procEmi>
                <verProc>NF-E SIMULADA</verProc>
            </ide>
            <emit>
                <CNPJ>49.061.752/0001-51</CNPJ>
                <xNome>MELO E FILHOS</xNome>
            </emit>
            <dest>
                <CNPJ>56.308.914/0001-79</CNPJ>
                <xNome>DRA. MARIA FLOR NOGUEIRA</xNome>
            </dest>
            
    <det nItem="1">
        <prod>
            <cProd>6731301765291264</cProd>
            <xProd>SIMILIQUE</xProd>
            <NCM>01012100</NCM>
            <CFOP>5101</CFOP>
            <uCom>UN</uCom>
            <qCom>62.692</qCom>
            <vUnCom>931.32</vUnCom>
            <vProd>58386.31</vProd>
            <rastro>
                <nLote>5910081</nLote>
                <qLote>62.692</qLote>
                <dFab>2025-09-25</dFab>
                <dVal>2026-08-21</dVal>
            </rastro>
        </prod>
        <imposto>
            <ICMS>
                <ICMS00>
                    <orig>0</orig>
                    <CST>00</CST>
                    <pICMS>18.00</pICMS>
                    <vICMS>10509.54</vICMS>
                </ICMS00>
            </ICMS>
        </imposto>
    </det>
    
    <det nItem="2">
        <prod>
            <cProd>1578389138140086</cProd>
            <xProd>CUMQUE</xProd>
            <NCM>01012100</NCM>
            <CFOP>5101</CFOP>
            <uCom>UN</uCom>
            <qCom>48.772</qCom>
            <vUnCom>632.95</vUnCom>
            <vProd>30870.24</vProd>
            <rastro>
                <nLote>6457708</nLote>
                <qLote>48.772</qLote>
                <dFab>2025-08-20</dFab>
                <dVal>2026-09-09</dVal>
            </rastro>
        </prod>
        <imposto>
            <ICMS>
                <ICMS00>
                    <orig>0</orig>
                    <CST>00</CST>
                    <pICMS>18.00</pICMS>
                    <vICMS>5556.64</vICMS>
                </ICMS00>
            </ICMS>
        </imposto>
    </det>
    
    <det nItem="3">
        <prod>
            <cProd>5615849721407896</cProd>
            <xProd>DELECTUS</xProd>
            <NCM>01012100</NCM>
            <CFOP>5101</CFOP>
            <uCom>UN</uCom>
            <qCom>5.593</qCom>
            <vUnCom>920.4</vUnCom>
            <vProd>5147.8</vProd>
            <rastro>
                <nLote>2846691</nLote>
                <qLote>5.593</qLote>
                <dFab>2025-09-30</dFab>
                <dVal>2026-07-28</dVal>
            </rastro>
        </prod>
        <imposto>
            <ICMS>
                <ICMS00>
                    <orig>0</orig>
                    <CST>00</CST>
                    <pICMS>18.00</pICMS>
                    <vICMS>926.6</vICMS>
                </ICMS00>
            </ICMS>
        </imposto>
    </det>
    
            <total>
                <ICMSTot>
                    <vProd>94404.35</vProd>
                    <vICMS>16992.78</vICMS>
                    <vNF>94404.35</vNF>
                </ICMSTot>
            </total>
        </infNFe>
    </NFe>
</nfeProc>
