<?xml version="1.0" encoding="UTF-8"?>
<nfeProc xmlns="http://www.portalfiscal.inf.br/nfe" versao="4.00">
    <NFe xmlns="http://www.portalfiscal.inf.br/nfe">
        <infNFe Id="NFe71152985009252536351757216699669695815395024" versao="4.00">
            <ide>
                <cUF>35</cUF>
                <cNF>24304912</cNF>
                <natOp>Venda de Mercadoria</natOp>
                <mod>55</mod>
                <serie>1</serie>
                <nNF>000294</nNF>
                <dhEmi>2025-10-31T13:11:06-03:00</dhEmi>
                <tpNF>1</tpNF>
                <idDest>1</idDest>
                <cMunFG>3550308</cMunFG>
                <tpImp>1</tpImp>
                <tpEmis>1</tpEmis>
                <cDV>9</cDV>
                <tpAmb>1</tpAmb>
                <finNFe>1</finNFe>
                <indFinal>1</indFinal>
                <indPres>1</indPres>
                <procEmi>0</procEmi>
                <verProc>NF-E SIMULADA</verProc>
            </ide>
            <emit>
                <CNPJ>37.980.564/0001-48</CNPJ>
                <xNome>NOVAES LTDA.</xNome>
            </emit>
            <dest>
                <CNPJ>83.192.046/0001-87</CNPJ>
                <xNome>GIOVANNA SILVEIRA</xNome>
            </dest>
            
    <det nItem="1">
        <prod>
            <cProd>9157554722060403</cProd>
            <xProd>VOLUPTATUM</xProd>
            <NCM>01012100</NCM>
            <CFOP>5101</CFOP>
            <uCom>UN</uCom>
            <qCom>88.671</qCom>
            <vUnCom>780.21</vUnCom>
            <vProd>69182.0</vProd>
            <rastro>
                <nLote>4969263</nLote>
                <qLote>88.671</qLote>
                <dFab>2025-08-02</dFab>
                <dVal>2026-10-27</dVal>
            </rastro>
        </prod>
        <imposto>
            <ICMS>
                <ICMS00>
                    <orig>0</orig>
                    <CST>00</CST>
                    <pICMS>18.00</pICMS>
                    <vICMS>12452.76</vICMS>
                </ICMS00>
            </ICMS>
        </imposto>
    </det>
    
    <det nItem="2">
        <prod>
            <cProd>3754680756060643</cProd>
            <xProd>VEL</xProd>
            <NCM>01012100</NCM>
            <CFOP>5101</CFOP>
            <uCom>UN</uCom>
            <qCom>70.478</qCom>
            <vUnCom>330.17</vUnCom>
            <vProd>23269.72</vProd>
            <rastro>
                <nLote>7787607</nLote>
                <qLote>70.478</qLote>
                <dFab>2025-08-02</dFab>
                <dVal>2026-07-04</dVal>
            </rastro>
        </prod>
        <imposto>
            <ICMS>
                <ICMS00>
                    <orig>0</orig>
                    <CST>00</CST>
                    <pICMS>18.00</pICMS>
                    <vICMS>4188.55</vICMS>
                </ICMS00>
            </ICMS>
        </imposto>
    </det>
    
    <det nItem="3">
        <prod>
            <cProd>2820810899089317</cProd>
            <xProd>CONSECTETUR</xProd>
            <NCM>01012100</NCM>
            <CFOP>5101</CFOP>
            <uCom>UN</uCom>
            <qCom>6.48</qCom>
            <vUnCom>727.28</vUnCom>
            <vProd>4712.77</vProd>
            <rastro>
                <nLote>3289330</nLote>
                <qLote>6.48</qLote>
                <dFab>2025-08-19</dFab>
                <dVal>2026-05-16</dVal>
            </rastro>
        </prod>
        <imposto>
            <ICMS>
                <ICMS00>
                    <orig>0</orig>
                    <CST>00</CST>
                    <pICMS>18.00</pICMS>
                    <vICMS>848.3</vICMS>
                </ICMS00>
            </ICMS>
        </imposto>
    </det>
    
            <total>
                <ICMSTot>
                    <vProd>97164.49</vProd>
                    <vICMS>17489.61</vICMS>
                    <vNF>97164.49</vNF>
                </ICMSTot>
            </total>
        </infNFe>
    </NFe>
</nfeProc>
