<?xml version="1.0" encoding="UTF-8"?>
<nfeProc xmlns="http://www.portalfiscal.inf.br/nfe" versao="4.00">
    <NFe xmlns="http://www.portalfiscal.inf.br/nfe">
        <infNFe Id="NFe18146747088658309240685657200742899086462946" versao="4.00">
            <ide>
                <cUF>35</cUF>
                <cNF>88647157</cNF>
                <natOp>Venda de Mercadoria</natOp>
                <mod>55</mod>
                <serie>1</serie>
                <nNF>000250</nNF>
                <dhEmi>2025-10-31T13:11:06-03:00</dhEmi>
                <tpNF>1</tpNF>
                <idDest>1</idDest>
                <cMunFG>3550308</cMunFG>
                <tpImp>1</tpImp>
                <tpEmis>1</tpEmis>
                <cDV>8</cDV>
                <tpAmb>1</tpAmb>
                <finNFe>1</finNFe>
                <indFinal>1</indFinal>
                <indPres>1</indPres>
                <procEmi>0</procEmi>
                <verProc>NF-E SIMULADA</verProc>
            </ide>
            <emit>
                <CNPJ>61.590.278/0001-50</CNPJ>
                <xNome>RAMOS S.A.</xNome>
            </emit>
            <dest>
                <CNPJ>18.603.579/0001-42</CNPJ>
                <xNome>DR. LUCCA DA ROSA</xNome>
            </dest>
            
    <det nItem="1">
        <prod>
            <cProd>5730826642687285</cProd>
            <xProd>TEMPORIBUS</xProd>
            <NCM>01012100</NCM>
            <CFOP>5101</CFOP>
            <uCom>UN</uCom>
            <qCom>33.858</qCom>
            <vUnCom>905.94</vUnCom>
            <vProd>30673.32</vProd>
            <rastro>
                <nLote>7340686</nLote>
                <qLote>33.858</qLote>
                <dFab>2025-10-10</dFab>
                <dVal>2026-06-29</dVal>
            </rastro>
        </prod>
        <imposto>
            <ICMS>
                <ICMS00>
                    <orig>0</orig>
                    <CST>00</CST>
                    <pICMS>18.00</pICMS>
                    <vICMS>5521.2</vICMS>
                </ICMS00>
            </ICMS>
        </imposto>
    </det>
    
    <det nItem="2">
        <prod>
            <cProd>6301377150390278</cProd>
            <xProd>PARIATUR</xProd>
            <NCM>01012100</NCM>
            <CFOP>5101</CFOP>
            <uCom>UN</uCom>
            <qCom>94.817</qCom>
            <vUnCom>199.91</vUnCom>
            <vProd>18954.87</vProd>
            <rastro>
                <nLote>2410714</nLote>
                <qLote>94.817</qLote>
                <dFab>2025-09-19</dFab>
                <dVal>2026-01-01</dVal>
            </rastro>
        </prod>
        <imposto>
            <ICMS>
                <ICMS00>
                    <orig>0</orig>
                    <CST>00</CST>
                    <pICMS>18.00</pICMS>
                    <vICMS>3411.88</vICMS>
                </ICMS00>
            </ICMS>
        </imposto>
    </det>
    
    <det nItem="3">
        <prod>
            <cProd>7350041556704794</cProd>
            <xProd>ESSE</xProd>
            <NCM>01012100</NCM>
            <CFOP>5101</CFOP>
            <uCom>UN</uCom>
            <qCom>88.047</qCom>
            <vUnCom>101.25</vUnCom>
            <vProd>8914.76</vProd>
            <rastro>
                <nLote>4549195</nLote>
                <qLote>88.047</qLote>
                <dFab>2025-08-08</dFab>
                <dVal>2026-01-29</dVal>
            </rastro>
        </prod>
        <imposto>
            <ICMS>
                <ICMS00>
                    <orig>0</orig>
                    <CST>00</CST>
                    <pICMS>18.00</pICMS>
                    <vICMS>1604.66</vICMS>
                </ICMS00>
            </ICMS>
        </imposto>
    </det>
    
            <total>
                <ICMSTot>
                    <vProd>58542.95</vProd>
                    <vICMS>10537.73</vICMS>
                    <vNF>58542.95</vNF>
                </ICMSTot>
            </total>
        </infNFe>
    </NFe>
</nfeProc>
