<?xml version="1.0" encoding="UTF-8"?>
<nfeProc xmlns="http://www.portalfiscal.inf.br/nfe" versao="4.00">
    <NFe xmlns="http://www.portalfiscal.inf.br/nfe">
        <infNFe Id="NFe83498609489798915813675052041426650524729709" versao="4.00">
            <ide>
                <cUF>35</cUF>
                <cNF>70994442</cNF>
                <natOp>Venda de Mercadoria</natOp>
                <mod>55</mod>
                <serie>1</serie>
                <nNF>000028</nNF>
                <dhEmi>2025-10-31T13:11:06-03:00</dhEmi>
                <tpNF>1</tpNF>
                <idDest>1</idDest>
                <cMunFG>3550308</cMunFG>
                <tpImp>1</tpImp>
                <tpEmis>1</tpEmis>
                <cDV>3</cDV>
                <tpAmb>1</tpAmb>
                <finNFe>1</finNFe>
                <indFinal>1</indFinal>
                <indPres>1</indPres>
                <procEmi>0</procEmi>
                <verProc>NF-E SIMULADA</verProc>
            </ide>
            <emit>
                <CNPJ>15.697.342/0001-80</CNPJ>
                <xNome>CARDOSO ROCHA LTDA.</xNome>
            </emit>
            <dest>
                <CNPJ>52.610.897/0001-79</CNPJ>
                <xNome>GUILHERME AZEVEDO</xNome>
            </dest>
            
    <det nItem="1">
        <prod>
            <cProd>8969518296512569</cProd>
            <xProd>REPUDIANDAE</xProd>
            <NCM>01012100</NCM>
            <CFOP>5101</CFOP>
            <uCom>UN</uCom>
            <qCom>53.247</qCom>
            <vUnCom>179.05</vUnCom>
            <vProd>9533.88</vProd>
            <rastro>
                <nLote>8948030</nLote>
                <qLote>53.247</qLote>
                <dFab>2025-08-16</dFab>
                <dVal>2025-12-29</dVal>
            </rastro>
        </prod>
        <imposto>
            <ICMS>
                <ICMS00>
                    <orig>0</orig>
                    <CST>00</CST>
                    <pICMS>18.00</pICMS>
                    <vICMS>1716.1</vICMS>
                </ICMS00>
            </ICMS>
        </imposto>
    </det>
    
    <det nItem="2">
        <prod>
            <cProd>7440376982969238</cProd>
            <xProd>REPELLENDUS</xProd>
            <NCM>01012100</NCM>
            <CFOP>5101</CFOP>
            <uCom>UN</uCom>
            <qCom>85.066</qCom>
            <vUnCom>621.63</vUnCom>
            <vProd>52879.58</vProd>
            <rastro>
                <nLote>9440110</nLote>
                <qLote>85.066</qLote>
                <dFab>2025-08-07</dFab>
                <dVal>2026-09-12</dVal>
            </rastro>
        </prod>
        <imposto>
            <ICMS>
                <ICMS00>
                    <orig>0</orig>
                    <CST>00</CST>
                    <pICMS>18.00</pICMS>
                    <vICMS>9518.32</vICMS>
                </ICMS00>
            </ICMS>
        </imposto>
    </det>
    
    <det nItem="3">
        <prod>
            <cProd>3255066541760629</cProd>
            <xProd>NOBIS</xProd>
            <NCM>01012100</NCM>
            <CFOP>5101</CFOP>
            <uCom>UN</uCom>
            <qCom>60.907</qCom>
            <vUnCom>84.2</vUnCom>
            <vProd>5128.37</vProd>
            <rastro>
                <nLote>8526030</nLote>
                <qLote>60.907</qLote>
                <dFab>2025-08-16</dFab>
                <dVal>2026-02-19</dVal>
            </rastro>
        </prod>
        <imposto>
            <ICMS>
                <ICMS00>
                    <orig>0</orig>
                    <CST>00</CST>
                    <pICMS>18.00</pICMS>
                    <vICMS>923.11</vICMS>
                </ICMS00>
            </ICMS>
        </imposto>
    </det>
    
    <det nItem="4">
        <prod>
            <cProd>6483686050679279</cProd>
            <xProd>MINIMA</xProd>
            <NCM>01012100</NCM>
            <CFOP>5101</CFOP>
            <uCom>UN</uCom>
            <qCom>45.821</qCom>
            <vUnCom>169.8</vUnCom>
            <vProd>7780.41</vProd>
            <rastro>
                <nLote>1150332</nLote>
                <qLote>45.821</qLote>
                <dFab>2025-09-26</dFab>
                <dVal>2026-03-06</dVal>
            </rastro>
        </prod>
        <imposto>
            <ICMS>
                <ICMS00>
                    <orig>0</orig>
                    <CST>00</CST>
                    <pICMS>18.00</pICMS>
                    <vICMS>1400.47</vICMS>
                </ICMS00>
            </ICMS>
        </imposto>
    </det>
    
    <det nItem="5">
        <prod>
            <cProd>9778715072368029</cProd>
            <xProd>DEBITIS</xProd>
            <NCM>01012100</NCM>
            <CFOP>5101</CFOP>
            <uCom>UN</uCom>
            <qCom>8.565</qCom>
            <vUnCom>619.83</vUnCom>
            <vProd>5308.84</vProd>
            <rastro>
                <nLote>3735612</nLote>
                <qLote>8.565</qLote>
                <dFab>2025-09-08</dFab>
                <dVal>2026-01-26</dVal>
            </rastro>
        </prod>
        <imposto>
            <ICMS>
                <ICMS00>
                    <orig>0</orig>
                    <CST>00</CST>
                    <pICMS>18.00</pICMS>
                    <vICMS>955.59</vICMS>
                </ICMS00>
            </ICMS>
        </imposto>
    </det>
    
            <total>
                <ICMSTot>
                    <vProd>80631.08</vProd>
                    <vICMS>14513.59</vICMS>
                    <vNF>80631.08</vNF>
                </ICMSTot>
            </total>
        </infNFe>
    </NFe>
</nfeProc>
