<?xml version="1.0" encoding="UTF-8"?>
<nfeProc xmlns="http://www.portalfiscal.inf.br/nfe" versao="4.00">
    <NFe xmlns="http://www.portalfiscal.inf.br/nfe">
        <infNFe Id="NFe46142172646585201692675823101259709071127664" versao="4.00">
            <ide>
                <cUF>35</cUF>
                <cNF>73518287</cNF>
                <natOp>Venda de Mercadoria</natOp>
                <mod>55</mod>
                <serie>1</serie>
                <nNF>000320</nNF>
                <dhEmi>2025-10-31T13:11:06-03:00</dhEmi>
                <tpNF>1</tpNF>
                <idDest>1</idDest>
                <cMunFG>3550308</cMunFG>
                <tpImp>1</tpImp>
                <tpEmis>1</tpEmis>
                <cDV>7</cDV>
                <tpAmb>1</tpAmb>
                <finNFe>1</finNFe>
                <indFinal>1</indFinal>
                <indPres>1</indPres>
                <procEmi>0</procEmi>
                <verProc>NF-E SIMULADA</verProc>
            </ide>
            <emit>
                <CNPJ>79.351.602/0001-43</CNPJ>
                <xNome>DA LUZ BARBOSA - ME</xNome>
            </emit>
            <dest>
                <CNPJ>79.213.458/0001-89</CNPJ>
                <xNome>VITOR PINTO</xNome>
            </dest>
            
    <det nItem="1">
        <prod>
            <cProd>6778419301848766</cProd>
            <xProd>ALIAS</xProd>
            <NCM>01012100</NCM>
            <CFOP>5101</CFOP>
            <uCom>UN</uCom>
            <qCom>62.027</qCom>
            <vUnCom>590.35</vUnCom>
            <vProd>36617.64</vProd>
            <rastro>
                <nLote>5345059</nLote>
                <qLote>62.027</qLote>
                <dFab>2025-09-19</dFab>
                <dVal>2026-07-19</dVal>
            </rastro>
        </prod>
        <imposto>
            <ICMS>
                <ICMS00>
                    <orig>0</orig>
                    <CST>00</CST>
                    <pICMS>18.00</pICMS>
                    <vICMS>6591.18</vICMS>
                </ICMS00>
            </ICMS>
        </imposto>
    </det>
    
    <det nItem="2">
        <prod>
            <cProd>6532421269013922</cProd>
            <xProd>LABORE</xProd>
            <NCM>01012100</NCM>
            <CFOP>5101</CFOP>
            <uCom>UN</uCom>
            <qCom>68.126</qCom>
            <vUnCom>310.86</vUnCom>
            <vProd>21177.65</vProd>
            <rastro>
                <nLote>5924738</nLote>
                <qLote>68.126</qLote>
                <dFab>2025-10-21</dFab>
                <dVal>2026-10-29</dVal>
            </rastro>
        </prod>
        <imposto>
            <ICMS>
                <ICMS00>
                    <orig>0</orig>
                    <CST>00</CST>
                    <pICMS>18.00</pICMS>
                    <vICMS>3811.98</vICMS>
                </ICMS00>
            </ICMS>
        </imposto>
    </det>
    
            <total>
                <ICMSTot>
                    <vProd>57795.29</vProd>
                    <vICMS>10403.15</vICMS>
                    <vNF>57795.29</vNF>
                </ICMSTot>
            </total>
        </infNFe>
    </NFe>
</nfeProc>
