<?xml version="1.0" encoding="UTF-8"?>
<nfeProc xmlns="http://www.portalfiscal.inf.br/nfe" versao="4.00">
    <NFe xmlns="http://www.portalfiscal.inf.br/nfe">
        <infNFe Id="NFe18498376119233432944892177563085685812272862" versao="4.00">
            <ide>
                <cUF>35</cUF>
                <cNF>18788826</cNF>
                <natOp>Compra de Mercadoria</natOp>
                <mod>55</mod>
                <serie>1</serie>
                <nNF>000159</nNF>
                <dhEmi>2025-10-31T13:11:06-03:00</dhEmi>
                <tpNF>0</tpNF>
                <idDest>1</idDest>
                <cMunFG>3550308</cMunFG>
                <tpImp>1</tpImp>
                <tpEmis>1</tpEmis>
                <cDV>9</cDV>
                <tpAmb>1</tpAmb>
                <finNFe>1</finNFe>
                <indFinal>1</indFinal>
                <indPres>1</indPres>
                <procEmi>0</procEmi>
                <verProc>NF-E SIMULADA</verProc>
            </ide>
            <emit>
                <CNPJ>05.718.493/0001-13</CNPJ>
                <xNome>SALES</xNome>
            </emit>
            <dest>
                <CNPJ>83.906.512/0001-49</CNPJ>
                <xNome>THIAGO MORAES</xNome>
            </dest>
            
    <det nItem="1">
        <prod>
            <cProd>3629554717788582</cProd>
            <xProd>REM</xProd>
            <NCM>01012100</NCM>
            <CFOP>5101</CFOP>
            <uCom>UN</uCom>
            <qCom>59.776</qCom>
            <vUnCom>397.01</vUnCom>
            <vProd>23731.67</vProd>
            <rastro>
                <nLote>2797188</nLote>
                <qLote>59.776</qLote>
                <dFab>2025-09-18</dFab>
                <dVal>2026-03-04</dVal>
            </rastro>
        </prod>
        <imposto>
            <ICMS>
                <ICMS00>
                    <orig>0</orig>
                    <CST>00</CST>
                    <pICMS>18.00</pICMS>
                    <vICMS>4271.7</vICMS>
                </ICMS00>
            </ICMS>
        </imposto>
    </det>
    
    <det nItem="2">
        <prod>
            <cProd>9199716492564737</cProd>
            <xProd>HARUM</xProd>
            <NCM>01012100</NCM>
            <CFOP>5101</CFOP>
            <uCom>UN</uCom>
            <qCom>92.575</qCom>
            <vUnCom>829.35</vUnCom>
            <vProd>76777.08</vProd>
            <rastro>
                <nLote>8436407</nLote>
                <qLote>92.575</qLote>
                <dFab>2025-08-08</dFab>
                <dVal>2026-07-03</dVal>
            </rastro>
        </prod>
        <imposto>
            <ICMS>
                <ICMS00>
                    <orig>0</orig>
                    <CST>00</CST>
                    <pICMS>18.00</pICMS>
                    <vICMS>13819.87</vICMS>
                </ICMS00>
            </ICMS>
        </imposto>
    </det>
    
            <total>
                <ICMSTot>
                    <vProd>100508.75</vProd>
                    <vICMS>18091.58</vICMS>
                    <vNF>100508.75</vNF>
                </ICMSTot>
            </total>
        </infNFe>
    </NFe>
</nfeProc>
