<?xml version="1.0" encoding="UTF-8"?>
<nfeProc xmlns="http://www.portalfiscal.inf.br/nfe" versao="4.00">
    <NFe xmlns="http://www.portalfiscal.inf.br/nfe">
        <infNFe Id="NFe86691378882992592195958187720892642212543994" versao="4.00">
            <ide>
                <cUF>35</cUF>
                <cNF>12959973</cNF>
                <natOp>Venda de Mercadoria</natOp>
                <mod>55</mod>
                <serie>1</serie>
                <nNF>000157</nNF>
                <dhEmi>2025-10-31T13:11:06-03:00</dhEmi>
                <tpNF>1</tpNF>
                <idDest>1</idDest>
                <cMunFG>3550308</cMunFG>
                <tpImp>1</tpImp>
                <tpEmis>1</tpEmis>
                <cDV>1</cDV>
                <tpAmb>1</tpAmb>
                <finNFe>1</finNFe>
                <indFinal>1</indFinal>
                <indPres>1</indPres>
                <procEmi>0</procEmi>
                <verProc>NF-E SIMULADA</verProc>
            </ide>
            <emit>
                <CNPJ>92.146.587/0001-60</CNPJ>
                <xNome>SILVEIRA</xNome>
            </emit>
            <dest>
                <CNPJ>71.205.634/0001-29</CNPJ>
                <xNome>ANA BEATRIZ NOVAIS</xNome>
            </dest>
            
    <det nItem="1">
        <prod>
            <cProd>8942431490648244</cProd>
            <xProd>DICTA</xProd>
            <NCM>01012100</NCM>
            <CFOP>5101</CFOP>
            <uCom>UN</uCom>
            <qCom>5.423</qCom>
            <vUnCom>946.67</vUnCom>
            <vProd>5133.79</vProd>
            <rastro>
                <nLote>7845604</nLote>
                <qLote>5.423</qLote>
                <dFab>2025-09-19</dFab>
                <dVal>2026-09-07</dVal>
            </rastro>
        </prod>
        <imposto>
            <ICMS>
                <ICMS00>
                    <orig>0</orig>
                    <CST>00</CST>
                    <pICMS>18.00</pICMS>
                    <vICMS>924.08</vICMS>
                </ICMS00>
            </ICMS>
        </imposto>
    </det>
    
    <det nItem="2">
        <prod>
            <cProd>2254663226032746</cProd>
            <xProd>ARCHITECTO</xProd>
            <NCM>01012100</NCM>
            <CFOP>5101</CFOP>
            <uCom>UN</uCom>
            <qCom>65.433</qCom>
            <vUnCom>251.16</vUnCom>
            <vProd>16434.15</vProd>
            <rastro>
                <nLote>8626696</nLote>
                <qLote>65.433</qLote>
                <dFab>2025-08-09</dFab>
                <dVal>2026-05-31</dVal>
            </rastro>
        </prod>
        <imposto>
            <ICMS>
                <ICMS00>
                    <orig>0</orig>
                    <CST>00</CST>
                    <pICMS>18.00</pICMS>
                    <vICMS>2958.15</vICMS>
                </ICMS00>
            </ICMS>
        </imposto>
    </det>
    
    <det nItem="3">
        <prod>
            <cProd>2904130634737197</cProd>
            <xProd>EA</xProd>
            <NCM>01012100</NCM>
            <CFOP>5101</CFOP>
            <uCom>UN</uCom>
            <qCom>25.247</qCom>
            <vUnCom>613.64</vUnCom>
            <vProd>15492.57</vProd>
            <rastro>
                <nLote>6762322</nLote>
                <qLote>25.247</qLote>
                <dFab>2025-08-24</dFab>
                <dVal>2026-08-17</dVal>
            </rastro>
        </prod>
        <imposto>
            <ICMS>
                <ICMS00>
                    <orig>0</orig>
                    <CST>00</CST>
                    <pICMS>18.00</pICMS>
                    <vICMS>2788.66</vICMS>
                </ICMS00>
            </ICMS>
        </imposto>
    </det>
    
    <det nItem="4">
        <prod>
            <cProd>6786116393880673</cProd>
            <xProd>QUO</xProd>
            <NCM>01012100</NCM>
            <CFOP>5101</CFOP>
            <uCom>UN</uCom>
            <qCom>24.798</qCom>
            <vUnCom>59.41</vUnCom>
            <vProd>1473.25</vProd>
            <rastro>
                <nLote>6506803</nLote>
                <qLote>24.798</qLote>
                <dFab>2025-08-15</dFab>
                <dVal>2025-12-07</dVal>
            </rastro>
        </prod>
        <imposto>
            <ICMS>
                <ICMS00>
                    <orig>0</orig>
                    <CST>00</CST>
                    <pICMS>18.00</pICMS>
                    <vICMS>265.19</vICMS>
                </ICMS00>
            </ICMS>
        </imposto>
    </det>
    
            <total>
                <ICMSTot>
                    <vProd>38533.76</vProd>
                    <vICMS>6936.08</vICMS>
                    <vNF>38533.76</vNF>
                </ICMSTot>
            </total>
        </infNFe>
    </NFe>
</nfeProc>
