<?xml version="1.0" encoding="UTF-8"?>
<nfeProc xmlns="http://www.portalfiscal.inf.br/nfe" versao="4.00">
    <NFe xmlns="http://www.portalfiscal.inf.br/nfe">
        <infNFe Id="NFe89040897481820880585567950336031062957608649" versao="4.00">
            <ide>
                <cUF>35</cUF>
                <cNF>85773721</cNF>
                <natOp>Venda de Mercadoria</natOp>
                <mod>55</mod>
                <serie>1</serie>
                <nNF>000093</nNF>
                <dhEmi>2025-10-31T13:11:06-03:00</dhEmi>
                <tpNF>1</tpNF>
                <idDest>1</idDest>
                <cMunFG>3550308</cMunFG>
                <tpImp>1</tpImp>
                <tpEmis>1</tpEmis>
                <cDV>4</cDV>
                <tpAmb>1</tpAmb>
                <finNFe>1</finNFe>
                <indFinal>1</indFinal>
                <indPres>1</indPres>
                <procEmi>0</procEmi>
                <verProc>NF-E SIMULADA</verProc>
            </ide>
            <emit>
                <CNPJ>97.125.803/0001-04</CNPJ>
                <xNome>SOUZA LTDA.</xNome>
            </emit>
            <dest>
                <CNPJ>82.391.407/0001-51</CNPJ>
                <xNome>ASAFE DA LUZ</xNome>
            </dest>
            
    <det nItem="1">
        <prod>
            <cProd>6398847084252921</cProd>
            <xProd>DESERUNT</xProd>
            <NCM>01012100</NCM>
            <CFOP>5101</CFOP>
            <uCom>UN</uCom>
            <qCom>38.729</qCom>
            <vUnCom>323.24</vUnCom>
            <vProd>12518.76</vProd>
            <rastro>
                <nLote>4137098</nLote>
                <qLote>38.729</qLote>
                <dFab>2025-10-25</dFab>
                <dVal>2026-09-18</dVal>
            </rastro>
        </prod>
        <imposto>
            <ICMS>
                <ICMS00>
                    <orig>0</orig>
                    <CST>00</CST>
                    <pICMS>18.00</pICMS>
                    <vICMS>2253.38</vICMS>
                </ICMS00>
            </ICMS>
        </imposto>
    </det>
    
    <det nItem="2">
        <prod>
            <cProd>9714413532111375</cProd>
            <xProd>OPTIO</xProd>
            <NCM>01012100</NCM>
            <CFOP>5101</CFOP>
            <uCom>UN</uCom>
            <qCom>72.876</qCom>
            <vUnCom>229.4</vUnCom>
            <vProd>16717.75</vProd>
            <rastro>
                <nLote>3224182</nLote>
                <qLote>72.876</qLote>
                <dFab>2025-08-10</dFab>
                <dVal>2026-08-08</dVal>
            </rastro>
        </prod>
        <imposto>
            <ICMS>
                <ICMS00>
                    <orig>0</orig>
                    <CST>00</CST>
                    <pICMS>18.00</pICMS>
                    <vICMS>3009.19</vICMS>
                </ICMS00>
            </ICMS>
        </imposto>
    </det>
    
            <total>
                <ICMSTot>
                    <vProd>29236.51</vProd>
                    <vICMS>5262.57</vICMS>
                    <vNF>29236.51</vNF>
                </ICMSTot>
            </total>
        </infNFe>
    </NFe>
</nfeProc>
