<?xml version="1.0" encoding="UTF-8"?>
<nfeProc xmlns="http://www.portalfiscal.inf.br/nfe" versao="4.00">
    <NFe xmlns="http://www.portalfiscal.inf.br/nfe">
        <infNFe Id="NFe36075138085591788939613866825228724312289277" versao="4.00">
            <ide>
                <cUF>35</cUF>
                <cNF>99552348</cNF>
                <natOp>Compra de Mercadoria</natOp>
                <mod>55</mod>
                <serie>1</serie>
                <nNF>000196</nNF>
                <dhEmi>2025-10-31T13:11:06-03:00</dhEmi>
                <tpNF>0</tpNF>
                <idDest>1</idDest>
                <cMunFG>3550308</cMunFG>
                <tpImp>1</tpImp>
                <tpEmis>1</tpEmis>
                <cDV>8</cDV>
                <tpAmb>1</tpAmb>
                <finNFe>1</finNFe>
                <indFinal>1</indFinal>
                <indPres>1</indPres>
                <procEmi>0</procEmi>
                <verProc>NF-E SIMULADA</verProc>
            </ide>
            <emit>
                <CNPJ>53.742.918/0001-72</CNPJ>
                <xNome>ABREU</xNome>
            </emit>
            <dest>
                <CNPJ>12.679.043/0001-24</CNPJ>
                <xNome>FERNANDA SIQUEIRA</xNome>
            </dest>
            
    <det nItem="1">
        <prod>
            <cProd>2303519564198223</cProd>
            <xProd>CONSEQUATUR</xProd>
            <NCM>01012100</NCM>
            <CFOP>5101</CFOP>
            <uCom>UN</uCom>
            <qCom>99.536</qCom>
            <vUnCom>486.59</vUnCom>
            <vProd>48433.22</vProd>
            <rastro>
                <nLote>4069392</nLote>
                <qLote>99.536</qLote>
                <dFab>2025-10-05</dFab>
                <dVal>2026-07-05</dVal>
            </rastro>
        </prod>
        <imposto>
            <ICMS>
                <ICMS00>
                    <orig>0</orig>
                    <CST>00</CST>
                    <pICMS>18.00</pICMS>
                    <vICMS>8717.98</vICMS>
                </ICMS00>
            </ICMS>
        </imposto>
    </det>
    
            <total>
                <ICMSTot>
                    <vProd>48433.22</vProd>
                    <vICMS>8717.98</vICMS>
                    <vNF>48433.22</vNF>
                </ICMSTot>
            </total>
        </infNFe>
    </NFe>
</nfeProc>
