<?xml version="1.0" encoding="UTF-8"?>
<nfeProc xmlns="http://www.portalfiscal.inf.br/nfe" versao="4.00">
    <NFe xmlns="http://www.portalfiscal.inf.br/nfe">
        <infNFe Id="NFe45928679186408699087811692263608006926034397" versao="4.00">
            <ide>
                <cUF>35</cUF>
                <cNF>53924548</cNF>
                <natOp>Venda de Mercadoria</natOp>
                <mod>55</mod>
                <serie>1</serie>
                <nNF>000353</nNF>
                <dhEmi>2025-10-31T13:11:06-03:00</dhEmi>
                <tpNF>1</tpNF>
                <idDest>1</idDest>
                <cMunFG>3550308</cMunFG>
                <tpImp>1</tpImp>
                <tpEmis>1</tpEmis>
                <cDV>3</cDV>
                <tpAmb>1</tpAmb>
                <finNFe>1</finNFe>
                <indFinal>1</indFinal>
                <indPres>1</indPres>
                <procEmi>0</procEmi>
                <verProc>NF-E SIMULADA</verProc>
            </ide>
            <emit>
                <CNPJ>68.532.497/0001-22</CNPJ>
                <xNome>RIBEIRO - ME</xNome>
            </emit>
            <dest>
                <CNPJ>43.851.206/0001-38</CNPJ>
                <xNome>SRA. ANA LUIZA VARGAS</xNome>
            </dest>
            
    <det nItem="1">
        <prod>
            <cProd>7119441804757733</cProd>
            <xProd>VOLUPTATEM</xProd>
            <NCM>01012100</NCM>
            <CFOP>5101</CFOP>
            <uCom>UN</uCom>
            <qCom>27.582</qCom>
            <vUnCom>44.29</vUnCom>
            <vProd>1221.61</vProd>
            <rastro>
                <nLote>2632714</nLote>
                <qLote>27.582</qLote>
                <dFab>2025-09-22</dFab>
                <dVal>2025-12-05</dVal>
            </rastro>
        </prod>
        <imposto>
            <ICMS>
                <ICMS00>
                    <orig>0</orig>
                    <CST>00</CST>
                    <pICMS>18.00</pICMS>
                    <vICMS>219.89</vICMS>
                </ICMS00>
            </ICMS>
        </imposto>
    </det>
    
            <total>
                <ICMSTot>
                    <vProd>1221.61</vProd>
                    <vICMS>219.89</vICMS>
                    <vNF>1221.61</vNF>
                </ICMSTot>
            </total>
        </infNFe>
    </NFe>
</nfeProc>
