<?xml version="1.0" encoding="UTF-8"?>
<nfeProc xmlns="http://www.portalfiscal.inf.br/nfe" versao="4.00">
    <NFe xmlns="http://www.portalfiscal.inf.br/nfe">
        <infNFe Id="NFe44592601151066483388482682418872663453621361" versao="4.00">
            <ide>
                <cUF>35</cUF>
                <cNF>58583601</cNF>
                <natOp>Compra de Mercadoria</natOp>
                <mod>55</mod>
                <serie>1</serie>
                <nNF>000372</nNF>
                <dhEmi>2025-10-31T13:11:06-03:00</dhEmi>
                <tpNF>0</tpNF>
                <idDest>1</idDest>
                <cMunFG>3550308</cMunFG>
                <tpImp>1</tpImp>
                <tpEmis>1</tpEmis>
                <cDV>6</cDV>
                <tpAmb>1</tpAmb>
                <finNFe>1</finNFe>
                <indFinal>1</indFinal>
                <indPres>1</indPres>
                <procEmi>0</procEmi>
                <verProc>NF-E SIMULADA</verProc>
            </ide>
            <emit>
                <CNPJ>23.798.145/0001-85</CNPJ>
                <xNome>CASTRO - EI</xNome>
            </emit>
            <dest>
                <CNPJ>50.291.764/0001-51</CNPJ>
                <xNome>DRA. JULIANA LEÃO</xNome>
            </dest>
            
    <det nItem="1">
        <prod>
            <cProd>3383386980286041</cProd>
            <xProd>ALIQUID</xProd>
            <NCM>01012100</NCM>
            <CFOP>5101</CFOP>
            <uCom>UN</uCom>
            <qCom>98.004</qCom>
            <vUnCom>260.65</vUnCom>
            <vProd>25544.74</vProd>
            <rastro>
                <nLote>5209501</nLote>
                <qLote>98.004</qLote>
                <dFab>2025-09-25</dFab>
                <dVal>2026-05-01</dVal>
            </rastro>
        </prod>
        <imposto>
            <ICMS>
                <ICMS00>
                    <orig>0</orig>
                    <CST>00</CST>
                    <pICMS>18.00</pICMS>
                    <vICMS>4598.05</vICMS>
                </ICMS00>
            </ICMS>
        </imposto>
    </det>
    
    <det nItem="2">
        <prod>
            <cProd>2101030042002470</cProd>
            <xProd>DOLORUM</xProd>
            <NCM>01012100</NCM>
            <CFOP>5101</CFOP>
            <uCom>UN</uCom>
            <qCom>14.511</qCom>
            <vUnCom>172.05</vUnCom>
            <vProd>2496.62</vProd>
            <rastro>
                <nLote>9041014</nLote>
                <qLote>14.511</qLote>
                <dFab>2025-09-18</dFab>
                <dVal>2026-09-20</dVal>
            </rastro>
        </prod>
        <imposto>
            <ICMS>
                <ICMS00>
                    <orig>0</orig>
                    <CST>00</CST>
                    <pICMS>18.00</pICMS>
                    <vICMS>449.39</vICMS>
                </ICMS00>
            </ICMS>
        </imposto>
    </det>
    
    <det nItem="3">
        <prod>
            <cProd>3077347084028275</cProd>
            <xProd>ODIO</xProd>
            <NCM>01012100</NCM>
            <CFOP>5101</CFOP>
            <uCom>UN</uCom>
            <qCom>8.814</qCom>
            <vUnCom>204.1</vUnCom>
            <vProd>1798.94</vProd>
            <rastro>
                <nLote>4322956</nLote>
                <qLote>8.814</qLote>
                <dFab>2025-08-01</dFab>
                <dVal>2026-06-11</dVal>
            </rastro>
        </prod>
        <imposto>
            <ICMS>
                <ICMS00>
                    <orig>0</orig>
                    <CST>00</CST>
                    <pICMS>18.00</pICMS>
                    <vICMS>323.81</vICMS>
                </ICMS00>
            </ICMS>
        </imposto>
    </det>
    
    <det nItem="4">
        <prod>
            <cProd>9320809792304033</cProd>
            <xProd>CULPA</xProd>
            <NCM>01012100</NCM>
            <CFOP>5101</CFOP>
            <uCom>UN</uCom>
            <qCom>72.096</qCom>
            <vUnCom>540.9</vUnCom>
            <vProd>38996.73</vProd>
            <rastro>
                <nLote>9836492</nLote>
                <qLote>72.096</qLote>
                <dFab>2025-09-30</dFab>
                <dVal>2026-07-01</dVal>
            </rastro>
        </prod>
        <imposto>
            <ICMS>
                <ICMS00>
                    <orig>0</orig>
                    <CST>00</CST>
                    <pICMS>18.00</pICMS>
                    <vICMS>7019.41</vICMS>
                </ICMS00>
            </ICMS>
        </imposto>
    </det>
    
            <total>
                <ICMSTot>
                    <vProd>68837.03</vProd>
                    <vICMS>12390.67</vICMS>
                    <vNF>68837.03</vNF>
                </ICMSTot>
            </total>
        </infNFe>
    </NFe>
</nfeProc>
