<?xml version="1.0" encoding="UTF-8"?>
<nfeProc xmlns="http://www.portalfiscal.inf.br/nfe" versao="4.00">
    <NFe xmlns="http://www.portalfiscal.inf.br/nfe">
        <infNFe Id="NFe55601405163613824005839376408450502746150307" versao="4.00">
            <ide>
                <cUF>35</cUF>
                <cNF>74388566</cNF>
                <natOp>Venda de Mercadoria</natOp>
                <mod>55</mod>
                <serie>1</serie>
                <nNF>000381</nNF>
                <dhEmi>2025-10-31T13:11:06-03:00</dhEmi>
                <tpNF>1</tpNF>
                <idDest>1</idDest>
                <cMunFG>3550308</cMunFG>
                <tpImp>1</tpImp>
                <tpEmis>1</tpEmis>
                <cDV>7</cDV>
                <tpAmb>1</tpAmb>
                <finNFe>1</finNFe>
                <indFinal>1</indFinal>
                <indPres>1</indPres>
                <procEmi>0</procEmi>
                <verProc>NF-E SIMULADA</verProc>
            </ide>
            <emit>
                <CNPJ>29.874.651/0001-92</CNPJ>
                <xNome>SOUZA FOGAÇA LTDA.</xNome>
            </emit>
            <dest>
                <CNPJ>38.615.047/0001-32</CNPJ>
                <xNome>SRTA. NINA DA MATA</xNome>
            </dest>
            
    <det nItem="1">
        <prod>
            <cProd>1053784291644876</cProd>
            <xProd>SAPIENTE</xProd>
            <NCM>01012100</NCM>
            <CFOP>5101</CFOP>
            <uCom>UN</uCom>
            <qCom>19.315</qCom>
            <vUnCom>158.51</vUnCom>
            <vProd>3061.62</vProd>
            <rastro>
                <nLote>5851765</nLote>
                <qLote>19.315</qLote>
                <dFab>2025-08-21</dFab>
                <dVal>2026-06-14</dVal>
            </rastro>
        </prod>
        <imposto>
            <ICMS>
                <ICMS00>
                    <orig>0</orig>
                    <CST>00</CST>
                    <pICMS>18.00</pICMS>
                    <vICMS>551.09</vICMS>
                </ICMS00>
            </ICMS>
        </imposto>
    </det>
    
    <det nItem="2">
        <prod>
            <cProd>3663759454578447</cProd>
            <xProd>OMNIS</xProd>
            <NCM>01012100</NCM>
            <CFOP>5101</CFOP>
            <uCom>UN</uCom>
            <qCom>17.199</qCom>
            <vUnCom>488.96</vUnCom>
            <vProd>8409.62</vProd>
            <rastro>
                <nLote>6933580</nLote>
                <qLote>17.199</qLote>
                <dFab>2025-10-11</dFab>
                <dVal>2026-02-25</dVal>
            </rastro>
        </prod>
        <imposto>
            <ICMS>
                <ICMS00>
                    <orig>0</orig>
                    <CST>00</CST>
                    <pICMS>18.00</pICMS>
                    <vICMS>1513.73</vICMS>
                </ICMS00>
            </ICMS>
        </imposto>
    </det>
    
            <total>
                <ICMSTot>
                    <vProd>11471.24</vProd>
                    <vICMS>2064.82</vICMS>
                    <vNF>11471.24</vNF>
                </ICMSTot>
            </total>
        </infNFe>
    </NFe>
</nfeProc>
