<?xml version="1.0" encoding="UTF-8"?>
<nfeProc xmlns="http://www.portalfiscal.inf.br/nfe" versao="4.00">
    <NFe xmlns="http://www.portalfiscal.inf.br/nfe">
        <infNFe Id="NFe82868479434997051226251103597089327414011885" versao="4.00">
            <ide>
                <cUF>35</cUF>
                <cNF>60452938</cNF>
                <natOp>Compra de Mercadoria</natOp>
                <mod>55</mod>
                <serie>1</serie>
                <nNF>000299</nNF>
                <dhEmi>2025-10-31T13:11:06-03:00</dhEmi>
                <tpNF>0</tpNF>
                <idDest>1</idDest>
                <cMunFG>3550308</cMunFG>
                <tpImp>1</tpImp>
                <tpEmis>1</tpEmis>
                <cDV>0</cDV>
                <tpAmb>1</tpAmb>
                <finNFe>1</finNFe>
                <indFinal>1</indFinal>
                <indPres>1</indPres>
                <procEmi>0</procEmi>
                <verProc>NF-E SIMULADA</verProc>
            </ide>
            <emit>
                <CNPJ>16.924.753/0001-23</CNPJ>
                <xNome>NOVAES</xNome>
            </emit>
            <dest>
                <CNPJ>18.390.256/0001-18</CNPJ>
                <xNome>ANA VITÓRIA DA COSTA</xNome>
            </dest>
            
    <det nItem="1">
        <prod>
            <cProd>8299476884679951</cProd>
            <xProd>TEMPORE</xProd>
            <NCM>01012100</NCM>
            <CFOP>5101</CFOP>
            <uCom>UN</uCom>
            <qCom>57.945</qCom>
            <vUnCom>484.63</vUnCom>
            <vProd>28081.89</vProd>
            <rastro>
                <nLote>5814650</nLote>
                <qLote>57.945</qLote>
                <dFab>2025-10-10</dFab>
                <dVal>2026-05-31</dVal>
            </rastro>
        </prod>
        <imposto>
            <ICMS>
                <ICMS00>
                    <orig>0</orig>
                    <CST>00</CST>
                    <pICMS>18.00</pICMS>
                    <vICMS>5054.74</vICMS>
                </ICMS00>
            </ICMS>
        </imposto>
    </det>
    
    <det nItem="2">
        <prod>
            <cProd>1681701093565419</cProd>
            <xProd>DEBITIS</xProd>
            <NCM>01012100</NCM>
            <CFOP>5101</CFOP>
            <uCom>UN</uCom>
            <qCom>90.444</qCom>
            <vUnCom>98.15</vUnCom>
            <vProd>8877.08</vProd>
            <rastro>
                <nLote>7941987</nLote>
                <qLote>90.444</qLote>
                <dFab>2025-10-28</dFab>
                <dVal>2026-08-23</dVal>
            </rastro>
        </prod>
        <imposto>
            <ICMS>
                <ICMS00>
                    <orig>0</orig>
                    <CST>00</CST>
                    <pICMS>18.00</pICMS>
                    <vICMS>1597.87</vICMS>
                </ICMS00>
            </ICMS>
        </imposto>
    </det>
    
    <det nItem="3">
        <prod>
            <cProd>9307841225832136</cProd>
            <xProd>ARCHITECTO</xProd>
            <NCM>01012100</NCM>
            <CFOP>5101</CFOP>
            <uCom>UN</uCom>
            <qCom>70.397</qCom>
            <vUnCom>700.27</vUnCom>
            <vProd>49296.91</vProd>
            <rastro>
                <nLote>2464685</nLote>
                <qLote>70.397</qLote>
                <dFab>2025-08-11</dFab>
                <dVal>2025-12-03</dVal>
            </rastro>
        </prod>
        <imposto>
            <ICMS>
                <ICMS00>
                    <orig>0</orig>
                    <CST>00</CST>
                    <pICMS>18.00</pICMS>
                    <vICMS>8873.44</vICMS>
                </ICMS00>
            </ICMS>
        </imposto>
    </det>
    
    <det nItem="4">
        <prod>
            <cProd>8357735737463447</cProd>
            <xProd>MODI</xProd>
            <NCM>01012100</NCM>
            <CFOP>5101</CFOP>
            <uCom>UN</uCom>
            <qCom>80.901</qCom>
            <vUnCom>846.95</vUnCom>
            <vProd>68519.1</vProd>
            <rastro>
                <nLote>1216666</nLote>
                <qLote>80.901</qLote>
                <dFab>2025-10-11</dFab>
                <dVal>2026-06-11</dVal>
            </rastro>
        </prod>
        <imposto>
            <ICMS>
                <ICMS00>
                    <orig>0</orig>
                    <CST>00</CST>
                    <pICMS>18.00</pICMS>
                    <vICMS>12333.44</vICMS>
                </ICMS00>
            </ICMS>
        </imposto>
    </det>
    
    <det nItem="5">
        <prod>
            <cProd>4984622941910368</cProd>
            <xProd>LABORIOSAM</xProd>
            <NCM>01012100</NCM>
            <CFOP>5101</CFOP>
            <uCom>UN</uCom>
            <qCom>49.455</qCom>
            <vUnCom>703.2</vUnCom>
            <vProd>34776.76</vProd>
            <rastro>
                <nLote>8732666</nLote>
                <qLote>49.455</qLote>
                <dFab>2025-10-08</dFab>
                <dVal>2026-10-05</dVal>
            </rastro>
        </prod>
        <imposto>
            <ICMS>
                <ICMS00>
                    <orig>0</orig>
                    <CST>00</CST>
                    <pICMS>18.00</pICMS>
                    <vICMS>6259.82</vICMS>
                </ICMS00>
            </ICMS>
        </imposto>
    </det>
    
            <total>
                <ICMSTot>
                    <vProd>189551.74</vProd>
                    <vICMS>34119.31</vICMS>
                    <vNF>189551.74</vNF>
                </ICMSTot>
            </total>
        </infNFe>
    </NFe>
</nfeProc>
