<?xml version="1.0" encoding="UTF-8"?>
<nfeProc xmlns="http://www.portalfiscal.inf.br/nfe" versao="4.00">
    <NFe xmlns="http://www.portalfiscal.inf.br/nfe">
        <infNFe Id="NFe95499061787858913231928978032818959844134613" versao="4.00">
            <ide>
                <cUF>35</cUF>
                <cNF>57595147</cNF>
                <natOp>Compra de Mercadoria</natOp>
                <mod>55</mod>
                <serie>1</serie>
                <nNF>000351</nNF>
                <dhEmi>2025-10-31T13:11:06-03:00</dhEmi>
                <tpNF>0</tpNF>
                <idDest>1</idDest>
                <cMunFG>3550308</cMunFG>
                <tpImp>1</tpImp>
                <tpEmis>1</tpEmis>
                <cDV>4</cDV>
                <tpAmb>1</tpAmb>
                <finNFe>1</finNFe>
                <indFinal>1</indFinal>
                <indPres>1</indPres>
                <procEmi>0</procEmi>
                <verProc>NF-E SIMULADA</verProc>
            </ide>
            <emit>
                <CNPJ>24.076.938/0001-53</CNPJ>
                <xNome>OLIVEIRA</xNome>
            </emit>
            <dest>
                <CNPJ>38.912.047/0001-02</CNPJ>
                <xNome>JOÃO FELIPE ROCHA</xNome>
            </dest>
            
    <det nItem="1">
        <prod>
            <cProd>2213821391442294</cProd>
            <xProd>DOLOREMQUE</xProd>
            <NCM>01012100</NCM>
            <CFOP>5101</CFOP>
            <uCom>UN</uCom>
            <qCom>37.703</qCom>
            <vUnCom>851.51</vUnCom>
            <vProd>32104.48</vProd>
            <rastro>
                <nLote>6782948</nLote>
                <qLote>37.703</qLote>
                <dFab>2025-10-25</dFab>
                <dVal>2025-12-11</dVal>
            </rastro>
        </prod>
        <imposto>
            <ICMS>
                <ICMS00>
                    <orig>0</orig>
                    <CST>00</CST>
                    <pICMS>18.00</pICMS>
                    <vICMS>5778.81</vICMS>
                </ICMS00>
            </ICMS>
        </imposto>
    </det>
    
    <det nItem="2">
        <prod>
            <cProd>9724812155643033</cProd>
            <xProd>MAGNI</xProd>
            <NCM>01012100</NCM>
            <CFOP>5101</CFOP>
            <uCom>UN</uCom>
            <qCom>5.337</qCom>
            <vUnCom>853.62</vUnCom>
            <vProd>4555.77</vProd>
            <rastro>
                <nLote>6957812</nLote>
                <qLote>5.337</qLote>
                <dFab>2025-10-27</dFab>
                <dVal>2026-04-04</dVal>
            </rastro>
        </prod>
        <imposto>
            <ICMS>
                <ICMS00>
                    <orig>0</orig>
                    <CST>00</CST>
                    <pICMS>18.00</pICMS>
                    <vICMS>820.04</vICMS>
                </ICMS00>
            </ICMS>
        </imposto>
    </det>
    
            <total>
                <ICMSTot>
                    <vProd>36660.25</vProd>
                    <vICMS>6598.84</vICMS>
                    <vNF>36660.25</vNF>
                </ICMSTot>
            </total>
        </infNFe>
    </NFe>
</nfeProc>
