<?xml version="1.0" encoding="UTF-8"?>
<nfeProc xmlns="http://www.portalfiscal.inf.br/nfe" versao="4.00">
    <NFe xmlns="http://www.portalfiscal.inf.br/nfe">
        <infNFe Id="NFe37475012111596059519752365291274117666405785" versao="4.00">
            <ide>
                <cUF>35</cUF>
                <cNF>38431636</cNF>
                <natOp>Venda de Mercadoria</natOp>
                <mod>55</mod>
                <serie>1</serie>
                <nNF>000356</nNF>
                <dhEmi>2025-10-31T13:11:06-03:00</dhEmi>
                <tpNF>1</tpNF>
                <idDest>1</idDest>
                <cMunFG>3550308</cMunFG>
                <tpImp>1</tpImp>
                <tpEmis>1</tpEmis>
                <cDV>3</cDV>
                <tpAmb>1</tpAmb>
                <finNFe>1</finNFe>
                <indFinal>1</indFinal>
                <indPres>1</indPres>
                <procEmi>0</procEmi>
                <verProc>NF-E SIMULADA</verProc>
            </ide>
            <emit>
                <CNPJ>97.820.415/0001-43</CNPJ>
                <xNome>SAMPAIO ANDRADE E FILHOS</xNome>
            </emit>
            <dest>
                <CNPJ>28.054.716/0001-90</CNPJ>
                <xNome>OLÍVIA ARAÚJO</xNome>
            </dest>
            
    <det nItem="1">
        <prod>
            <cProd>9154593929445201</cProd>
            <xProd>SOLUTA</xProd>
            <NCM>01012100</NCM>
            <CFOP>5101</CFOP>
            <uCom>UN</uCom>
            <qCom>82.809</qCom>
            <vUnCom>747.58</vUnCom>
            <vProd>61906.35</vProd>
            <rastro>
                <nLote>1386819</nLote>
                <qLote>82.809</qLote>
                <dFab>2025-10-17</dFab>
                <dVal>2026-06-18</dVal>
            </rastro>
        </prod>
        <imposto>
            <ICMS>
                <ICMS00>
                    <orig>0</orig>
                    <CST>00</CST>
                    <pICMS>18.00</pICMS>
                    <vICMS>11143.14</vICMS>
                </ICMS00>
            </ICMS>
        </imposto>
    </det>
    
            <total>
                <ICMSTot>
                    <vProd>61906.35</vProd>
                    <vICMS>11143.14</vICMS>
                    <vNF>61906.35</vNF>
                </ICMSTot>
            </total>
        </infNFe>
    </NFe>
</nfeProc>
