<?xml version="1.0" encoding="UTF-8"?>
<nfeProc xmlns="http://www.portalfiscal.inf.br/nfe" versao="4.00">
    <NFe xmlns="http://www.portalfiscal.inf.br/nfe">
        <infNFe Id="NFe11476116743742470260904733161790794556553407" versao="4.00">
            <ide>
                <cUF>35</cUF>
                <cNF>18686138</cNF>
                <natOp>Venda de Mercadoria</natOp>
                <mod>55</mod>
                <serie>1</serie>
                <nNF>000380</nNF>
                <dhEmi>2025-10-31T13:11:06-03:00</dhEmi>
                <tpNF>1</tpNF>
                <idDest>1</idDest>
                <cMunFG>3550308</cMunFG>
                <tpImp>1</tpImp>
                <tpEmis>1</tpEmis>
                <cDV>4</cDV>
                <tpAmb>1</tpAmb>
                <finNFe>1</finNFe>
                <indFinal>1</indFinal>
                <indPres>1</indPres>
                <procEmi>0</procEmi>
                <verProc>NF-E SIMULADA</verProc>
            </ide>
            <emit>
                <CNPJ>80.479.521/0001-02</CNPJ>
                <xNome>GARCIA</xNome>
            </emit>
            <dest>
                <CNPJ>59.701.428/0001-04</CNPJ>
                <xNome>RODRIGO SOUZA</xNome>
            </dest>
            
    <det nItem="1">
        <prod>
            <cProd>2357775997266772</cProd>
            <xProd>FACILIS</xProd>
            <NCM>01012100</NCM>
            <CFOP>5101</CFOP>
            <uCom>UN</uCom>
            <qCom>14.731</qCom>
            <vUnCom>791.69</vUnCom>
            <vProd>11662.39</vProd>
            <rastro>
                <nLote>4069642</nLote>
                <qLote>14.731</qLote>
                <dFab>2025-08-13</dFab>
                <dVal>2026-04-11</dVal>
            </rastro>
        </prod>
        <imposto>
            <ICMS>
                <ICMS00>
                    <orig>0</orig>
                    <CST>00</CST>
                    <pICMS>18.00</pICMS>
                    <vICMS>2099.23</vICMS>
                </ICMS00>
            </ICMS>
        </imposto>
    </det>
    
            <total>
                <ICMSTot>
                    <vProd>11662.39</vProd>
                    <vICMS>2099.23</vICMS>
                    <vNF>11662.39</vNF>
                </ICMSTot>
            </total>
        </infNFe>
    </NFe>
</nfeProc>
