<?xml version="1.0" encoding="UTF-8"?>
<nfeProc xmlns="http://www.portalfiscal.inf.br/nfe" versao="4.00">
    <NFe xmlns="http://www.portalfiscal.inf.br/nfe">
        <infNFe Id="NFe87921533589874953539683424047559914771961688" versao="4.00">
            <ide>
                <cUF>35</cUF>
                <cNF>65478241</cNF>
                <natOp>Venda de Mercadoria</natOp>
                <mod>55</mod>
                <serie>1</serie>
                <nNF>000187</nNF>
                <dhEmi>2025-10-31T13:11:06-03:00</dhEmi>
                <tpNF>1</tpNF>
                <idDest>1</idDest>
                <cMunFG>3550308</cMunFG>
                <tpImp>1</tpImp>
                <tpEmis>1</tpEmis>
                <cDV>9</cDV>
                <tpAmb>1</tpAmb>
                <finNFe>1</finNFe>
                <indFinal>1</indFinal>
                <indPres>1</indPres>
                <procEmi>0</procEmi>
                <verProc>NF-E SIMULADA</verProc>
            </ide>
            <emit>
                <CNPJ>60.179.843/0001-29</CNPJ>
                <xNome>CASSIANO</xNome>
            </emit>
            <dest>
                <CNPJ>87.961.042/0001-77</CNPJ>
                <xNome>ISABELLA SILVA</xNome>
            </dest>
            
    <det nItem="1">
        <prod>
            <cProd>1345417575930971</cProd>
            <xProd>NEMO</xProd>
            <NCM>01012100</NCM>
            <CFOP>5101</CFOP>
            <uCom>UN</uCom>
            <qCom>93.314</qCom>
            <vUnCom>348.35</vUnCom>
            <vProd>32505.93</vProd>
            <rastro>
                <nLote>8246973</nLote>
                <qLote>93.314</qLote>
                <dFab>2025-09-17</dFab>
                <dVal>2026-07-26</dVal>
            </rastro>
        </prod>
        <imposto>
            <ICMS>
                <ICMS00>
                    <orig>0</orig>
                    <CST>00</CST>
                    <pICMS>18.00</pICMS>
                    <vICMS>5851.07</vICMS>
                </ICMS00>
            </ICMS>
        </imposto>
    </det>
    
            <total>
                <ICMSTot>
                    <vProd>32505.93</vProd>
                    <vICMS>5851.07</vICMS>
                    <vNF>32505.93</vNF>
                </ICMSTot>
            </total>
        </infNFe>
    </NFe>
</nfeProc>
