<?xml version="1.0" encoding="UTF-8"?>
<nfeProc xmlns="http://www.portalfiscal.inf.br/nfe" versao="4.00">
    <NFe xmlns="http://www.portalfiscal.inf.br/nfe">
        <infNFe Id="NFe71812047742816332428163697234265068796935015" versao="4.00">
            <ide>
                <cUF>35</cUF>
                <cNF>53234596</cNF>
                <natOp>Compra de Mercadoria</natOp>
                <mod>55</mod>
                <serie>1</serie>
                <nNF>000135</nNF>
                <dhEmi>2025-10-31T13:11:06-03:00</dhEmi>
                <tpNF>0</tpNF>
                <idDest>1</idDest>
                <cMunFG>3550308</cMunFG>
                <tpImp>1</tpImp>
                <tpEmis>1</tpEmis>
                <cDV>5</cDV>
                <tpAmb>1</tpAmb>
                <finNFe>1</finNFe>
                <indFinal>1</indFinal>
                <indPres>1</indPres>
                <procEmi>0</procEmi>
                <verProc>NF-E SIMULADA</verProc>
            </ide>
            <emit>
                <CNPJ>75.064.329/0001-15</CNPJ>
                <xNome>SOUZA</xNome>
            </emit>
            <dest>
                <CNPJ>12.796.840/0001-91</CNPJ>
                <xNome>CLARA FERREIRA</xNome>
            </dest>
            
    <det nItem="1">
        <prod>
            <cProd>9227500144810554</cProd>
            <xProd>INVENTORE</xProd>
            <NCM>01012100</NCM>
            <CFOP>5101</CFOP>
            <uCom>UN</uCom>
            <qCom>98.669</qCom>
            <vUnCom>123.33</vUnCom>
            <vProd>12168.85</vProd>
            <rastro>
                <nLote>6927216</nLote>
                <qLote>98.669</qLote>
                <dFab>2025-08-05</dFab>
                <dVal>2026-04-02</dVal>
            </rastro>
        </prod>
        <imposto>
            <ICMS>
                <ICMS00>
                    <orig>0</orig>
                    <CST>00</CST>
                    <pICMS>18.00</pICMS>
                    <vICMS>2190.39</vICMS>
                </ICMS00>
            </ICMS>
        </imposto>
    </det>
    
    <det nItem="2">
        <prod>
            <cProd>1207238988212880</cProd>
            <xProd>ASPERIORES</xProd>
            <NCM>01012100</NCM>
            <CFOP>5101</CFOP>
            <uCom>UN</uCom>
            <qCom>41.838</qCom>
            <vUnCom>424.43</vUnCom>
            <vProd>17757.3</vProd>
            <rastro>
                <nLote>9940811</nLote>
                <qLote>41.838</qLote>
                <dFab>2025-08-03</dFab>
                <dVal>2025-11-30</dVal>
            </rastro>
        </prod>
        <imposto>
            <ICMS>
                <ICMS00>
                    <orig>0</orig>
                    <CST>00</CST>
                    <pICMS>18.00</pICMS>
                    <vICMS>3196.31</vICMS>
                </ICMS00>
            </ICMS>
        </imposto>
    </det>
    
    <det nItem="3">
        <prod>
            <cProd>4154952109022257</cProd>
            <xProd>ACCUSANTIUM</xProd>
            <NCM>01012100</NCM>
            <CFOP>5101</CFOP>
            <uCom>UN</uCom>
            <qCom>39.643</qCom>
            <vUnCom>16.08</vUnCom>
            <vProd>637.46</vProd>
            <rastro>
                <nLote>3026058</nLote>
                <qLote>39.643</qLote>
                <dFab>2025-08-01</dFab>
                <dVal>2026-06-29</dVal>
            </rastro>
        </prod>
        <imposto>
            <ICMS>
                <ICMS00>
                    <orig>0</orig>
                    <CST>00</CST>
                    <pICMS>18.00</pICMS>
                    <vICMS>114.74</vICMS>
                </ICMS00>
            </ICMS>
        </imposto>
    </det>
    
            <total>
                <ICMSTot>
                    <vProd>30563.61</vProd>
                    <vICMS>5501.45</vICMS>
                    <vNF>30563.61</vNF>
                </ICMSTot>
            </total>
        </infNFe>
    </NFe>
</nfeProc>
