<?xml version="1.0" encoding="UTF-8"?>
<nfeProc xmlns="http://www.portalfiscal.inf.br/nfe" versao="4.00">
    <NFe xmlns="http://www.portalfiscal.inf.br/nfe">
        <infNFe Id="NFe57950298602654821288480610508112037256340517" versao="4.00">
            <ide>
                <cUF>35</cUF>
                <cNF>40929751</cNF>
                <natOp>Compra de Mercadoria</natOp>
                <mod>55</mod>
                <serie>1</serie>
                <nNF>000258</nNF>
                <dhEmi>2025-10-31T13:11:06-03:00</dhEmi>
                <tpNF>0</tpNF>
                <idDest>1</idDest>
                <cMunFG>3550308</cMunFG>
                <tpImp>1</tpImp>
                <tpEmis>1</tpEmis>
                <cDV>7</cDV>
                <tpAmb>1</tpAmb>
                <finNFe>1</finNFe>
                <indFinal>1</indFinal>
                <indPres>1</indPres>
                <procEmi>0</procEmi>
                <verProc>NF-E SIMULADA</verProc>
            </ide>
            <emit>
                <CNPJ>47.932.186/0001-80</CNPJ>
                <xNome>CORREIA NASCIMENTO S/A</xNome>
            </emit>
            <dest>
                <CNPJ>36.152.708/0001-05</CNPJ>
                <xNome>BRAYAN PASTOR</xNome>
            </dest>
            
    <det nItem="1">
        <prod>
            <cProd>5781017731244922</cProd>
            <xProd>PROVIDENT</xProd>
            <NCM>01012100</NCM>
            <CFOP>5101</CFOP>
            <uCom>UN</uCom>
            <qCom>54.276</qCom>
            <vUnCom>956.68</vUnCom>
            <vProd>51924.76</vProd>
            <rastro>
                <nLote>9963901</nLote>
                <qLote>54.276</qLote>
                <dFab>2025-08-03</dFab>
                <dVal>2026-08-19</dVal>
            </rastro>
        </prod>
        <imposto>
            <ICMS>
                <ICMS00>
                    <orig>0</orig>
                    <CST>00</CST>
                    <pICMS>18.00</pICMS>
                    <vICMS>9346.46</vICMS>
                </ICMS00>
            </ICMS>
        </imposto>
    </det>
    
            <total>
                <ICMSTot>
                    <vProd>51924.76</vProd>
                    <vICMS>9346.46</vICMS>
                    <vNF>51924.76</vNF>
                </ICMSTot>
            </total>
        </infNFe>
    </NFe>
</nfeProc>
