<?xml version="1.0" encoding="UTF-8"?>
<nfeProc xmlns="http://www.portalfiscal.inf.br/nfe" versao="4.00">
    <NFe xmlns="http://www.portalfiscal.inf.br/nfe">
        <infNFe Id="NFe48174083895615194644623622486607656843249067" versao="4.00">
            <ide>
                <cUF>35</cUF>
                <cNF>49730330</cNF>
                <natOp>Compra de Mercadoria</natOp>
                <mod>55</mod>
                <serie>1</serie>
                <nNF>000175</nNF>
                <dhEmi>2025-10-31T13:11:06-03:00</dhEmi>
                <tpNF>0</tpNF>
                <idDest>1</idDest>
                <cMunFG>3550308</cMunFG>
                <tpImp>1</tpImp>
                <tpEmis>1</tpEmis>
                <cDV>9</cDV>
                <tpAmb>1</tpAmb>
                <finNFe>1</finNFe>
                <indFinal>1</indFinal>
                <indPres>1</indPres>
                <procEmi>0</procEmi>
                <verProc>NF-E SIMULADA</verProc>
            </ide>
            <emit>
                <CNPJ>08.643.259/0001-62</CNPJ>
                <xNome>SALES</xNome>
            </emit>
            <dest>
                <CNPJ>80.132.945/0001-04</CNPJ>
                <xNome>SR. THALES NUNES</xNome>
            </dest>
            
    <det nItem="1">
        <prod>
            <cProd>5495942402200721</cProd>
            <xProd>DOLORUM</xProd>
            <NCM>01012100</NCM>
            <CFOP>5101</CFOP>
            <uCom>UN</uCom>
            <qCom>79.837</qCom>
            <vUnCom>238.57</vUnCom>
            <vProd>19046.71</vProd>
            <rastro>
                <nLote>2316071</nLote>
                <qLote>79.837</qLote>
                <dFab>2025-10-27</dFab>
                <dVal>2026-04-16</dVal>
            </rastro>
        </prod>
        <imposto>
            <ICMS>
                <ICMS00>
                    <orig>0</orig>
                    <CST>00</CST>
                    <pICMS>18.00</pICMS>
                    <vICMS>3428.41</vICMS>
                </ICMS00>
            </ICMS>
        </imposto>
    </det>
    
            <total>
                <ICMSTot>
                    <vProd>19046.71</vProd>
                    <vICMS>3428.41</vICMS>
                    <vNF>19046.71</vNF>
                </ICMSTot>
            </total>
        </infNFe>
    </NFe>
</nfeProc>
