<?xml version="1.0" encoding="UTF-8"?>
<nfeProc xmlns="http://www.portalfiscal.inf.br/nfe" versao="4.00">
    <NFe xmlns="http://www.portalfiscal.inf.br/nfe">
        <infNFe Id="NFe41891219556386920791978582681476569296702482" versao="4.00">
            <ide>
                <cUF>35</cUF>
                <cNF>17842361</cNF>
                <natOp>Compra de Mercadoria</natOp>
                <mod>55</mod>
                <serie>1</serie>
                <nNF>000120</nNF>
                <dhEmi>2025-10-31T13:11:06-03:00</dhEmi>
                <tpNF>0</tpNF>
                <idDest>1</idDest>
                <cMunFG>3550308</cMunFG>
                <tpImp>1</tpImp>
                <tpEmis>1</tpEmis>
                <cDV>8</cDV>
                <tpAmb>1</tpAmb>
                <finNFe>1</finNFe>
                <indFinal>1</indFinal>
                <indPres>1</indPres>
                <procEmi>0</procEmi>
                <verProc>NF-E SIMULADA</verProc>
            </ide>
            <emit>
                <CNPJ>98.075.324/0001-93</CNPJ>
                <xNome>CAVALCANTE CUNHA - EI</xNome>
            </emit>
            <dest>
                <CNPJ>47.903.216/0001-20</CNPJ>
                <xNome>BEATRIZ CUNHA</xNome>
            </dest>
            
    <det nItem="1">
        <prod>
            <cProd>4935782600968079</cProd>
            <xProd>OCCAECATI</xProd>
            <NCM>01012100</NCM>
            <CFOP>5101</CFOP>
            <uCom>UN</uCom>
            <qCom>88.01</qCom>
            <vUnCom>459.59</vUnCom>
            <vProd>40448.52</vProd>
            <rastro>
                <nLote>3430213</nLote>
                <qLote>88.01</qLote>
                <dFab>2025-10-19</dFab>
                <dVal>2026-08-30</dVal>
            </rastro>
        </prod>
        <imposto>
            <ICMS>
                <ICMS00>
                    <orig>0</orig>
                    <CST>00</CST>
                    <pICMS>18.00</pICMS>
                    <vICMS>7280.73</vICMS>
                </ICMS00>
            </ICMS>
        </imposto>
    </det>
    
    <det nItem="2">
        <prod>
            <cProd>1970495981453485</cProd>
            <xProd>PLACEAT</xProd>
            <NCM>01012100</NCM>
            <CFOP>5101</CFOP>
            <uCom>UN</uCom>
            <qCom>80.101</qCom>
            <vUnCom>874.85</vUnCom>
            <vProd>70076.36</vProd>
            <rastro>
                <nLote>9768457</nLote>
                <qLote>80.101</qLote>
                <dFab>2025-09-05</dFab>
                <dVal>2026-05-01</dVal>
            </rastro>
        </prod>
        <imposto>
            <ICMS>
                <ICMS00>
                    <orig>0</orig>
                    <CST>00</CST>
                    <pICMS>18.00</pICMS>
                    <vICMS>12613.74</vICMS>
                </ICMS00>
            </ICMS>
        </imposto>
    </det>
    
    <det nItem="3">
        <prod>
            <cProd>4203768661368244</cProd>
            <xProd>MAIORES</xProd>
            <NCM>01012100</NCM>
            <CFOP>5101</CFOP>
            <uCom>UN</uCom>
            <qCom>35.592</qCom>
            <vUnCom>318.43</vUnCom>
            <vProd>11333.56</vProd>
            <rastro>
                <nLote>7740353</nLote>
                <qLote>35.592</qLote>
                <dFab>2025-08-10</dFab>
                <dVal>2026-04-28</dVal>
            </rastro>
        </prod>
        <imposto>
            <ICMS>
                <ICMS00>
                    <orig>0</orig>
                    <CST>00</CST>
                    <pICMS>18.00</pICMS>
                    <vICMS>2040.04</vICMS>
                </ICMS00>
            </ICMS>
        </imposto>
    </det>
    
            <total>
                <ICMSTot>
                    <vProd>121858.44</vProd>
                    <vICMS>21934.52</vICMS>
                    <vNF>121858.44</vNF>
                </ICMSTot>
            </total>
        </infNFe>
    </NFe>
</nfeProc>
