<?xml version="1.0" encoding="UTF-8"?>
<nfeProc xmlns="http://www.portalfiscal.inf.br/nfe" versao="4.00">
    <NFe xmlns="http://www.portalfiscal.inf.br/nfe">
        <infNFe Id="NFe46426454664165262273402250149892115026510673" versao="4.00">
            <ide>
                <cUF>35</cUF>
                <cNF>58490603</cNF>
                <natOp>Compra de Mercadoria</natOp>
                <mod>55</mod>
                <serie>1</serie>
                <nNF>000073</nNF>
                <dhEmi>2025-10-31T13:11:06-03:00</dhEmi>
                <tpNF>0</tpNF>
                <idDest>1</idDest>
                <cMunFG>3550308</cMunFG>
                <tpImp>1</tpImp>
                <tpEmis>1</tpEmis>
                <cDV>5</cDV>
                <tpAmb>1</tpAmb>
                <finNFe>1</finNFe>
                <indFinal>1</indFinal>
                <indPres>1</indPres>
                <procEmi>0</procEmi>
                <verProc>NF-E SIMULADA</verProc>
            </ide>
            <emit>
                <CNPJ>36.412.098/0001-31</CNPJ>
                <xNome>CAMPOS</xNome>
            </emit>
            <dest>
                <CNPJ>32.756.194/0001-46</CNPJ>
                <xNome>SRA. LUNA VARGAS</xNome>
            </dest>
            
    <det nItem="1">
        <prod>
            <cProd>9307025183529083</cProd>
            <xProd>DELENITI</xProd>
            <NCM>01012100</NCM>
            <CFOP>5101</CFOP>
            <uCom>UN</uCom>
            <qCom>45.534</qCom>
            <vUnCom>809.62</vUnCom>
            <vProd>36865.24</vProd>
            <rastro>
                <nLote>4160915</nLote>
                <qLote>45.534</qLote>
                <dFab>2025-09-09</dFab>
                <dVal>2026-01-31</dVal>
            </rastro>
        </prod>
        <imposto>
            <ICMS>
                <ICMS00>
                    <orig>0</orig>
                    <CST>00</CST>
                    <pICMS>18.00</pICMS>
                    <vICMS>6635.74</vICMS>
                </ICMS00>
            </ICMS>
        </imposto>
    </det>
    
    <det nItem="2">
        <prod>
            <cProd>4934411793675669</cProd>
            <xProd>QUASI</xProd>
            <NCM>01012100</NCM>
            <CFOP>5101</CFOP>
            <uCom>UN</uCom>
            <qCom>74.458</qCom>
            <vUnCom>722.89</vUnCom>
            <vProd>53824.94</vProd>
            <rastro>
                <nLote>5796127</nLote>
                <qLote>74.458</qLote>
                <dFab>2025-08-05</dFab>
                <dVal>2026-03-01</dVal>
            </rastro>
        </prod>
        <imposto>
            <ICMS>
                <ICMS00>
                    <orig>0</orig>
                    <CST>00</CST>
                    <pICMS>18.00</pICMS>
                    <vICMS>9688.49</vICMS>
                </ICMS00>
            </ICMS>
        </imposto>
    </det>
    
            <total>
                <ICMSTot>
                    <vProd>90690.18</vProd>
                    <vICMS>16324.23</vICMS>
                    <vNF>90690.18</vNF>
                </ICMSTot>
            </total>
        </infNFe>
    </NFe>
</nfeProc>
