<?xml version="1.0" encoding="UTF-8"?>
<nfeProc xmlns="http://www.portalfiscal.inf.br/nfe" versao="4.00">
    <NFe xmlns="http://www.portalfiscal.inf.br/nfe">
        <infNFe Id="NFe66966233317275758961628998346963123374692104" versao="4.00">
            <ide>
                <cUF>35</cUF>
                <cNF>33912134</cNF>
                <natOp>Compra de Mercadoria</natOp>
                <mod>55</mod>
                <serie>1</serie>
                <nNF>000205</nNF>
                <dhEmi>2025-10-31T13:11:06-03:00</dhEmi>
                <tpNF>0</tpNF>
                <idDest>1</idDest>
                <cMunFG>3550308</cMunFG>
                <tpImp>1</tpImp>
                <tpEmis>1</tpEmis>
                <cDV>6</cDV>
                <tpAmb>1</tpAmb>
                <finNFe>1</finNFe>
                <indFinal>1</indFinal>
                <indPres>1</indPres>
                <procEmi>0</procEmi>
                <verProc>NF-E SIMULADA</verProc>
            </ide>
            <emit>
                <CNPJ>67.481.239/0001-00</CNPJ>
                <xNome>NASCIMENTO S.A.</xNome>
            </emit>
            <dest>
                <CNPJ>81.379.046/0001-65</CNPJ>
                <xNome>LUANA CALDEIRA</xNome>
            </dest>
            
    <det nItem="1">
        <prod>
            <cProd>8804435002762938</cProd>
            <xProd>DOLORIBUS</xProd>
            <NCM>01012100</NCM>
            <CFOP>5101</CFOP>
            <uCom>UN</uCom>
            <qCom>61.166</qCom>
            <vUnCom>951.34</vUnCom>
            <vProd>58189.66</vProd>
            <rastro>
                <nLote>6038703</nLote>
                <qLote>61.166</qLote>
                <dFab>2025-08-14</dFab>
                <dVal>2026-05-08</dVal>
            </rastro>
        </prod>
        <imposto>
            <ICMS>
                <ICMS00>
                    <orig>0</orig>
                    <CST>00</CST>
                    <pICMS>18.00</pICMS>
                    <vICMS>10474.14</vICMS>
                </ICMS00>
            </ICMS>
        </imposto>
    </det>
    
            <total>
                <ICMSTot>
                    <vProd>58189.66</vProd>
                    <vICMS>10474.14</vICMS>
                    <vNF>58189.66</vNF>
                </ICMSTot>
            </total>
        </infNFe>
    </NFe>
</nfeProc>
