<?xml version="1.0" encoding="UTF-8"?>
<nfeProc xmlns="http://www.portalfiscal.inf.br/nfe" versao="4.00">
    <NFe xmlns="http://www.portalfiscal.inf.br/nfe">
        <infNFe Id="NFe96028461692012535674827130833013874763024460" versao="4.00">
            <ide>
                <cUF>35</cUF>
                <cNF>30910570</cNF>
                <natOp>Compra de Mercadoria</natOp>
                <mod>55</mod>
                <serie>1</serie>
                <nNF>000338</nNF>
                <dhEmi>2025-10-31T13:11:06-03:00</dhEmi>
                <tpNF>0</tpNF>
                <idDest>1</idDest>
                <cMunFG>3550308</cMunFG>
                <tpImp>1</tpImp>
                <tpEmis>1</tpEmis>
                <cDV>9</cDV>
                <tpAmb>1</tpAmb>
                <finNFe>1</finNFe>
                <indFinal>1</indFinal>
                <indPres>1</indPres>
                <procEmi>0</procEmi>
                <verProc>NF-E SIMULADA</verProc>
            </ide>
            <emit>
                <CNPJ>53.826.401/0001-61</CNPJ>
                <xNome>CÂMARA E FILHOS</xNome>
            </emit>
            <dest>
                <CNPJ>43.518.026/0001-39</CNPJ>
                <xNome>LUÍSA SILVA</xNome>
            </dest>
            
    <det nItem="1">
        <prod>
            <cProd>6197434962433303</cProd>
            <xProd>NEQUE</xProd>
            <NCM>01012100</NCM>
            <CFOP>5101</CFOP>
            <uCom>UN</uCom>
            <qCom>20.686</qCom>
            <vUnCom>203.9</vUnCom>
            <vProd>4217.88</vProd>
            <rastro>
                <nLote>7940161</nLote>
                <qLote>20.686</qLote>
                <dFab>2025-08-20</dFab>
                <dVal>2025-12-19</dVal>
            </rastro>
        </prod>
        <imposto>
            <ICMS>
                <ICMS00>
                    <orig>0</orig>
                    <CST>00</CST>
                    <pICMS>18.00</pICMS>
                    <vICMS>759.22</vICMS>
                </ICMS00>
            </ICMS>
        </imposto>
    </det>
    
    <det nItem="2">
        <prod>
            <cProd>8716816362790850</cProd>
            <xProd>EVENIET</xProd>
            <NCM>01012100</NCM>
            <CFOP>5101</CFOP>
            <uCom>UN</uCom>
            <qCom>96.126</qCom>
            <vUnCom>751.11</vUnCom>
            <vProd>72201.2</vProd>
            <rastro>
                <nLote>2570424</nLote>
                <qLote>96.126</qLote>
                <dFab>2025-09-03</dFab>
                <dVal>2026-08-01</dVal>
            </rastro>
        </prod>
        <imposto>
            <ICMS>
                <ICMS00>
                    <orig>0</orig>
                    <CST>00</CST>
                    <pICMS>18.00</pICMS>
                    <vICMS>12996.22</vICMS>
                </ICMS00>
            </ICMS>
        </imposto>
    </det>
    
    <det nItem="3">
        <prod>
            <cProd>4871024913953861</cProd>
            <xProd>APERIAM</xProd>
            <NCM>01012100</NCM>
            <CFOP>5101</CFOP>
            <uCom>UN</uCom>
            <qCom>98.589</qCom>
            <vUnCom>556.38</vUnCom>
            <vProd>54852.95</vProd>
            <rastro>
                <nLote>3266293</nLote>
                <qLote>98.589</qLote>
                <dFab>2025-09-20</dFab>
                <dVal>2026-03-17</dVal>
            </rastro>
        </prod>
        <imposto>
            <ICMS>
                <ICMS00>
                    <orig>0</orig>
                    <CST>00</CST>
                    <pICMS>18.00</pICMS>
                    <vICMS>9873.53</vICMS>
                </ICMS00>
            </ICMS>
        </imposto>
    </det>
    
            <total>
                <ICMSTot>
                    <vProd>131272.03</vProd>
                    <vICMS>23628.97</vICMS>
                    <vNF>131272.03</vNF>
                </ICMSTot>
            </total>
        </infNFe>
    </NFe>
</nfeProc>
