<?xml version="1.0" encoding="UTF-8"?>
<nfeProc xmlns="http://www.portalfiscal.inf.br/nfe" versao="4.00">
    <NFe xmlns="http://www.portalfiscal.inf.br/nfe">
        <infNFe Id="NFe86924453752874706913818984150769741538014864" versao="4.00">
            <ide>
                <cUF>35</cUF>
                <cNF>56809858</cNF>
                <natOp>Compra de Mercadoria</natOp>
                <mod>55</mod>
                <serie>1</serie>
                <nNF>000103</nNF>
                <dhEmi>2025-10-31T13:11:06-03:00</dhEmi>
                <tpNF>0</tpNF>
                <idDest>1</idDest>
                <cMunFG>3550308</cMunFG>
                <tpImp>1</tpImp>
                <tpEmis>1</tpEmis>
                <cDV>8</cDV>
                <tpAmb>1</tpAmb>
                <finNFe>1</finNFe>
                <indFinal>1</indFinal>
                <indPres>1</indPres>
                <procEmi>0</procEmi>
                <verProc>NF-E SIMULADA</verProc>
            </ide>
            <emit>
                <CNPJ>79.601.345/0001-50</CNPJ>
                <xNome>PEIXOTO</xNome>
            </emit>
            <dest>
                <CNPJ>80.942.613/0001-87</CNPJ>
                <xNome>ISABELA VIANA</xNome>
            </dest>
            
    <det nItem="1">
        <prod>
            <cProd>3458490081886190</cProd>
            <xProd>VERITATIS</xProd>
            <NCM>01012100</NCM>
            <CFOP>5101</CFOP>
            <uCom>UN</uCom>
            <qCom>4.314</qCom>
            <vUnCom>275.46</vUnCom>
            <vProd>1188.33</vProd>
            <rastro>
                <nLote>9507010</nLote>
                <qLote>4.314</qLote>
                <dFab>2025-10-13</dFab>
                <dVal>2026-07-25</dVal>
            </rastro>
        </prod>
        <imposto>
            <ICMS>
                <ICMS00>
                    <orig>0</orig>
                    <CST>00</CST>
                    <pICMS>18.00</pICMS>
                    <vICMS>213.9</vICMS>
                </ICMS00>
            </ICMS>
        </imposto>
    </det>
    
    <det nItem="2">
        <prod>
            <cProd>1029676667822935</cProd>
            <xProd>ACCUSANTIUM</xProd>
            <NCM>01012100</NCM>
            <CFOP>5101</CFOP>
            <uCom>UN</uCom>
            <qCom>35.142</qCom>
            <vUnCom>592.76</vUnCom>
            <vProd>20830.77</vProd>
            <rastro>
                <nLote>3439228</nLote>
                <qLote>35.142</qLote>
                <dFab>2025-08-11</dFab>
                <dVal>2026-10-13</dVal>
            </rastro>
        </prod>
        <imposto>
            <ICMS>
                <ICMS00>
                    <orig>0</orig>
                    <CST>00</CST>
                    <pICMS>18.00</pICMS>
                    <vICMS>3749.54</vICMS>
                </ICMS00>
            </ICMS>
        </imposto>
    </det>
    
            <total>
                <ICMSTot>
                    <vProd>22019.1</vProd>
                    <vICMS>3963.44</vICMS>
                    <vNF>22019.1</vNF>
                </ICMSTot>
            </total>
        </infNFe>
    </NFe>
</nfeProc>
