<?xml version="1.0" encoding="UTF-8"?>
<nfeProc xmlns="http://www.portalfiscal.inf.br/nfe" versao="4.00">
    <NFe xmlns="http://www.portalfiscal.inf.br/nfe">
        <infNFe Id="NFe19054315528151497631156057637722766982683875" versao="4.00">
            <ide>
                <cUF>35</cUF>
                <cNF>76987810</cNF>
                <natOp>Compra de Mercadoria</natOp>
                <mod>55</mod>
                <serie>1</serie>
                <nNF>000216</nNF>
                <dhEmi>2025-10-31T13:11:06-03:00</dhEmi>
                <tpNF>0</tpNF>
                <idDest>1</idDest>
                <cMunFG>3550308</cMunFG>
                <tpImp>1</tpImp>
                <tpEmis>1</tpEmis>
                <cDV>4</cDV>
                <tpAmb>1</tpAmb>
                <finNFe>1</finNFe>
                <indFinal>1</indFinal>
                <indPres>1</indPres>
                <procEmi>0</procEmi>
                <verProc>NF-E SIMULADA</verProc>
            </ide>
            <emit>
                <CNPJ>57.214.608/0001-36</CNPJ>
                <xNome>CASTRO S/A</xNome>
            </emit>
            <dest>
                <CNPJ>08.791.265/0001-67</CNPJ>
                <xNome>PEDRO HENRIQUE JESUS</xNome>
            </dest>
            
    <det nItem="1">
        <prod>
            <cProd>7914959723586358</cProd>
            <xProd>MAGNI</xProd>
            <NCM>01012100</NCM>
            <CFOP>5101</CFOP>
            <uCom>UN</uCom>
            <qCom>46.901</qCom>
            <vUnCom>940.49</vUnCom>
            <vProd>44109.92</vProd>
            <rastro>
                <nLote>8540306</nLote>
                <qLote>46.901</qLote>
                <dFab>2025-09-05</dFab>
                <dVal>2026-10-10</dVal>
            </rastro>
        </prod>
        <imposto>
            <ICMS>
                <ICMS00>
                    <orig>0</orig>
                    <CST>00</CST>
                    <pICMS>18.00</pICMS>
                    <vICMS>7939.79</vICMS>
                </ICMS00>
            </ICMS>
        </imposto>
    </det>
    
            <total>
                <ICMSTot>
                    <vProd>44109.92</vProd>
                    <vICMS>7939.79</vICMS>
                    <vNF>44109.92</vNF>
                </ICMSTot>
            </total>
        </infNFe>
    </NFe>
</nfeProc>
