<?xml version="1.0" encoding="UTF-8"?>
<nfeProc xmlns="http://www.portalfiscal.inf.br/nfe" versao="4.00">
    <NFe xmlns="http://www.portalfiscal.inf.br/nfe">
        <infNFe Id="NFe66240167496479628815518995107824997434254168" versao="4.00">
            <ide>
                <cUF>35</cUF>
                <cNF>96292744</cNF>
                <natOp>Compra de Mercadoria</natOp>
                <mod>55</mod>
                <serie>1</serie>
                <nNF>000211</nNF>
                <dhEmi>2025-10-31T13:11:06-03:00</dhEmi>
                <tpNF>0</tpNF>
                <idDest>1</idDest>
                <cMunFG>3550308</cMunFG>
                <tpImp>1</tpImp>
                <tpEmis>1</tpEmis>
                <cDV>1</cDV>
                <tpAmb>1</tpAmb>
                <finNFe>1</finNFe>
                <indFinal>1</indFinal>
                <indPres>1</indPres>
                <procEmi>0</procEmi>
                <verProc>NF-E SIMULADA</verProc>
            </ide>
            <emit>
                <CNPJ>97.125.386/0001-08</CNPJ>
                <xNome>BARROS GUERRA - ME</xNome>
            </emit>
            <dest>
                <CNPJ>83.256.704/0001-57</CNPJ>
                <xNome>CALEB SÁ</xNome>
            </dest>
            
    <det nItem="1">
        <prod>
            <cProd>7594288363566867</cProd>
            <xProd>EXERCITATIONEM</xProd>
            <NCM>01012100</NCM>
            <CFOP>5101</CFOP>
            <uCom>UN</uCom>
            <qCom>60.481</qCom>
            <vUnCom>578.25</vUnCom>
            <vProd>34973.14</vProd>
            <rastro>
                <nLote>3508803</nLote>
                <qLote>60.481</qLote>
                <dFab>2025-09-22</dFab>
                <dVal>2026-05-14</dVal>
            </rastro>
        </prod>
        <imposto>
            <ICMS>
                <ICMS00>
                    <orig>0</orig>
                    <CST>00</CST>
                    <pICMS>18.00</pICMS>
                    <vICMS>6295.17</vICMS>
                </ICMS00>
            </ICMS>
        </imposto>
    </det>
    
            <total>
                <ICMSTot>
                    <vProd>34973.14</vProd>
                    <vICMS>6295.17</vICMS>
                    <vNF>34973.14</vNF>
                </ICMSTot>
            </total>
        </infNFe>
    </NFe>
</nfeProc>
