<?xml version="1.0" encoding="UTF-8"?>
<nfeProc xmlns="http://www.portalfiscal.inf.br/nfe" versao="4.00">
    <NFe xmlns="http://www.portalfiscal.inf.br/nfe">
        <infNFe Id="NFe30127773681268795882158011961508020874028278" versao="4.00">
            <ide>
                <cUF>35</cUF>
                <cNF>58191514</cNF>
                <natOp>Compra de Mercadoria</natOp>
                <mod>55</mod>
                <serie>1</serie>
                <nNF>000438</nNF>
                <dhEmi>2025-10-31T13:11:06-03:00</dhEmi>
                <tpNF>0</tpNF>
                <idDest>1</idDest>
                <cMunFG>3550308</cMunFG>
                <tpImp>1</tpImp>
                <tpEmis>1</tpEmis>
                <cDV>3</cDV>
                <tpAmb>1</tpAmb>
                <finNFe>1</finNFe>
                <indFinal>1</indFinal>
                <indPres>1</indPres>
                <procEmi>0</procEmi>
                <verProc>NF-E SIMULADA</verProc>
            </ide>
            <emit>
                <CNPJ>18.540.237/0001-20</CNPJ>
                <xNome>COSTA S/A</xNome>
            </emit>
            <dest>
                <CNPJ>59.462.073/0001-48</CNPJ>
                <xNome>BENTO MONTEIRO</xNome>
            </dest>
            
    <det nItem="1">
        <prod>
            <cProd>9025911262390076</cProd>
            <xProd>MAIORES</xProd>
            <NCM>01012100</NCM>
            <CFOP>5101</CFOP>
            <uCom>UN</uCom>
            <qCom>59.529</qCom>
            <vUnCom>131.97</vUnCom>
            <vProd>7856.04</vProd>
            <rastro>
                <nLote>8879845</nLote>
                <qLote>59.529</qLote>
                <dFab>2025-09-26</dFab>
                <dVal>2026-06-05</dVal>
            </rastro>
        </prod>
        <imposto>
            <ICMS>
                <ICMS00>
                    <orig>0</orig>
                    <CST>00</CST>
                    <pICMS>18.00</pICMS>
                    <vICMS>1414.09</vICMS>
                </ICMS00>
            </ICMS>
        </imposto>
    </det>
    
    <det nItem="2">
        <prod>
            <cProd>2746189883671641</cProd>
            <xProd>PORRO</xProd>
            <NCM>01012100</NCM>
            <CFOP>5101</CFOP>
            <uCom>UN</uCom>
            <qCom>38.429</qCom>
            <vUnCom>630.97</vUnCom>
            <vProd>24247.55</vProd>
            <rastro>
                <nLote>3939664</nLote>
                <qLote>38.429</qLote>
                <dFab>2025-08-05</dFab>
                <dVal>2026-04-10</dVal>
            </rastro>
        </prod>
        <imposto>
            <ICMS>
                <ICMS00>
                    <orig>0</orig>
                    <CST>00</CST>
                    <pICMS>18.00</pICMS>
                    <vICMS>4364.56</vICMS>
                </ICMS00>
            </ICMS>
        </imposto>
    </det>
    
    <det nItem="3">
        <prod>
            <cProd>6187600931540413</cProd>
            <xProd>ADIPISCI</xProd>
            <NCM>01012100</NCM>
            <CFOP>5101</CFOP>
            <uCom>UN</uCom>
            <qCom>37.128</qCom>
            <vUnCom>674.6</vUnCom>
            <vProd>25046.55</vProd>
            <rastro>
                <nLote>1105550</nLote>
                <qLote>37.128</qLote>
                <dFab>2025-09-05</dFab>
                <dVal>2026-05-16</dVal>
            </rastro>
        </prod>
        <imposto>
            <ICMS>
                <ICMS00>
                    <orig>0</orig>
                    <CST>00</CST>
                    <pICMS>18.00</pICMS>
                    <vICMS>4508.38</vICMS>
                </ICMS00>
            </ICMS>
        </imposto>
    </det>
    
    <det nItem="4">
        <prod>
            <cProd>7377911308353061</cProd>
            <xProd>EARUM</xProd>
            <NCM>01012100</NCM>
            <CFOP>5101</CFOP>
            <uCom>UN</uCom>
            <qCom>72.567</qCom>
            <vUnCom>70.27</vUnCom>
            <vProd>5099.28</vProd>
            <rastro>
                <nLote>8370595</nLote>
                <qLote>72.567</qLote>
                <dFab>2025-10-14</dFab>
                <dVal>2026-07-16</dVal>
            </rastro>
        </prod>
        <imposto>
            <ICMS>
                <ICMS00>
                    <orig>0</orig>
                    <CST>00</CST>
                    <pICMS>18.00</pICMS>
                    <vICMS>917.87</vICMS>
                </ICMS00>
            </ICMS>
        </imposto>
    </det>
    
            <total>
                <ICMSTot>
                    <vProd>62249.42</vProd>
                    <vICMS>11204.9</vICMS>
                    <vNF>62249.42</vNF>
                </ICMSTot>
            </total>
        </infNFe>
    </NFe>
</nfeProc>
