<?xml version="1.0" encoding="UTF-8"?>
<nfeProc xmlns="http://www.portalfiscal.inf.br/nfe" versao="4.00">
    <NFe xmlns="http://www.portalfiscal.inf.br/nfe">
        <infNFe Id="NFe92216602036528664583683635984544404882932114" versao="4.00">
            <ide>
                <cUF>35</cUF>
                <cNF>64841975</cNF>
                <natOp>Venda de Mercadoria</natOp>
                <mod>55</mod>
                <serie>1</serie>
                <nNF>000339</nNF>
                <dhEmi>2025-10-31T13:11:06-03:00</dhEmi>
                <tpNF>1</tpNF>
                <idDest>1</idDest>
                <cMunFG>3550308</cMunFG>
                <tpImp>1</tpImp>
                <tpEmis>1</tpEmis>
                <cDV>4</cDV>
                <tpAmb>1</tpAmb>
                <finNFe>1</finNFe>
                <indFinal>1</indFinal>
                <indPres>1</indPres>
                <procEmi>0</procEmi>
                <verProc>NF-E SIMULADA</verProc>
            </ide>
            <emit>
                <CNPJ>23.986.710/0001-38</CNPJ>
                <xNome>FARIAS</xNome>
            </emit>
            <dest>
                <CNPJ>57.480.126/0001-28</CNPJ>
                <xNome>NATHAN CIRINO</xNome>
            </dest>
            
    <det nItem="1">
        <prod>
            <cProd>6262250216962769</cProd>
            <xProd>REPREHENDERIT</xProd>
            <NCM>01012100</NCM>
            <CFOP>5101</CFOP>
            <uCom>UN</uCom>
            <qCom>56.961</qCom>
            <vUnCom>797.08</vUnCom>
            <vProd>45402.47</vProd>
            <rastro>
                <nLote>6038039</nLote>
                <qLote>56.961</qLote>
                <dFab>2025-10-06</dFab>
                <dVal>2026-07-26</dVal>
            </rastro>
        </prod>
        <imposto>
            <ICMS>
                <ICMS00>
                    <orig>0</orig>
                    <CST>00</CST>
                    <pICMS>18.00</pICMS>
                    <vICMS>8172.44</vICMS>
                </ICMS00>
            </ICMS>
        </imposto>
    </det>
    
            <total>
                <ICMSTot>
                    <vProd>45402.47</vProd>
                    <vICMS>8172.44</vICMS>
                    <vNF>45402.47</vNF>
                </ICMSTot>
            </total>
        </infNFe>
    </NFe>
</nfeProc>
