<?xml version="1.0" encoding="UTF-8"?>
<nfeProc xmlns="http://www.portalfiscal.inf.br/nfe" versao="4.00">
    <NFe xmlns="http://www.portalfiscal.inf.br/nfe">
        <infNFe Id="NFe61304959801995081339483893236124229838883189" versao="4.00">
            <ide>
                <cUF>35</cUF>
                <cNF>38932076</cNF>
                <natOp>Compra de Mercadoria</natOp>
                <mod>55</mod>
                <serie>1</serie>
                <nNF>000327</nNF>
                <dhEmi>2025-10-31T13:11:06-03:00</dhEmi>
                <tpNF>0</tpNF>
                <idDest>1</idDest>
                <cMunFG>3550308</cMunFG>
                <tpImp>1</tpImp>
                <tpEmis>1</tpEmis>
                <cDV>2</cDV>
                <tpAmb>1</tpAmb>
                <finNFe>1</finNFe>
                <indFinal>1</indFinal>
                <indPres>1</indPres>
                <procEmi>0</procEmi>
                <verProc>NF-E SIMULADA</verProc>
            </ide>
            <emit>
                <CNPJ>72.194.350/0001-47</CNPJ>
                <xNome>BARBOSA</xNome>
            </emit>
            <dest>
                <CNPJ>93.065.872/0001-19</CNPJ>
                <xNome>KAMILLY TEIXEIRA</xNome>
            </dest>
            
    <det nItem="1">
        <prod>
            <cProd>7012990289527867</cProd>
            <xProd>ISTE</xProd>
            <NCM>01012100</NCM>
            <CFOP>5101</CFOP>
            <uCom>UN</uCom>
            <qCom>79.737</qCom>
            <vUnCom>607.62</vUnCom>
            <vProd>48449.8</vProd>
            <rastro>
                <nLote>3120847</nLote>
                <qLote>79.737</qLote>
                <dFab>2025-08-01</dFab>
                <dVal>2026-02-22</dVal>
            </rastro>
        </prod>
        <imposto>
            <ICMS>
                <ICMS00>
                    <orig>0</orig>
                    <CST>00</CST>
                    <pICMS>18.00</pICMS>
                    <vICMS>8720.96</vICMS>
                </ICMS00>
            </ICMS>
        </imposto>
    </det>
    
    <det nItem="2">
        <prod>
            <cProd>3857586157958425</cProd>
            <xProd>APERIAM</xProd>
            <NCM>01012100</NCM>
            <CFOP>5101</CFOP>
            <uCom>UN</uCom>
            <qCom>2.899</qCom>
            <vUnCom>339.74</vUnCom>
            <vProd>984.91</vProd>
            <rastro>
                <nLote>6114718</nLote>
                <qLote>2.899</qLote>
                <dFab>2025-10-07</dFab>
                <dVal>2026-04-26</dVal>
            </rastro>
        </prod>
        <imposto>
            <ICMS>
                <ICMS00>
                    <orig>0</orig>
                    <CST>00</CST>
                    <pICMS>18.00</pICMS>
                    <vICMS>177.28</vICMS>
                </ICMS00>
            </ICMS>
        </imposto>
    </det>
    
            <total>
                <ICMSTot>
                    <vProd>49434.71</vProd>
                    <vICMS>8898.25</vICMS>
                    <vNF>49434.71</vNF>
                </ICMSTot>
            </total>
        </infNFe>
    </NFe>
</nfeProc>
