<?xml version="1.0" encoding="UTF-8"?>
<nfeProc xmlns="http://www.portalfiscal.inf.br/nfe" versao="4.00">
    <NFe xmlns="http://www.portalfiscal.inf.br/nfe">
        <infNFe Id="NFe99164174274043770188648219366460394761982741" versao="4.00">
            <ide>
                <cUF>35</cUF>
                <cNF>73015373</cNF>
                <natOp>Compra de Mercadoria</natOp>
                <mod>55</mod>
                <serie>1</serie>
                <nNF>000457</nNF>
                <dhEmi>2025-10-31T13:11:06-03:00</dhEmi>
                <tpNF>0</tpNF>
                <idDest>1</idDest>
                <cMunFG>3550308</cMunFG>
                <tpImp>1</tpImp>
                <tpEmis>1</tpEmis>
                <cDV>6</cDV>
                <tpAmb>1</tpAmb>
                <finNFe>1</finNFe>
                <indFinal>1</indFinal>
                <indPres>1</indPres>
                <procEmi>0</procEmi>
                <verProc>NF-E SIMULADA</verProc>
            </ide>
            <emit>
                <CNPJ>03.259.876/0001-45</CNPJ>
                <xNome>CÂMARA LTDA.</xNome>
            </emit>
            <dest>
                <CNPJ>74.608.913/0001-21</CNPJ>
                <xNome>MARIA LIZ NOGUEIRA</xNome>
            </dest>
            
    <det nItem="1">
        <prod>
            <cProd>4362983176047952</cProd>
            <xProd>EVENIET</xProd>
            <NCM>01012100</NCM>
            <CFOP>5101</CFOP>
            <uCom>UN</uCom>
            <qCom>56.398</qCom>
            <vUnCom>379.47</vUnCom>
            <vProd>21401.35</vProd>
            <rastro>
                <nLote>8938783</nLote>
                <qLote>56.398</qLote>
                <dFab>2025-08-06</dFab>
                <dVal>2026-04-09</dVal>
            </rastro>
        </prod>
        <imposto>
            <ICMS>
                <ICMS00>
                    <orig>0</orig>
                    <CST>00</CST>
                    <pICMS>18.00</pICMS>
                    <vICMS>3852.24</vICMS>
                </ICMS00>
            </ICMS>
        </imposto>
    </det>
    
    <det nItem="2">
        <prod>
            <cProd>5891012301377930</cProd>
            <xProd>EVENIET</xProd>
            <NCM>01012100</NCM>
            <CFOP>5101</CFOP>
            <uCom>UN</uCom>
            <qCom>58.858</qCom>
            <vUnCom>541.57</vUnCom>
            <vProd>31875.73</vProd>
            <rastro>
                <nLote>7006985</nLote>
                <qLote>58.858</qLote>
                <dFab>2025-07-31</dFab>
                <dVal>2026-01-25</dVal>
            </rastro>
        </prod>
        <imposto>
            <ICMS>
                <ICMS00>
                    <orig>0</orig>
                    <CST>00</CST>
                    <pICMS>18.00</pICMS>
                    <vICMS>5737.63</vICMS>
                </ICMS00>
            </ICMS>
        </imposto>
    </det>
    
    <det nItem="3">
        <prod>
            <cProd>5469800801619647</cProd>
            <xProd>EAQUE</xProd>
            <NCM>01012100</NCM>
            <CFOP>5101</CFOP>
            <uCom>UN</uCom>
            <qCom>63.367</qCom>
            <vUnCom>553.3</vUnCom>
            <vProd>35060.96</vProd>
            <rastro>
                <nLote>2244318</nLote>
                <qLote>63.367</qLote>
                <dFab>2025-10-24</dFab>
                <dVal>2026-01-09</dVal>
            </rastro>
        </prod>
        <imposto>
            <ICMS>
                <ICMS00>
                    <orig>0</orig>
                    <CST>00</CST>
                    <pICMS>18.00</pICMS>
                    <vICMS>6310.97</vICMS>
                </ICMS00>
            </ICMS>
        </imposto>
    </det>
    
    <det nItem="4">
        <prod>
            <cProd>1785641088900297</cProd>
            <xProd>VITAE</xProd>
            <NCM>01012100</NCM>
            <CFOP>5101</CFOP>
            <uCom>UN</uCom>
            <qCom>88.48</qCom>
            <vUnCom>237.94</vUnCom>
            <vProd>21052.93</vProd>
            <rastro>
                <nLote>9674449</nLote>
                <qLote>88.48</qLote>
                <dFab>2025-08-26</dFab>
                <dVal>2025-12-19</dVal>
            </rastro>
        </prod>
        <imposto>
            <ICMS>
                <ICMS00>
                    <orig>0</orig>
                    <CST>00</CST>
                    <pICMS>18.00</pICMS>
                    <vICMS>3789.53</vICMS>
                </ICMS00>
            </ICMS>
        </imposto>
    </det>
    
            <total>
                <ICMSTot>
                    <vProd>109390.97</vProd>
                    <vICMS>19690.37</vICMS>
                    <vNF>109390.97</vNF>
                </ICMSTot>
            </total>
        </infNFe>
    </NFe>
</nfeProc>
