<?xml version="1.0" encoding="UTF-8"?>
<nfeProc xmlns="http://www.portalfiscal.inf.br/nfe" versao="4.00">
    <NFe xmlns="http://www.portalfiscal.inf.br/nfe">
        <infNFe Id="NFe20432395816128639678985831669319365615027474" versao="4.00">
            <ide>
                <cUF>35</cUF>
                <cNF>87581150</cNF>
                <natOp>Venda de Mercadoria</natOp>
                <mod>55</mod>
                <serie>1</serie>
                <nNF>000207</nNF>
                <dhEmi>2025-10-31T13:11:06-03:00</dhEmi>
                <tpNF>1</tpNF>
                <idDest>1</idDest>
                <cMunFG>3550308</cMunFG>
                <tpImp>1</tpImp>
                <tpEmis>1</tpEmis>
                <cDV>3</cDV>
                <tpAmb>1</tpAmb>
                <finNFe>1</finNFe>
                <indFinal>1</indFinal>
                <indPres>1</indPres>
                <procEmi>0</procEmi>
                <verProc>NF-E SIMULADA</verProc>
            </ide>
            <emit>
                <CNPJ>07.369.825/0001-27</CNPJ>
                <xNome>DA MOTA</xNome>
            </emit>
            <dest>
                <CNPJ>27.985.314/0001-47</CNPJ>
                <xNome>LAÍS LIMA</xNome>
            </dest>
            
    <det nItem="1">
        <prod>
            <cProd>1128580186222563</cProd>
            <xProd>REPELLENDUS</xProd>
            <NCM>01012100</NCM>
            <CFOP>5101</CFOP>
            <uCom>UN</uCom>
            <qCom>93.682</qCom>
            <vUnCom>934.87</vUnCom>
            <vProd>87580.49</vProd>
            <rastro>
                <nLote>2819084</nLote>
                <qLote>93.682</qLote>
                <dFab>2025-08-13</dFab>
                <dVal>2025-12-14</dVal>
            </rastro>
        </prod>
        <imposto>
            <ICMS>
                <ICMS00>
                    <orig>0</orig>
                    <CST>00</CST>
                    <pICMS>18.00</pICMS>
                    <vICMS>15764.49</vICMS>
                </ICMS00>
            </ICMS>
        </imposto>
    </det>
    
    <det nItem="2">
        <prod>
            <cProd>1221274426635729</cProd>
            <xProd>ALIQUAM</xProd>
            <NCM>01012100</NCM>
            <CFOP>5101</CFOP>
            <uCom>UN</uCom>
            <qCom>97.249</qCom>
            <vUnCom>131.32</vUnCom>
            <vProd>12770.74</vProd>
            <rastro>
                <nLote>5690845</nLote>
                <qLote>97.249</qLote>
                <dFab>2025-08-24</dFab>
                <dVal>2026-01-01</dVal>
            </rastro>
        </prod>
        <imposto>
            <ICMS>
                <ICMS00>
                    <orig>0</orig>
                    <CST>00</CST>
                    <pICMS>18.00</pICMS>
                    <vICMS>2298.73</vICMS>
                </ICMS00>
            </ICMS>
        </imposto>
    </det>
    
    <det nItem="3">
        <prod>
            <cProd>6065813600740300</cProd>
            <xProd>DELECTUS</xProd>
            <NCM>01012100</NCM>
            <CFOP>5101</CFOP>
            <uCom>UN</uCom>
            <qCom>83.368</qCom>
            <vUnCom>824.83</vUnCom>
            <vProd>68764.43</vProd>
            <rastro>
                <nLote>7199254</nLote>
                <qLote>83.368</qLote>
                <dFab>2025-09-24</dFab>
                <dVal>2026-06-08</dVal>
            </rastro>
        </prod>
        <imposto>
            <ICMS>
                <ICMS00>
                    <orig>0</orig>
                    <CST>00</CST>
                    <pICMS>18.00</pICMS>
                    <vICMS>12377.6</vICMS>
                </ICMS00>
            </ICMS>
        </imposto>
    </det>
    
            <total>
                <ICMSTot>
                    <vProd>169115.66</vProd>
                    <vICMS>30440.82</vICMS>
                    <vNF>169115.66</vNF>
                </ICMSTot>
            </total>
        </infNFe>
    </NFe>
</nfeProc>
