<?xml version="1.0" encoding="UTF-8"?>
<nfeProc xmlns="http://www.portalfiscal.inf.br/nfe" versao="4.00">
    <NFe xmlns="http://www.portalfiscal.inf.br/nfe">
        <infNFe Id="NFe77366470619133670409156057015527953718942767" versao="4.00">
            <ide>
                <cUF>35</cUF>
                <cNF>19152297</cNF>
                <natOp>Venda de Mercadoria</natOp>
                <mod>55</mod>
                <serie>1</serie>
                <nNF>000100</nNF>
                <dhEmi>2025-10-31T13:11:06-03:00</dhEmi>
                <tpNF>1</tpNF>
                <idDest>1</idDest>
                <cMunFG>3550308</cMunFG>
                <tpImp>1</tpImp>
                <tpEmis>1</tpEmis>
                <cDV>2</cDV>
                <tpAmb>1</tpAmb>
                <finNFe>1</finNFe>
                <indFinal>1</indFinal>
                <indPres>1</indPres>
                <procEmi>0</procEmi>
                <verProc>NF-E SIMULADA</verProc>
            </ide>
            <emit>
                <CNPJ>73.821.590/0001-97</CNPJ>
                <xNome>FREITAS</xNome>
            </emit>
            <dest>
                <CNPJ>38.567.192/0001-95</CNPJ>
                <xNome>SOFIA DA ROSA</xNome>
            </dest>
            
    <det nItem="1">
        <prod>
            <cProd>8398917920505047</cProd>
            <xProd>CORPORIS</xProd>
            <NCM>01012100</NCM>
            <CFOP>5101</CFOP>
            <uCom>UN</uCom>
            <qCom>42.296</qCom>
            <vUnCom>587.66</vUnCom>
            <vProd>24855.67</vProd>
            <rastro>
                <nLote>7425002</nLote>
                <qLote>42.296</qLote>
                <dFab>2025-10-06</dFab>
                <dVal>2026-10-05</dVal>
            </rastro>
        </prod>
        <imposto>
            <ICMS>
                <ICMS00>
                    <orig>0</orig>
                    <CST>00</CST>
                    <pICMS>18.00</pICMS>
                    <vICMS>4474.02</vICMS>
                </ICMS00>
            </ICMS>
        </imposto>
    </det>
    
    <det nItem="2">
        <prod>
            <cProd>9790628837954602</cProd>
            <xProd>BLANDITIIS</xProd>
            <NCM>01012100</NCM>
            <CFOP>5101</CFOP>
            <uCom>UN</uCom>
            <qCom>91.741</qCom>
            <vUnCom>272.88</vUnCom>
            <vProd>25034.28</vProd>
            <rastro>
                <nLote>6863921</nLote>
                <qLote>91.741</qLote>
                <dFab>2025-09-12</dFab>
                <dVal>2026-05-27</dVal>
            </rastro>
        </prod>
        <imposto>
            <ICMS>
                <ICMS00>
                    <orig>0</orig>
                    <CST>00</CST>
                    <pICMS>18.00</pICMS>
                    <vICMS>4506.17</vICMS>
                </ICMS00>
            </ICMS>
        </imposto>
    </det>
    
            <total>
                <ICMSTot>
                    <vProd>49889.95</vProd>
                    <vICMS>8980.19</vICMS>
                    <vNF>49889.95</vNF>
                </ICMSTot>
            </total>
        </infNFe>
    </NFe>
</nfeProc>
