<?xml version="1.0" encoding="UTF-8"?>
<nfeProc xmlns="http://www.portalfiscal.inf.br/nfe" versao="4.00">
    <NFe xmlns="http://www.portalfiscal.inf.br/nfe">
        <infNFe Id="NFe78277990155672572817375911982545673256960525" versao="4.00">
            <ide>
                <cUF>35</cUF>
                <cNF>48466581</cNF>
                <natOp>Venda de Mercadoria</natOp>
                <mod>55</mod>
                <serie>1</serie>
                <nNF>000019</nNF>
                <dhEmi>2025-10-31T13:11:06-03:00</dhEmi>
                <tpNF>1</tpNF>
                <idDest>1</idDest>
                <cMunFG>3550308</cMunFG>
                <tpImp>1</tpImp>
                <tpEmis>1</tpEmis>
                <cDV>7</cDV>
                <tpAmb>1</tpAmb>
                <finNFe>1</finNFe>
                <indFinal>1</indFinal>
                <indPres>1</indPres>
                <procEmi>0</procEmi>
                <verProc>NF-E SIMULADA</verProc>
            </ide>
            <emit>
                <CNPJ>56.041.283/0001-74</CNPJ>
                <xNome>NOVAES E FILHOS</xNome>
            </emit>
            <dest>
                <CNPJ>13.628.950/0001-07</CNPJ>
                <xNome>NATHAN DAS NEVES</xNome>
            </dest>
            
    <det nItem="1">
        <prod>
            <cProd>9161660449647128</cProd>
            <xProd>REPREHENDERIT</xProd>
            <NCM>01012100</NCM>
            <CFOP>5101</CFOP>
            <uCom>UN</uCom>
            <qCom>88.583</qCom>
            <vUnCom>95.47</vUnCom>
            <vProd>8457.02</vProd>
            <rastro>
                <nLote>9589706</nLote>
                <qLote>88.583</qLote>
                <dFab>2025-09-04</dFab>
                <dVal>2026-06-29</dVal>
            </rastro>
        </prod>
        <imposto>
            <ICMS>
                <ICMS00>
                    <orig>0</orig>
                    <CST>00</CST>
                    <pICMS>18.00</pICMS>
                    <vICMS>1522.26</vICMS>
                </ICMS00>
            </ICMS>
        </imposto>
    </det>
    
    <det nItem="2">
        <prod>
            <cProd>5897332989607852</cProd>
            <xProd>OFFICIA</xProd>
            <NCM>01012100</NCM>
            <CFOP>5101</CFOP>
            <uCom>UN</uCom>
            <qCom>10.13</qCom>
            <vUnCom>922.23</vUnCom>
            <vProd>9342.19</vProd>
            <rastro>
                <nLote>8425222</nLote>
                <qLote>10.13</qLote>
                <dFab>2025-08-19</dFab>
                <dVal>2026-08-24</dVal>
            </rastro>
        </prod>
        <imposto>
            <ICMS>
                <ICMS00>
                    <orig>0</orig>
                    <CST>00</CST>
                    <pICMS>18.00</pICMS>
                    <vICMS>1681.59</vICMS>
                </ICMS00>
            </ICMS>
        </imposto>
    </det>
    
    <det nItem="3">
        <prod>
            <cProd>8545672534420662</cProd>
            <xProd>NEMO</xProd>
            <NCM>01012100</NCM>
            <CFOP>5101</CFOP>
            <uCom>UN</uCom>
            <qCom>36.619</qCom>
            <vUnCom>131.81</vUnCom>
            <vProd>4826.75</vProd>
            <rastro>
                <nLote>3548183</nLote>
                <qLote>36.619</qLote>
                <dFab>2025-08-26</dFab>
                <dVal>2026-06-12</dVal>
            </rastro>
        </prod>
        <imposto>
            <ICMS>
                <ICMS00>
                    <orig>0</orig>
                    <CST>00</CST>
                    <pICMS>18.00</pICMS>
                    <vICMS>868.81</vICMS>
                </ICMS00>
            </ICMS>
        </imposto>
    </det>
    
            <total>
                <ICMSTot>
                    <vProd>22625.96</vProd>
                    <vICMS>4072.67</vICMS>
                    <vNF>22625.96</vNF>
                </ICMSTot>
            </total>
        </infNFe>
    </NFe>
</nfeProc>
