<?xml version="1.0" encoding="UTF-8"?>
<nfeProc xmlns="http://www.portalfiscal.inf.br/nfe" versao="4.00">
    <NFe xmlns="http://www.portalfiscal.inf.br/nfe">
        <infNFe Id="NFe95746899042531278490824791655785821141030589" versao="4.00">
            <ide>
                <cUF>35</cUF>
                <cNF>16162546</cNF>
                <natOp>Venda de Mercadoria</natOp>
                <mod>55</mod>
                <serie>1</serie>
                <nNF>000170</nNF>
                <dhEmi>2025-10-31T13:11:06-03:00</dhEmi>
                <tpNF>1</tpNF>
                <idDest>1</idDest>
                <cMunFG>3550308</cMunFG>
                <tpImp>1</tpImp>
                <tpEmis>1</tpEmis>
                <cDV>4</cDV>
                <tpAmb>1</tpAmb>
                <finNFe>1</finNFe>
                <indFinal>1</indFinal>
                <indPres>1</indPres>
                <procEmi>0</procEmi>
                <verProc>NF-E SIMULADA</verProc>
            </ide>
            <emit>
                <CNPJ>65.192.384/0001-37</CNPJ>
                <xNome>JESUS</xNome>
            </emit>
            <dest>
                <CNPJ>02.941.536/0001-37</CNPJ>
                <xNome>ARTHUR LOPES</xNome>
            </dest>
            
    <det nItem="1">
        <prod>
            <cProd>5100994016890524</cProd>
            <xProd>VOLUPTATE</xProd>
            <NCM>01012100</NCM>
            <CFOP>5101</CFOP>
            <uCom>UN</uCom>
            <qCom>6.34</qCom>
            <vUnCom>793.91</vUnCom>
            <vProd>5033.39</vProd>
            <rastro>
                <nLote>9333624</nLote>
                <qLote>6.34</qLote>
                <dFab>2025-08-01</dFab>
                <dVal>2026-05-20</dVal>
            </rastro>
        </prod>
        <imposto>
            <ICMS>
                <ICMS00>
                    <orig>0</orig>
                    <CST>00</CST>
                    <pICMS>18.00</pICMS>
                    <vICMS>906.01</vICMS>
                </ICMS00>
            </ICMS>
        </imposto>
    </det>
    
    <det nItem="2">
        <prod>
            <cProd>3387694754644269</cProd>
            <xProd>QUO</xProd>
            <NCM>01012100</NCM>
            <CFOP>5101</CFOP>
            <uCom>UN</uCom>
            <qCom>6.265</qCom>
            <vUnCom>586.08</vUnCom>
            <vProd>3671.79</vProd>
            <rastro>
                <nLote>6519757</nLote>
                <qLote>6.265</qLote>
                <dFab>2025-10-12</dFab>
                <dVal>2026-10-17</dVal>
            </rastro>
        </prod>
        <imposto>
            <ICMS>
                <ICMS00>
                    <orig>0</orig>
                    <CST>00</CST>
                    <pICMS>18.00</pICMS>
                    <vICMS>660.92</vICMS>
                </ICMS00>
            </ICMS>
        </imposto>
    </det>
    
            <total>
                <ICMSTot>
                    <vProd>8705.18</vProd>
                    <vICMS>1566.93</vICMS>
                    <vNF>8705.18</vNF>
                </ICMSTot>
            </total>
        </infNFe>
    </NFe>
</nfeProc>
